--- Logging error ---
Traceback (most recent call last):
  File "C:\Users\AYESHA RAHMAN\murf-livekit-starter\backend\.venv\Lib\site-packages\livekit\agents\cli\cli.py", line 951, in emit
    self.c.console.print(extra_line)
    ~~~~~~~~~~~~~~~~~~~~^^^^^^^^^^^^
  File "C:\Users\AYESHA RAHMAN\murf-livekit-starter\backend\.venv\Lib\site-packages\rich\console.py", line 1697, in print
    with self:
         ^^^^
  File "C:\Users\AYESHA RAHMAN\murf-livekit-starter\backend\.venv\Lib\site-packages\rich\console.py", line 870, in __exit__
    self._exit_buffer()
    ~~~~~~~~~~~~~~~~~^^
  File "C:\Users\AYESHA RAHMAN\murf-livekit-starter\backend\.venv\Lib\site-packages\rich\console.py", line 826, in _exit_buffer
    self._check_buffer()
    ~~~~~~~~~~~~~~~~~~^^
  File "C:\Users\AYESHA RAHMAN\murf-livekit-starter\backend\.venv\Lib\site-packages\rich\console.py", line 2042, in _check_buffer
    self._write_buffer()
    ~~~~~~~~~~~~~~~~~~^^
  File "C:\Users\AYESHA RAHMAN\murf-livekit-starter\backend\.venv\Lib\site-packages\rich\console.py", line 2078, in _write_buffer
    legacy_windows_render(buffer, LegacyWindowsTerm(self.file))
    ~~~~~~~~~~~~~~~~~~~~~^^^^^^^^^^^^^^^^^^^^^^^^^^^^^^^^^^^^^^
  File "C:\Users\AYESHA RAHMAN\murf-livekit-starter\backend\.venv\Lib\site-packages\rich\_windows_renderer.py", line 17, in legacy_windows_render
    term.write_styled(text, style)
    ~~~~~~~~~~~~~~~~~^^^^^^^^^^^^^
  File "C:\Users\AYESHA RAHMAN\murf-livekit-starter\backend\.venv\Lib\site-packages\rich\_win32_console.py", line 441, in write_styled
    self.write_text(text)
    ~~~~~~~~~~~~~~~^^^^^^
  File "C:\Users\AYESHA RAHMAN\murf-livekit-starter\backend\.venv\Lib\site-packages\rich\_win32_console.py", line 402, in write_text
    self.write(text)
    ~~~~~~~~~~^^^^^^
  File "C:\Users\AYESHA RAHMAN\murf-livekit-starter\backend\.uv-python\cpython-3.13-windows-x86_64-none\Lib\encodings\cp1252.py", line 19, in encode
    return codecs.charmap_encode(input,self.errors,encoding_table)[0]
           ~~~~~~~~~~~~~~~~~~~~~^^^^^^^^^^^^^^^^^^^^^^^^^^^^^^^^^^
UnicodeEncodeError: 'charmap' codec can't encode character '\u20b9' in position 28: character maps to <undefined>
Call stack:
  File "C:\Users\AYESHA RAHMAN\murf-livekit-starter\backend\.uv-python\cpython-3.13-windows-x86_64-none\Lib\threading.py", line 1015, in _bootstrap
    self._bootstrap_inner()
  File "C:\Users\AYESHA RAHMAN\murf-livekit-starter\backend\.uv-python\cpython-3.13-windows-x86_64-none\Lib\threading.py", line 1044, in _bootstrap_inner
    self.run()
  File "C:\Users\AYESHA RAHMAN\murf-livekit-starter\backend\.uv-python\cpython-3.13-windows-x86_64-none\Lib\threading.py", line 995, in run
    self._target(*self._args, **self._kwargs)
  File "C:\Users\AYESHA RAHMAN\murf-livekit-starter\backend\.venv\Lib\site-packages\livekit\agents\ipc\job_proc_lazy_main.py", line 418, in thread_main
    client.run()
  File "C:\Users\AYESHA RAHMAN\murf-livekit-starter\backend\.venv\Lib\site-packages\livekit\agents\ipc\proc_client.py", line 70, in run
    loop.run_until_complete(self._task)
  File "C:\Users\AYESHA RAHMAN\murf-livekit-starter\backend\.uv-python\cpython-3.13-windows-x86_64-none\Lib\asyncio\base_events.py", line 712, in run_until_complete
    self.run_forever()
  File "C:\Users\AYESHA RAHMAN\murf-livekit-starter\backend\.uv-python\cpython-3.13-windows-x86_64-none\Lib\asyncio\base_events.py", line 683, in run_forever
    self._run_once()
  File "C:\Users\AYESHA RAHMAN\murf-livekit-starter\backend\.uv-python\cpython-3.13-windows-x86_64-none\Lib\asyncio\base_events.py", line 2060, in _run_once
    handle._run()
  File "C:\Users\AYESHA RAHMAN\murf-livekit-starter\backend\.uv-python\cpython-3.13-windows-x86_64-none\Lib\asyncio\events.py", line 89, in _run
    self._context.run(self._callback, *self._args)
  File "C:\Users\AYESHA RAHMAN\murf-livekit-starter\backend\.venv\Lib\site-packages\livekit\agents\tts\stream_pacer.py", line 149, in _send_task
    logger.debug(
  File "C:\Users\AYESHA RAHMAN\murf-livekit-starter\backend\.uv-python\cpython-3.13-windows-x86_64-none\Lib\logging\__init__.py", line 1508, in debug
    self._log(DEBUG, msg, args, **kwargs)
  File "C:\Users\AYESHA RAHMAN\murf-livekit-starter\backend\.uv-python\cpython-3.13-windows-x86_64-none\Lib\logging\__init__.py", line 1665, in _log
    self.handle(record)
  File "C:\Users\AYESHA RAHMAN\murf-livekit-starter\backend\.uv-python\cpython-3.13-windows-x86_64-none\Lib\logging\__init__.py", line 1681, in handle
    self.callHandlers(record)
  File "C:\Users\AYESHA RAHMAN\murf-livekit-starter\backend\.uv-python\cpython-3.13-windows-x86_64-none\Lib\logging\__init__.py", line 1737, in callHandlers
    hdlr.handle(record)
  File "C:\Users\AYESHA RAHMAN\murf-livekit-starter\backend\.uv-python\cpython-3.13-windows-x86_64-none\Lib\logging\__init__.py", line 1027, in handle
    self.emit(record)
  File "C:\Users\AYESHA RAHMAN\murf-livekit-starter\backend\.venv\Lib\site-packages\livekit\agents\cli\cli.py", line 957, in emit
    self.handleError(record)
Message: 'sent text to tts'
Arguments: ()
--- Logging error ---
Traceback (most recent call last):
  File "C:\Users\AYESHA RAHMAN\murf-livekit-starter\backend\.venv\Lib\site-packages\livekit\agents\cli\cli.py", line 944, in emit
    self.c.console.print(output)
    ~~~~~~~~~~~~~~~~~~~~^^^^^^^^
  File "C:\Users\AYESHA RAHMAN\murf-livekit-starter\backend\.venv\Lib\site-packages\rich\console.py", line 1697, in print
    with self:
         ^^^^
  File "C:\Users\AYESHA RAHMAN\murf-livekit-starter\backend\.venv\Lib\site-packages\rich\console.py", line 870, in __exit__
    self._exit_buffer()
    ~~~~~~~~~~~~~~~~~^^
  File "C:\Users\AYESHA RAHMAN\murf-livekit-starter\backend\.venv\Lib\site-packages\rich\console.py", line 826, in _exit_buffer
    self._check_buffer()
    ~~~~~~~~~~~~~~~~~~^^
  File "C:\Users\AYESHA RAHMAN\murf-livekit-starter\backend\.venv\Lib\site-packages\rich\console.py", line 2042, in _check_buffer
    self._write_buffer()
    ~~~~~~~~~~~~~~~~~~^^
  File "C:\Users\AYESHA RAHMAN\murf-livekit-starter\backend\.venv\Lib\site-packages\rich\console.py", line 2078, in _write_buffer
    legacy_windows_render(buffer, LegacyWindowsTerm(self.file))
    ~~~~~~~~~~~~~~~~~~~~~^^^^^^^^^^^^^^^^^^^^^^^^^^^^^^^^^^^^^^
  File "C:\Users\AYESHA RAHMAN\murf-livekit-starter\backend\.venv\Lib\site-packages\rich\_windows_renderer.py", line 17, in legacy_windows_render
    term.write_styled(text, style)
    ~~~~~~~~~~~~~~~~~^^^^^^^^^^^^^
  File "C:\Users\AYESHA RAHMAN\murf-livekit-starter\backend\.venv\Lib\site-packages\rich\_win32_console.py", line 441, in write_styled
    self.write_text(text)
    ~~~~~~~~~~~~~~~^^^^^^
  File "C:\Users\AYESHA RAHMAN\murf-livekit-starter\backend\.venv\Lib\site-packages\rich\_win32_console.py", line 402, in write_text
    self.write(text)
    ~~~~~~~~~~^^^^^^
  File "C:\Users\AYESHA RAHMAN\murf-livekit-starter\backend\.uv-python\cpython-3.13-windows-x86_64-none\Lib\encodings\cp1252.py", line 19, in encode
    return codecs.charmap_encode(input,self.errors,encoding_table)[0]
           ~~~~~~~~~~~~~~~~~~~~~^^^^^^^^^^^^^^^^^^^^^^^^^^^^^^^^^^
UnicodeEncodeError: 'charmap' codec can't encode character '\u20b9' in position 28: character maps to <undefined>
Call stack:
  File "C:\Users\AYESHA RAHMAN\murf-livekit-starter\backend\.uv-python\cpython-3.13-windows-x86_64-none\Lib\threading.py", line 1015, in _bootstrap
    self._bootstrap_inner()
  File "C:\Users\AYESHA RAHMAN\murf-livekit-starter\backend\.uv-python\cpython-3.13-windows-x86_64-none\Lib\threading.py", line 1044, in _bootstrap_inner
    self.run()
  File "C:\Users\AYESHA RAHMAN\murf-livekit-starter\backend\.uv-python\cpython-3.13-windows-x86_64-none\Lib\threading.py", line 995, in run
    self._target(*self._args, **self._kwargs)
  File "C:\Users\AYESHA RAHMAN\murf-livekit-starter\backend\.venv\Lib\site-packages\livekit\agents\ipc\job_proc_lazy_main.py", line 418, in thread_main
    client.run()
  File "C:\Users\AYESHA RAHMAN\murf-livekit-starter\backend\.venv\Lib\site-packages\livekit\agents\ipc\proc_client.py", line 70, in run
    loop.run_until_complete(self._task)
  File "C:\Users\AYESHA RAHMAN\murf-livekit-starter\backend\.uv-python\cpython-3.13-windows-x86_64-none\Lib\asyncio\base_events.py", line 712, in run_until_complete
    self.run_forever()
  File "C:\Users\AYESHA RAHMAN\murf-livekit-starter\backend\.uv-python\cpython-3.13-windows-x86_64-none\Lib\asyncio\base_events.py", line 683, in run_forever
    self._run_once()
  File "C:\Users\AYESHA RAHMAN\murf-livekit-starter\backend\.uv-python\cpython-3.13-windows-x86_64-none\Lib\asyncio\base_events.py", line 2060, in _run_once
    handle._run()
  File "C:\Users\AYESHA RAHMAN\murf-livekit-starter\backend\.uv-python\cpython-3.13-windows-x86_64-none\Lib\asyncio\events.py", line 89, in _run
    self._context.run(self._callback, *self._args)
  File "C:\Users\AYESHA RAHMAN\murf-livekit-starter\backend\.venv\Lib\site-packages\livekit\agents\tts\tts.py", line 859, in _flush
    logger.debug("flush audio emitter due to slow audio generation")
  File "C:\Users\AYESHA RAHMAN\murf-livekit-starter\backend\.uv-python\cpython-3.13-windows-x86_64-none\Lib\logging\__init__.py", line 1508, in debug
    self._log(DEBUG, msg, args, **kwargs)
  File "C:\Users\AYESHA RAHMAN\murf-livekit-starter\backend\.uv-python\cpython-3.13-windows-x86_64-none\Lib\logging\__init__.py", line 1665, in _log
    self.handle(record)
  File "C:\Users\AYESHA RAHMAN\murf-livekit-starter\backend\.uv-python\cpython-3.13-windows-x86_64-none\Lib\logging\__init__.py", line 1681, in handle
    self.callHandlers(record)
  File "C:\Users\AYESHA RAHMAN\murf-livekit-starter\backend\.uv-python\cpython-3.13-windows-x86_64-none\Lib\logging\__init__.py", line 1737, in callHandlers
    hdlr.handle(record)
  File "C:\Users\AYESHA RAHMAN\murf-livekit-starter\backend\.uv-python\cpython-3.13-windows-x86_64-none\Lib\logging\__init__.py", line 1027, in handle
    self.emit(record)
  File "C:\Users\AYESHA RAHMAN\murf-livekit-starter\backend\.venv\Lib\site-packages\livekit\agents\cli\cli.py", line 957, in emit
    self.handleError(record)
Message: 'flush audio emitter due to slow audio generation'
Arguments: ()
--- Logging error ---
Traceback (most recent call last):
  File "C:\Users\AYESHA RAHMAN\murf-livekit-starter\backend\.venv\Lib\site-packages\livekit\agents\cli\cli.py", line 944, in emit
    self.c.console.print(output)
    ~~~~~~~~~~~~~~~~~~~~^^^^^^^^
  File "C:\Users\AYESHA RAHMAN\murf-livekit-starter\backend\.venv\Lib\site-packages\rich\console.py", line 1697, in print
    with self:
         ^^^^
  File "C:\Users\AYESHA RAHMAN\murf-livekit-starter\backend\.venv\Lib\site-packages\rich\console.py", line 870, in __exit__
    self._exit_buffer()
    ~~~~~~~~~~~~~~~~~^^
  File "C:\Users\AYESHA RAHMAN\murf-livekit-starter\backend\.venv\Lib\site-packages\rich\console.py", line 826, in _exit_buffer
    self._check_buffer()
    ~~~~~~~~~~~~~~~~~~^^
  File "C:\Users\AYESHA RAHMAN\murf-livekit-starter\backend\.venv\Lib\site-packages\rich\console.py", line 2042, in _check_buffer
    self._write_buffer()
    ~~~~~~~~~~~~~~~~~~^^
  File "C:\Users\AYESHA RAHMAN\murf-livekit-starter\backend\.venv\Lib\site-packages\rich\console.py", line 2078, in _write_buffer
    legacy_windows_render(buffer, LegacyWindowsTerm(self.file))
    ~~~~~~~~~~~~~~~~~~~~~^^^^^^^^^^^^^^^^^^^^^^^^^^^^^^^^^^^^^^
  File "C:\Users\AYESHA RAHMAN\murf-livekit-starter\backend\.venv\Lib\site-packages\rich\_windows_renderer.py", line 17, in legacy_windows_render
    term.write_styled(text, style)
    ~~~~~~~~~~~~~~~~~^^^^^^^^^^^^^
  File "C:\Users\AYESHA RAHMAN\murf-livekit-starter\backend\.venv\Lib\site-packages\rich\_win32_console.py", line 441, in write_styled
    self.write_text(text)
    ~~~~~~~~~~~~~~~^^^^^^
  File "C:\Users\AYESHA RAHMAN\murf-livekit-starter\backend\.venv\Lib\site-packages\rich\_win32_console.py", line 402, in write_text
    self.write(text)
    ~~~~~~~~~~^^^^^^
  File "C:\Users\AYESHA RAHMAN\murf-livekit-starter\backend\.uv-python\cpython-3.13-windows-x86_64-none\Lib\encodings\cp1252.py", line 19, in encode
    return codecs.charmap_encode(input,self.errors,encoding_table)[0]
           ~~~~~~~~~~~~~~~~~~~~~^^^^^^^^^^^^^^^^^^^^^^^^^^^^^^^^^^
UnicodeEncodeError: 'charmap' codec can't encode character '\u20b9' in position 28: character maps to <undefined>
Call stack:
  File "C:\Users\AYESHA RAHMAN\murf-livekit-starter\backend\.uv-python\cpython-3.13-windows-x86_64-none\Lib\threading.py", line 1015, in _bootstrap
    self._bootstrap_inner()
  File "C:\Users\AYESHA RAHMAN\murf-livekit-starter\backend\.uv-python\cpython-3.13-windows-x86_64-none\Lib\threading.py", line 1044, in _bootstrap_inner
    self.run()
  File "C:\Users\AYESHA RAHMAN\murf-livekit-starter\backend\.uv-python\cpython-3.13-windows-x86_64-none\Lib\threading.py", line 995, in run
    self._target(*self._args, **self._kwargs)
  File "C:\Users\AYESHA RAHMAN\murf-livekit-starter\backend\.venv\Lib\site-packages\livekit\agents\ipc\job_proc_lazy_main.py", line 418, in thread_main
    client.run()
  File "C:\Users\AYESHA RAHMAN\murf-livekit-starter\backend\.venv\Lib\site-packages\livekit\agents\ipc\proc_client.py", line 70, in run
    loop.run_until_complete(self._task)
  File "C:\Users\AYESHA RAHMAN\murf-livekit-starter\backend\.uv-python\cpython-3.13-windows-x86_64-none\Lib\asyncio\base_events.py", line 712, in run_until_complete
    self.run_forever()
  File "C:\Users\AYESHA RAHMAN\murf-livekit-starter\backend\.uv-python\cpython-3.13-windows-x86_64-none\Lib\asyncio\base_events.py", line 683, in run_forever
    self._run_once()
  File "C:\Users\AYESHA RAHMAN\murf-livekit-starter\backend\.uv-python\cpython-3.13-windows-x86_64-none\Lib\asyncio\base_events.py", line 2060, in _run_once
    handle._run()
  File "C:\Users\AYESHA RAHMAN\murf-livekit-starter\backend\.uv-python\cpython-3.13-windows-x86_64-none\Lib\asyncio\events.py", line 89, in _run
    self._context.run(self._callback, *self._args)
  File "C:\Users\AYESHA RAHMAN\murf-livekit-starter\backend\.venv\Lib\site-packages\livekit\agents\tts\stream_pacer.py", line 149, in _send_task
    logger.debug(
  File "C:\Users\AYESHA RAHMAN\murf-livekit-starter\backend\.uv-python\cpython-3.13-windows-x86_64-none\Lib\logging\__init__.py", line 1508, in debug
    self._log(DEBUG, msg, args, **kwargs)
  File "C:\Users\AYESHA RAHMAN\murf-livekit-starter\backend\.uv-python\cpython-3.13-windows-x86_64-none\Lib\logging\__init__.py", line 1665, in _log
    self.handle(record)
  File "C:\Users\AYESHA RAHMAN\murf-livekit-starter\backend\.uv-python\cpython-3.13-windows-x86_64-none\Lib\logging\__init__.py", line 1681, in handle
    self.callHandlers(record)
  File "C:\Users\AYESHA RAHMAN\murf-livekit-starter\backend\.uv-python\cpython-3.13-windows-x86_64-none\Lib\logging\__init__.py", line 1737, in callHandlers
    hdlr.handle(record)
  File "C:\Users\AYESHA RAHMAN\murf-livekit-starter\backend\.uv-python\cpython-3.13-windows-x86_64-none\Lib\logging\__init__.py", line 1027, in handle
    self.emit(record)
  File "C:\Users\AYESHA RAHMAN\murf-livekit-starter\backend\.venv\Lib\site-packages\livekit\agents\cli\cli.py", line 957, in emit
    self.handleError(record)
Message: 'sent text to tts'
Arguments: ()
--- Logging error ---
Traceback (most recent call last):
  File "C:\Users\AYESHA RAHMAN\murf-livekit-starter\backend\.venv\Lib\site-packages\livekit\agents\cli\cli.py", line 944, in emit
    self.c.console.print(output)
    ~~~~~~~~~~~~~~~~~~~~^^^^^^^^
  File "C:\Users\AYESHA RAHMAN\murf-livekit-starter\backend\.venv\Lib\site-packages\rich\console.py", line 1697, in print
    with self:
         ^^^^
  File "C:\Users\AYESHA RAHMAN\murf-livekit-starter\backend\.venv\Lib\site-packages\rich\console.py", line 870, in __exit__
    self._exit_buffer()
    ~~~~~~~~~~~~~~~~~^^
  File "C:\Users\AYESHA RAHMAN\murf-livekit-starter\backend\.venv\Lib\site-packages\rich\console.py", line 826, in _exit_buffer
    self._check_buffer()
    ~~~~~~~~~~~~~~~~~~^^
  File "C:\Users\AYESHA RAHMAN\murf-livekit-starter\backend\.venv\Lib\site-packages\rich\console.py", line 2042, in _check_buffer
    self._write_buffer()
    ~~~~~~~~~~~~~~~~~~^^
  File "C:\Users\AYESHA RAHMAN\murf-livekit-starter\backend\.venv\Lib\site-packages\rich\console.py", line 2078, in _write_buffer
    legacy_windows_render(buffer, LegacyWindowsTerm(self.file))
    ~~~~~~~~~~~~~~~~~~~~~^^^^^^^^^^^^^^^^^^^^^^^^^^^^^^^^^^^^^^
  File "C:\Users\AYESHA RAHMAN\murf-livekit-starter\backend\.venv\Lib\site-packages\rich\_windows_renderer.py", line 17, in legacy_windows_render
    term.write_styled(text, style)
    ~~~~~~~~~~~~~~~~~^^^^^^^^^^^^^
  File "C:\Users\AYESHA RAHMAN\murf-livekit-starter\backend\.venv\Lib\site-packages\rich\_win32_console.py", line 441, in write_styled
    self.write_text(text)
    ~~~~~~~~~~~~~~~^^^^^^
  File "C:\Users\AYESHA RAHMAN\murf-livekit-starter\backend\.venv\Lib\site-packages\rich\_win32_console.py", line 402, in write_text
    self.write(text)
    ~~~~~~~~~~^^^^^^
  File "C:\Users\AYESHA RAHMAN\murf-livekit-starter\backend\.uv-python\cpython-3.13-windows-x86_64-none\Lib\encodings\cp1252.py", line 19, in encode
    return codecs.charmap_encode(input,self.errors,encoding_table)[0]
           ~~~~~~~~~~~~~~~~~~~~~^^^^^^^^^^^^^^^^^^^^^^^^^^^^^^^^^^
UnicodeEncodeError: 'charmap' codec can't encode character '\u20b9' in position 28: character maps to <undefined>
Call stack:
  File "C:\Users\AYESHA RAHMAN\murf-livekit-starter\backend\.uv-python\cpython-3.13-windows-x86_64-none\Lib\threading.py", line 1015, in _bootstrap
    self._bootstrap_inner()
  File "C:\Users\AYESHA RAHMAN\murf-livekit-starter\backend\.uv-python\cpython-3.13-windows-x86_64-none\Lib\threading.py", line 1044, in _bootstrap_inner
    self.run()
  File "C:\Users\AYESHA RAHMAN\murf-livekit-starter\backend\.uv-python\cpython-3.13-windows-x86_64-none\Lib\threading.py", line 995, in run
    self._target(*self._args, **self._kwargs)
  File "C:\Users\AYESHA RAHMAN\murf-livekit-starter\backend\.venv\Lib\site-packages\livekit\agents\ipc\job_proc_lazy_main.py", line 418, in thread_main
    client.run()
  File "C:\Users\AYESHA RAHMAN\murf-livekit-starter\backend\.venv\Lib\site-packages\livekit\agents\ipc\proc_client.py", line 70, in run
    loop.run_until_complete(self._task)
  File "C:\Users\AYESHA RAHMAN\murf-livekit-starter\backend\.uv-python\cpython-3.13-windows-x86_64-none\Lib\asyncio\base_events.py", line 712, in run_until_complete
    self.run_forever()
  File "C:\Users\AYESHA RAHMAN\murf-livekit-starter\backend\.uv-python\cpython-3.13-windows-x86_64-none\Lib\asyncio\base_events.py", line 683, in run_forever
    self._run_once()
  File "C:\Users\AYESHA RAHMAN\murf-livekit-starter\backend\.uv-python\cpython-3.13-windows-x86_64-none\Lib\asyncio\base_events.py", line 2060, in _run_once
    handle._run()
  File "C:\Users\AYESHA RAHMAN\murf-livekit-starter\backend\.uv-python\cpython-3.13-windows-x86_64-none\Lib\asyncio\events.py", line 89, in _run
    self._context.run(self._callback, *self._args)
  File "C:\Users\AYESHA RAHMAN\murf-livekit-starter\backend\.venv\Lib\site-packages\livekit\agents\stt\stt.py", line 384, in _metrics_monitor_task
    self._stt.emit("metrics_collected", stt_metrics)
  File "C:\Users\AYESHA RAHMAN\murf-livekit-starter\backend\.venv\Lib\site-packages\livekit\rtc\event_emitter.py", line 58, in emit
    callback(*callback_args)
  File "C:\Users\AYESHA RAHMAN\murf-livekit-starter\backend\.venv\Lib\site-packages\livekit\agents\voice\agent_activity.py", line 1162, in _on_metrics_collected
    self._session.emit("metrics_collected", MetricsCollectedEvent(metrics=ev))
  File "C:\Users\AYESHA RAHMAN\murf-livekit-starter\backend\.venv\Lib\site-packages\livekit\agents\voice\agent_session.py", line 428, in emit
    super().emit(event, arg)
  File "C:\Users\AYESHA RAHMAN\murf-livekit-starter\backend\.venv\Lib\site-packages\livekit\rtc\event_emitter.py", line 58, in emit
    callback(*callback_args)
  File "C:\Users\AYESHA RAHMAN\murf-livekit-starter\backend\src\agent.py", line 477, in on_metrics_collected
    logger.info(
  File "C:\Users\AYESHA RAHMAN\murf-livekit-starter\backend\.uv-python\cpython-3.13-windows-x86_64-none\Lib\logging\__init__.py", line 1520, in info
    self._log(INFO, msg, args, **kwargs)
  File "C:\Users\AYESHA RAHMAN\murf-livekit-starter\backend\.uv-python\cpython-3.13-windows-x86_64-none\Lib\logging\__init__.py", line 1665, in _log
    self.handle(record)
  File "C:\Users\AYESHA RAHMAN\murf-livekit-starter\backend\.uv-python\cpython-3.13-windows-x86_64-none\Lib\logging\__init__.py", line 1681, in handle
    self.callHandlers(record)
  File "C:\Users\AYESHA RAHMAN\murf-livekit-starter\backend\.uv-python\cpython-3.13-windows-x86_64-none\Lib\logging\__init__.py", line 1737, in callHandlers
    hdlr.handle(record)
  File "C:\Users\AYESHA RAHMAN\murf-livekit-starter\backend\.uv-python\cpython-3.13-windows-x86_64-none\Lib\logging\__init__.py", line 1027, in handle
    self.emit(record)
  File "C:\Users\AYESHA RAHMAN\murf-livekit-starter\backend\.venv\Lib\site-packages\livekit\agents\cli\cli.py", line 957, in emit
    self.handleError(record)
Message: '[DEBUG-%s] metrics=%s'
Arguments: ('STT', STTMetrics(type='stt_metrics', label='livekit.plugins.deepgram.stt.STT', request_id='01a00178-1297-7621-b88e-bb8d82b355f7', timestamp=1786731040.9027, duration=0.0, audio_duration=4.94999999999999, streamed=True, metadata=Metadata(model_name='nova-3', model_provider='Deepgram')))
--- Logging error ---
Traceback (most recent call last):
  File "C:\Users\AYESHA RAHMAN\murf-livekit-starter\backend\.venv\Lib\site-packages\livekit\agents\cli\cli.py", line 944, in emit
    self.c.console.print(output)
    ~~~~~~~~~~~~~~~~~~~~^^^^^^^^
  File "C:\Users\AYESHA RAHMAN\murf-livekit-starter\backend\.venv\Lib\site-packages\rich\console.py", line 1697, in print
    with self:
         ^^^^
  File "C:\Users\AYESHA RAHMAN\murf-livekit-starter\backend\.venv\Lib\site-packages\rich\console.py", line 870, in __exit__
    self._exit_buffer()
    ~~~~~~~~~~~~~~~~~^^
  File "C:\Users\AYESHA RAHMAN\murf-livekit-starter\backend\.venv\Lib\site-packages\rich\console.py", line 826, in _exit_buffer
    self._check_buffer()
    ~~~~~~~~~~~~~~~~~~^^
  File "C:\Users\AYESHA RAHMAN\murf-livekit-starter\backend\.venv\Lib\site-packages\rich\console.py", line 2042, in _check_buffer
    self._write_buffer()
    ~~~~~~~~~~~~~~~~~~^^
  File "C:\Users\AYESHA RAHMAN\murf-livekit-starter\backend\.venv\Lib\site-packages\rich\console.py", line 2078, in _write_buffer
    legacy_windows_render(buffer, LegacyWindowsTerm(self.file))
    ~~~~~~~~~~~~~~~~~~~~~^^^^^^^^^^^^^^^^^^^^^^^^^^^^^^^^^^^^^^
  File "C:\Users\AYESHA RAHMAN\murf-livekit-starter\backend\.venv\Lib\site-packages\rich\_windows_renderer.py", line 17, in legacy_windows_render
    term.write_styled(text, style)
    ~~~~~~~~~~~~~~~~~^^^^^^^^^^^^^
  File "C:\Users\AYESHA RAHMAN\murf-livekit-starter\backend\.venv\Lib\site-packages\rich\_win32_console.py", line 441, in write_styled
    self.write_text(text)
    ~~~~~~~~~~~~~~~^^^^^^
  File "C:\Users\AYESHA RAHMAN\murf-livekit-starter\backend\.venv\Lib\site-packages\rich\_win32_console.py", line 402, in write_text
    self.write(text)
    ~~~~~~~~~~^^^^^^
  File "C:\Users\AYESHA RAHMAN\murf-livekit-starter\backend\.uv-python\cpython-3.13-windows-x86_64-none\Lib\encodings\cp1252.py", line 19, in encode
    return codecs.charmap_encode(input,self.errors,encoding_table)[0]
           ~~~~~~~~~~~~~~~~~~~~~^^^^^^^^^^^^^^^^^^^^^^^^^^^^^^^^^^
UnicodeEncodeError: 'charmap' codec can't encode character '\u20b9' in position 28: character maps to <undefined>
Call stack:
  File "C:\Users\AYESHA RAHMAN\murf-livekit-starter\backend\.uv-python\cpython-3.13-windows-x86_64-none\Lib\threading.py", line 1015, in _bootstrap
    self._bootstrap_inner()
  File "C:\Users\AYESHA RAHMAN\murf-livekit-starter\backend\.uv-python\cpython-3.13-windows-x86_64-none\Lib\threading.py", line 1044, in _bootstrap_inner
    self.run()
  File "C:\Users\AYESHA RAHMAN\murf-livekit-starter\backend\.uv-python\cpython-3.13-windows-x86_64-none\Lib\threading.py", line 995, in run
    self._target(*self._args, **self._kwargs)
  File "C:\Users\AYESHA RAHMAN\murf-livekit-starter\backend\.venv\Lib\site-packages\livekit\agents\ipc\job_proc_lazy_main.py", line 418, in thread_main
    client.run()
  File "C:\Users\AYESHA RAHMAN\murf-livekit-starter\backend\.venv\Lib\site-packages\livekit\agents\ipc\proc_client.py", line 70, in run
    loop.run_until_complete(self._task)
  File "C:\Users\AYESHA RAHMAN\murf-livekit-starter\backend\.uv-python\cpython-3.13-windows-x86_64-none\Lib\asyncio\base_events.py", line 712, in run_until_complete
    self.run_forever()
  File "C:\Users\AYESHA RAHMAN\murf-livekit-starter\backend\.uv-python\cpython-3.13-windows-x86_64-none\Lib\asyncio\base_events.py", line 683, in run_forever
    self._run_once()
  File "C:\Users\AYESHA RAHMAN\murf-livekit-starter\backend\.uv-python\cpython-3.13-windows-x86_64-none\Lib\asyncio\base_events.py", line 2060, in _run_once
    handle._run()
  File "C:\Users\AYESHA RAHMAN\murf-livekit-starter\backend\.uv-python\cpython-3.13-windows-x86_64-none\Lib\asyncio\events.py", line 89, in _run
    self._context.run(self._callback, *self._args)
  File "C:\Users\AYESHA RAHMAN\murf-livekit-starter\backend\.venv\Lib\site-packages\livekit\agents\tts\tts.py", line 570, in _metrics_monitor_task
    _emit_metrics()
  File "C:\Users\AYESHA RAHMAN\murf-livekit-starter\backend\.venv\Lib\site-packages\livekit\agents\tts\tts.py", line 554, in _emit_metrics
    self._tts.emit("metrics_collected", metrics)
  File "C:\Users\AYESHA RAHMAN\murf-livekit-starter\backend\.venv\Lib\site-packages\livekit\rtc\event_emitter.py", line 58, in emit
    callback(*callback_args)
  File "C:\Users\AYESHA RAHMAN\murf-livekit-starter\backend\.venv\Lib\site-packages\livekit\agents\voice\agent_activity.py", line 1162, in _on_metrics_collected
    self._session.emit("metrics_collected", MetricsCollectedEvent(metrics=ev))
  File "C:\Users\AYESHA RAHMAN\murf-livekit-starter\backend\.venv\Lib\site-packages\livekit\agents\voice\agent_session.py", line 428, in emit
    super().emit(event, arg)
  File "C:\Users\AYESHA RAHMAN\murf-livekit-starter\backend\.venv\Lib\site-packages\livekit\rtc\event_emitter.py", line 58, in emit
    callback(*callback_args)
  File "C:\Users\AYESHA RAHMAN\murf-livekit-starter\backend\src\agent.py", line 477, in on_metrics_collected
    logger.info(
  File "C:\Users\AYESHA RAHMAN\murf-livekit-starter\backend\.uv-python\cpython-3.13-windows-x86_64-none\Lib\logging\__init__.py", line 1520, in info
    self._log(INFO, msg, args, **kwargs)
  File "C:\Users\AYESHA RAHMAN\murf-livekit-starter\backend\.uv-python\cpython-3.13-windows-x86_64-none\Lib\logging\__init__.py", line 1665, in _log
    self.handle(record)
  File "C:\Users\AYESHA RAHMAN\murf-livekit-starter\backend\.uv-python\cpython-3.13-windows-x86_64-none\Lib\logging\__init__.py", line 1681, in handle
    self.callHandlers(record)
  File "C:\Users\AYESHA RAHMAN\murf-livekit-starter\backend\.uv-python\cpython-3.13-windows-x86_64-none\Lib\logging\__init__.py", line 1737, in callHandlers
    hdlr.handle(record)
  File "C:\Users\AYESHA RAHMAN\murf-livekit-starter\backend\.uv-python\cpython-3.13-windows-x86_64-none\Lib\logging\__init__.py", line 1027, in handle
    self.emit(record)
  File "C:\Users\AYESHA RAHMAN\murf-livekit-starter\backend\.venv\Lib\site-packages\livekit\agents\cli\cli.py", line 957, in emit
    self.handleError(record)
Message: '[DEBUG-%s] metrics=%s'
Arguments: ('TTS', TTSMetrics(type='tts_metrics', label='livekit.plugins.murf.tts.TTS', request_id='cb2863e80f33', timestamp=1786731043.3021107, ttfb=0.3172742999995535, duration=6.469461599997885, audio_duration=61.72000000000034, cancelled=False, characters_count=846, streamed=True, segment_id='cbdaa60c7e21', speech_id='speech_96227998591f', metadata=Metadata(model_name='FALCON', model_provider='Murf')))
--- Logging error ---
Traceback (most recent call last):
  File "C:\Users\AYESHA RAHMAN\murf-livekit-starter\backend\.venv\Lib\site-packages\livekit\agents\cli\cli.py", line 944, in emit
    self.c.console.print(output)
    ~~~~~~~~~~~~~~~~~~~~^^^^^^^^
  File "C:\Users\AYESHA RAHMAN\murf-livekit-starter\backend\.venv\Lib\site-packages\rich\console.py", line 1697, in print
    with self:
         ^^^^
  File "C:\Users\AYESHA RAHMAN\murf-livekit-starter\backend\.venv\Lib\site-packages\rich\console.py", line 870, in __exit__
    self._exit_buffer()
    ~~~~~~~~~~~~~~~~~^^
  File "C:\Users\AYESHA RAHMAN\murf-livekit-starter\backend\.venv\Lib\site-packages\rich\console.py", line 826, in _exit_buffer
    self._check_buffer()
    ~~~~~~~~~~~~~~~~~~^^
  File "C:\Users\AYESHA RAHMAN\murf-livekit-starter\backend\.venv\Lib\site-packages\rich\console.py", line 2042, in _check_buffer
    self._write_buffer()
    ~~~~~~~~~~~~~~~~~~^^
  File "C:\Users\AYESHA RAHMAN\murf-livekit-starter\backend\.venv\Lib\site-packages\rich\console.py", line 2078, in _write_buffer
    legacy_windows_render(buffer, LegacyWindowsTerm(self.file))
    ~~~~~~~~~~~~~~~~~~~~~^^^^^^^^^^^^^^^^^^^^^^^^^^^^^^^^^^^^^^
  File "C:\Users\AYESHA RAHMAN\murf-livekit-starter\backend\.venv\Lib\site-packages\rich\_windows_renderer.py", line 17, in legacy_windows_render
    term.write_styled(text, style)
    ~~~~~~~~~~~~~~~~~^^^^^^^^^^^^^
  File "C:\Users\AYESHA RAHMAN\murf-livekit-starter\backend\.venv\Lib\site-packages\rich\_win32_console.py", line 441, in write_styled
    self.write_text(text)
    ~~~~~~~~~~~~~~~^^^^^^
  File "C:\Users\AYESHA RAHMAN\murf-livekit-starter\backend\.venv\Lib\site-packages\rich\_win32_console.py", line 402, in write_text
    self.write(text)
    ~~~~~~~~~~^^^^^^
  File "C:\Users\AYESHA RAHMAN\murf-livekit-starter\backend\.uv-python\cpython-3.13-windows-x86_64-none\Lib\encodings\cp1252.py", line 19, in encode
    return codecs.charmap_encode(input,self.errors,encoding_table)[0]
           ~~~~~~~~~~~~~~~~~~~~~^^^^^^^^^^^^^^^^^^^^^^^^^^^^^^^^^^
UnicodeEncodeError: 'charmap' codec can't encode character '\u20b9' in position 28: character maps to <undefined>
Call stack:
  File "C:\Users\AYESHA RAHMAN\murf-livekit-starter\backend\.uv-python\cpython-3.13-windows-x86_64-none\Lib\threading.py", line 1015, in _bootstrap
    self._bootstrap_inner()
  File "C:\Users\AYESHA RAHMAN\murf-livekit-starter\backend\.uv-python\cpython-3.13-windows-x86_64-none\Lib\threading.py", line 1044, in _bootstrap_inner
    self.run()
  File "C:\Users\AYESHA RAHMAN\murf-livekit-starter\backend\.uv-python\cpython-3.13-windows-x86_64-none\Lib\threading.py", line 995, in run
    self._target(*self._args, **self._kwargs)
  File "C:\Users\AYESHA RAHMAN\murf-livekit-starter\backend\.venv\Lib\site-packages\livekit\agents\ipc\job_proc_lazy_main.py", line 418, in thread_main
    client.run()
  File "C:\Users\AYESHA RAHMAN\murf-livekit-starter\backend\.venv\Lib\site-packages\livekit\agents\ipc\proc_client.py", line 70, in run
    loop.run_until_complete(self._task)
  File "C:\Users\AYESHA RAHMAN\murf-livekit-starter\backend\.uv-python\cpython-3.13-windows-x86_64-none\Lib\asyncio\base_events.py", line 712, in run_until_complete
    self.run_forever()
  File "C:\Users\AYESHA RAHMAN\murf-livekit-starter\backend\.uv-python\cpython-3.13-windows-x86_64-none\Lib\asyncio\base_events.py", line 683, in run_forever
    self._run_once()
  File "C:\Users\AYESHA RAHMAN\murf-livekit-starter\backend\.uv-python\cpython-3.13-windows-x86_64-none\Lib\asyncio\base_events.py", line 2060, in _run_once
    handle._run()
  File "C:\Users\AYESHA RAHMAN\murf-livekit-starter\backend\.uv-python\cpython-3.13-windows-x86_64-none\Lib\asyncio\events.py", line 89, in _run
    self._context.run(self._callback, *self._args)
  File "C:\Users\AYESHA RAHMAN\murf-livekit-starter\backend\.venv\Lib\site-packages\livekit\agents\stt\stt.py", line 384, in _metrics_monitor_task
    self._stt.emit("metrics_collected", stt_metrics)
  File "C:\Users\AYESHA RAHMAN\murf-livekit-starter\backend\.venv\Lib\site-packages\livekit\rtc\event_emitter.py", line 58, in emit
    callback(*callback_args)
  File "C:\Users\AYESHA RAHMAN\murf-livekit-starter\backend\.venv\Lib\site-packages\livekit\agents\voice\agent_activity.py", line 1162, in _on_metrics_collected
    self._session.emit("metrics_collected", MetricsCollectedEvent(metrics=ev))
  File "C:\Users\AYESHA RAHMAN\murf-livekit-starter\backend\.venv\Lib\site-packages\livekit\agents\voice\agent_session.py", line 428, in emit
    super().emit(event, arg)
  File "C:\Users\AYESHA RAHMAN\murf-livekit-starter\backend\.venv\Lib\site-packages\livekit\rtc\event_emitter.py", line 58, in emit
    callback(*callback_args)
  File "C:\Users\AYESHA RAHMAN\murf-livekit-starter\backend\src\agent.py", line 477, in on_metrics_collected
    logger.info(
  File "C:\Users\AYESHA RAHMAN\murf-livekit-starter\backend\.uv-python\cpython-3.13-windows-x86_64-none\Lib\logging\__init__.py", line 1520, in info
    self._log(INFO, msg, args, **kwargs)
  File "C:\Users\AYESHA RAHMAN\murf-livekit-starter\backend\.uv-python\cpython-3.13-windows-x86_64-none\Lib\logging\__init__.py", line 1665, in _log
    self.handle(record)
  File "C:\Users\AYESHA RAHMAN\murf-livekit-starter\backend\.uv-python\cpython-3.13-windows-x86_64-none\Lib\logging\__init__.py", line 1681, in handle
    self.callHandlers(record)
  File "C:\Users\AYESHA RAHMAN\murf-livekit-starter\backend\.uv-python\cpython-3.13-windows-x86_64-none\Lib\logging\__init__.py", line 1737, in callHandlers
    hdlr.handle(record)
  File "C:\Users\AYESHA RAHMAN\murf-livekit-starter\backend\.uv-python\cpython-3.13-windows-x86_64-none\Lib\logging\__init__.py", line 1027, in handle
    self.emit(record)
  File "C:\Users\AYESHA RAHMAN\murf-livekit-starter\backend\.venv\Lib\site-packages\livekit\agents\cli\cli.py", line 957, in emit
    self.handleError(record)
Message: '[DEBUG-%s] metrics=%s'
Arguments: ('STT', STTMetrics(type='stt_metrics', label='livekit.plugins.deepgram.stt.STT', request_id='01a00178-1297-7621-b88e-bb8d82b355f7', timestamp=1786731045.9161258, duration=0.0, audio_duration=5.04999999999999, streamed=True, metadata=Metadata(model_name='nova-3', model_provider='Deepgram')))
--- Logging error ---
Traceback (most recent call last):
  File "C:\Users\AYESHA RAHMAN\murf-livekit-starter\backend\.venv\Lib\site-packages\livekit\agents\cli\cli.py", line 944, in emit
    self.c.console.print(output)
    ~~~~~~~~~~~~~~~~~~~~^^^^^^^^
  File "C:\Users\AYESHA RAHMAN\murf-livekit-starter\backend\.venv\Lib\site-packages\rich\console.py", line 1697, in print
    with self:
         ^^^^
  File "C:\Users\AYESHA RAHMAN\murf-livekit-starter\backend\.venv\Lib\site-packages\rich\console.py", line 870, in __exit__
    self._exit_buffer()
    ~~~~~~~~~~~~~~~~~^^
  File "C:\Users\AYESHA RAHMAN\murf-livekit-starter\backend\.venv\Lib\site-packages\rich\console.py", line 826, in _exit_buffer
    self._check_buffer()
    ~~~~~~~~~~~~~~~~~~^^
  File "C:\Users\AYESHA RAHMAN\murf-livekit-starter\backend\.venv\Lib\site-packages\rich\console.py", line 2042, in _check_buffer
    self._write_buffer()
    ~~~~~~~~~~~~~~~~~~^^
  File "C:\Users\AYESHA RAHMAN\murf-livekit-starter\backend\.venv\Lib\site-packages\rich\console.py", line 2078, in _write_buffer
    legacy_windows_render(buffer, LegacyWindowsTerm(self.file))
    ~~~~~~~~~~~~~~~~~~~~~^^^^^^^^^^^^^^^^^^^^^^^^^^^^^^^^^^^^^^
  File "C:\Users\AYESHA RAHMAN\murf-livekit-starter\backend\.venv\Lib\site-packages\rich\_windows_renderer.py", line 17, in legacy_windows_render
    term.write_styled(text, style)
    ~~~~~~~~~~~~~~~~~^^^^^^^^^^^^^
  File "C:\Users\AYESHA RAHMAN\murf-livekit-starter\backend\.venv\Lib\site-packages\rich\_win32_console.py", line 441, in write_styled
    self.write_text(text)
    ~~~~~~~~~~~~~~~^^^^^^
  File "C:\Users\AYESHA RAHMAN\murf-livekit-starter\backend\.venv\Lib\site-packages\rich\_win32_console.py", line 402, in write_text
    self.write(text)
    ~~~~~~~~~~^^^^^^
  File "C:\Users\AYESHA RAHMAN\murf-livekit-starter\backend\.uv-python\cpython-3.13-windows-x86_64-none\Lib\encodings\cp1252.py", line 19, in encode
    return codecs.charmap_encode(input,self.errors,encoding_table)[0]
           ~~~~~~~~~~~~~~~~~~~~~^^^^^^^^^^^^^^^^^^^^^^^^^^^^^^^^^^
UnicodeEncodeError: 'charmap' codec can't encode character '\u20b9' in position 28: character maps to <undefined>
Call stack:
  File "C:\Users\AYESHA RAHMAN\murf-livekit-starter\backend\.uv-python\cpython-3.13-windows-x86_64-none\Lib\threading.py", line 1015, in _bootstrap
    self._bootstrap_inner()
  File "C:\Users\AYESHA RAHMAN\murf-livekit-starter\backend\.uv-python\cpython-3.13-windows-x86_64-none\Lib\threading.py", line 1044, in _bootstrap_inner
    self.run()
  File "C:\Users\AYESHA RAHMAN\murf-livekit-starter\backend\.uv-python\cpython-3.13-windows-x86_64-none\Lib\threading.py", line 995, in run
    self._target(*self._args, **self._kwargs)
  File "C:\Users\AYESHA RAHMAN\murf-livekit-starter\backend\.venv\Lib\site-packages\livekit\agents\ipc\job_proc_lazy_main.py", line 418, in thread_main
    client.run()
  File "C:\Users\AYESHA RAHMAN\murf-livekit-starter\backend\.venv\Lib\site-packages\livekit\agents\ipc\proc_client.py", line 70, in run
    loop.run_until_complete(self._task)
  File "C:\Users\AYESHA RAHMAN\murf-livekit-starter\backend\.uv-python\cpython-3.13-windows-x86_64-none\Lib\asyncio\base_events.py", line 712, in run_until_complete
    self.run_forever()
  File "C:\Users\AYESHA RAHMAN\murf-livekit-starter\backend\.uv-python\cpython-3.13-windows-x86_64-none\Lib\asyncio\base_events.py", line 683, in run_forever
    self._run_once()
  File "C:\Users\AYESHA RAHMAN\murf-livekit-starter\backend\.uv-python\cpython-3.13-windows-x86_64-none\Lib\asyncio\base_events.py", line 2060, in _run_once
    handle._run()
  File "C:\Users\AYESHA RAHMAN\murf-livekit-starter\backend\.uv-python\cpython-3.13-windows-x86_64-none\Lib\asyncio\events.py", line 89, in _run
    self._context.run(self._callback, *self._args)
  File "C:\Users\AYESHA RAHMAN\murf-livekit-starter\backend\.venv\Lib\site-packages\livekit\agents\stt\stt.py", line 384, in _metrics_monitor_task
    self._stt.emit("metrics_collected", stt_metrics)
  File "C:\Users\AYESHA RAHMAN\murf-livekit-starter\backend\.venv\Lib\site-packages\livekit\rtc\event_emitter.py", line 58, in emit
    callback(*callback_args)
  File "C:\Users\AYESHA RAHMAN\murf-livekit-starter\backend\.venv\Lib\site-packages\livekit\agents\voice\agent_activity.py", line 1162, in _on_metrics_collected
    self._session.emit("metrics_collected", MetricsCollectedEvent(metrics=ev))
  File "C:\Users\AYESHA RAHMAN\murf-livekit-starter\backend\.venv\Lib\site-packages\livekit\agents\voice\agent_session.py", line 428, in emit
    super().emit(event, arg)
  File "C:\Users\AYESHA RAHMAN\murf-livekit-starter\backend\.venv\Lib\site-packages\livekit\rtc\event_emitter.py", line 58, in emit
    callback(*callback_args)
  File "C:\Users\AYESHA RAHMAN\murf-livekit-starter\backend\src\agent.py", line 477, in on_metrics_collected
    logger.info(
  File "C:\Users\AYESHA RAHMAN\murf-livekit-starter\backend\.uv-python\cpython-3.13-windows-x86_64-none\Lib\logging\__init__.py", line 1520, in info
    self._log(INFO, msg, args, **kwargs)
  File "C:\Users\AYESHA RAHMAN\murf-livekit-starter\backend\.uv-python\cpython-3.13-windows-x86_64-none\Lib\logging\__init__.py", line 1665, in _log
    self.handle(record)
  File "C:\Users\AYESHA RAHMAN\murf-livekit-starter\backend\.uv-python\cpython-3.13-windows-x86_64-none\Lib\logging\__init__.py", line 1681, in handle
    self.callHandlers(record)
  File "C:\Users\AYESHA RAHMAN\murf-livekit-starter\backend\.uv-python\cpython-3.13-windows-x86_64-none\Lib\logging\__init__.py", line 1737, in callHandlers
    hdlr.handle(record)
  File "C:\Users\AYESHA RAHMAN\murf-livekit-starter\backend\.uv-python\cpython-3.13-windows-x86_64-none\Lib\logging\__init__.py", line 1027, in handle
    self.emit(record)
  File "C:\Users\AYESHA RAHMAN\murf-livekit-starter\backend\.venv\Lib\site-packages\livekit\agents\cli\cli.py", line 957, in emit
    self.handleError(record)
Message: '[DEBUG-%s] metrics=%s'
Arguments: ('STT', STTMetrics(type='stt_metrics', label='livekit.plugins.deepgram.stt.STT', request_id='01a00178-1297-7621-b88e-bb8d82b355f7', timestamp=1786731050.9627514, duration=0.0, audio_duration=5.04999999999999, streamed=True, metadata=Metadata(model_name='nova-3', model_provider='Deepgram')))
--- Logging error ---
Traceback (most recent call last):
  File "C:\Users\AYESHA RAHMAN\murf-livekit-starter\backend\.venv\Lib\site-packages\livekit\agents\cli\cli.py", line 944, in emit
    self.c.console.print(output)
    ~~~~~~~~~~~~~~~~~~~~^^^^^^^^
  File "C:\Users\AYESHA RAHMAN\murf-livekit-starter\backend\.venv\Lib\site-packages\rich\console.py", line 1697, in print
    with self:
         ^^^^
  File "C:\Users\AYESHA RAHMAN\murf-livekit-starter\backend\.venv\Lib\site-packages\rich\console.py", line 870, in __exit__
    self._exit_buffer()
    ~~~~~~~~~~~~~~~~~^^
  File "C:\Users\AYESHA RAHMAN\murf-livekit-starter\backend\.venv\Lib\site-packages\rich\console.py", line 826, in _exit_buffer
    self._check_buffer()
    ~~~~~~~~~~~~~~~~~~^^
  File "C:\Users\AYESHA RAHMAN\murf-livekit-starter\backend\.venv\Lib\site-packages\rich\console.py", line 2042, in _check_buffer
    self._write_buffer()
    ~~~~~~~~~~~~~~~~~~^^
  File "C:\Users\AYESHA RAHMAN\murf-livekit-starter\backend\.venv\Lib\site-packages\rich\console.py", line 2078, in _write_buffer
    legacy_windows_render(buffer, LegacyWindowsTerm(self.file))
    ~~~~~~~~~~~~~~~~~~~~~^^^^^^^^^^^^^^^^^^^^^^^^^^^^^^^^^^^^^^
  File "C:\Users\AYESHA RAHMAN\murf-livekit-starter\backend\.venv\Lib\site-packages\rich\_windows_renderer.py", line 17, in legacy_windows_render
    term.write_styled(text, style)
    ~~~~~~~~~~~~~~~~~^^^^^^^^^^^^^
  File "C:\Users\AYESHA RAHMAN\murf-livekit-starter\backend\.venv\Lib\site-packages\rich\_win32_console.py", line 441, in write_styled
    self.write_text(text)
    ~~~~~~~~~~~~~~~^^^^^^
  File "C:\Users\AYESHA RAHMAN\murf-livekit-starter\backend\.venv\Lib\site-packages\rich\_win32_console.py", line 402, in write_text
    self.write(text)
    ~~~~~~~~~~^^^^^^
  File "C:\Users\AYESHA RAHMAN\murf-livekit-starter\backend\.uv-python\cpython-3.13-windows-x86_64-none\Lib\encodings\cp1252.py", line 19, in encode
    return codecs.charmap_encode(input,self.errors,encoding_table)[0]
           ~~~~~~~~~~~~~~~~~~~~~^^^^^^^^^^^^^^^^^^^^^^^^^^^^^^^^^^
UnicodeEncodeError: 'charmap' codec can't encode character '\u20b9' in position 28: character maps to <undefined>
Call stack:
  File "C:\Users\AYESHA RAHMAN\murf-livekit-starter\backend\.uv-python\cpython-3.13-windows-x86_64-none\Lib\threading.py", line 1015, in _bootstrap
    self._bootstrap_inner()
  File "C:\Users\AYESHA RAHMAN\murf-livekit-starter\backend\.uv-python\cpython-3.13-windows-x86_64-none\Lib\threading.py", line 1044, in _bootstrap_inner
    self.run()
  File "C:\Users\AYESHA RAHMAN\murf-livekit-starter\backend\.uv-python\cpython-3.13-windows-x86_64-none\Lib\threading.py", line 995, in run
    self._target(*self._args, **self._kwargs)
  File "C:\Users\AYESHA RAHMAN\murf-livekit-starter\backend\.venv\Lib\site-packages\livekit\agents\ipc\job_proc_lazy_main.py", line 418, in thread_main
    client.run()
  File "C:\Users\AYESHA RAHMAN\murf-livekit-starter\backend\.venv\Lib\site-packages\livekit\agents\ipc\proc_client.py", line 70, in run
    loop.run_until_complete(self._task)
  File "C:\Users\AYESHA RAHMAN\murf-livekit-starter\backend\.uv-python\cpython-3.13-windows-x86_64-none\Lib\asyncio\base_events.py", line 712, in run_until_complete
    self.run_forever()
  File "C:\Users\AYESHA RAHMAN\murf-livekit-starter\backend\.uv-python\cpython-3.13-windows-x86_64-none\Lib\asyncio\base_events.py", line 683, in run_forever
    self._run_once()
  File "C:\Users\AYESHA RAHMAN\murf-livekit-starter\backend\.uv-python\cpython-3.13-windows-x86_64-none\Lib\asyncio\base_events.py", line 2060, in _run_once
    handle._run()
  File "C:\Users\AYESHA RAHMAN\murf-livekit-starter\backend\.uv-python\cpython-3.13-windows-x86_64-none\Lib\asyncio\events.py", line 89, in _run
    self._context.run(self._callback, *self._args)
  File "C:\Users\AYESHA RAHMAN\murf-livekit-starter\backend\.venv\Lib\site-packages\livekit\agents\stt\stt.py", line 384, in _metrics_monitor_task
    self._stt.emit("metrics_collected", stt_metrics)
  File "C:\Users\AYESHA RAHMAN\murf-livekit-starter\backend\.venv\Lib\site-packages\livekit\rtc\event_emitter.py", line 58, in emit
    callback(*callback_args)
  File "C:\Users\AYESHA RAHMAN\murf-livekit-starter\backend\.venv\Lib\site-packages\livekit\agents\voice\agent_activity.py", line 1162, in _on_metrics_collected
    self._session.emit("metrics_collected", MetricsCollectedEvent(metrics=ev))
  File "C:\Users\AYESHA RAHMAN\murf-livekit-starter\backend\.venv\Lib\site-packages\livekit\agents\voice\agent_session.py", line 428, in emit
    super().emit(event, arg)
  File "C:\Users\AYESHA RAHMAN\murf-livekit-starter\backend\.venv\Lib\site-packages\livekit\rtc\event_emitter.py", line 58, in emit
    callback(*callback_args)
  File "C:\Users\AYESHA RAHMAN\murf-livekit-starter\backend\src\agent.py", line 477, in on_metrics_collected
    logger.info(
  File "C:\Users\AYESHA RAHMAN\murf-livekit-starter\backend\.uv-python\cpython-3.13-windows-x86_64-none\Lib\logging\__init__.py", line 1520, in info
    self._log(INFO, msg, args, **kwargs)
  File "C:\Users\AYESHA RAHMAN\murf-livekit-starter\backend\.uv-python\cpython-3.13-windows-x86_64-none\Lib\logging\__init__.py", line 1665, in _log
    self.handle(record)
  File "C:\Users\AYESHA RAHMAN\murf-livekit-starter\backend\.uv-python\cpython-3.13-windows-x86_64-none\Lib\logging\__init__.py", line 1681, in handle
    self.callHandlers(record)
  File "C:\Users\AYESHA RAHMAN\murf-livekit-starter\backend\.uv-python\cpython-3.13-windows-x86_64-none\Lib\logging\__init__.py", line 1737, in callHandlers
    hdlr.handle(record)
  File "C:\Users\AYESHA RAHMAN\murf-livekit-starter\backend\.uv-python\cpython-3.13-windows-x86_64-none\Lib\logging\__init__.py", line 1027, in handle
    self.emit(record)
  File "C:\Users\AYESHA RAHMAN\murf-livekit-starter\backend\.venv\Lib\site-packages\livekit\agents\cli\cli.py", line 957, in emit
    self.handleError(record)
Message: '[DEBUG-%s] metrics=%s'
Arguments: ('STT', STTMetrics(type='stt_metrics', label='livekit.plugins.deepgram.stt.STT', request_id='01a00178-1297-7621-b88e-bb8d82b355f7', timestamp=1786731056.0105152, duration=0.0, audio_duration=5.04999999999999, streamed=True, metadata=Metadata(model_name='nova-3', model_provider='Deepgram')))
--- Logging error ---
Traceback (most recent call last):
  File "C:\Users\AYESHA RAHMAN\murf-livekit-starter\backend\.venv\Lib\site-packages\livekit\agents\cli\cli.py", line 944, in emit
    self.c.console.print(output)
    ~~~~~~~~~~~~~~~~~~~~^^^^^^^^
  File "C:\Users\AYESHA RAHMAN\murf-livekit-starter\backend\.venv\Lib\site-packages\rich\console.py", line 1697, in print
    with self:
         ^^^^
  File "C:\Users\AYESHA RAHMAN\murf-livekit-starter\backend\.venv\Lib\site-packages\rich\console.py", line 870, in __exit__
    self._exit_buffer()
    ~~~~~~~~~~~~~~~~~^^
  File "C:\Users\AYESHA RAHMAN\murf-livekit-starter\backend\.venv\Lib\site-packages\rich\console.py", line 826, in _exit_buffer
    self._check_buffer()
    ~~~~~~~~~~~~~~~~~~^^
  File "C:\Users\AYESHA RAHMAN\murf-livekit-starter\backend\.venv\Lib\site-packages\rich\console.py", line 2042, in _check_buffer
    self._write_buffer()
    ~~~~~~~~~~~~~~~~~~^^
  File "C:\Users\AYESHA RAHMAN\murf-livekit-starter\backend\.venv\Lib\site-packages\rich\console.py", line 2078, in _write_buffer
    legacy_windows_render(buffer, LegacyWindowsTerm(self.file))
    ~~~~~~~~~~~~~~~~~~~~~^^^^^^^^^^^^^^^^^^^^^^^^^^^^^^^^^^^^^^
  File "C:\Users\AYESHA RAHMAN\murf-livekit-starter\backend\.venv\Lib\site-packages\rich\_windows_renderer.py", line 17, in legacy_windows_render
    term.write_styled(text, style)
    ~~~~~~~~~~~~~~~~~^^^^^^^^^^^^^
  File "C:\Users\AYESHA RAHMAN\murf-livekit-starter\backend\.venv\Lib\site-packages\rich\_win32_console.py", line 441, in write_styled
    self.write_text(text)
    ~~~~~~~~~~~~~~~^^^^^^
  File "C:\Users\AYESHA RAHMAN\murf-livekit-starter\backend\.venv\Lib\site-packages\rich\_win32_console.py", line 402, in write_text
    self.write(text)
    ~~~~~~~~~~^^^^^^
  File "C:\Users\AYESHA RAHMAN\murf-livekit-starter\backend\.uv-python\cpython-3.13-windows-x86_64-none\Lib\encodings\cp1252.py", line 19, in encode
    return codecs.charmap_encode(input,self.errors,encoding_table)[0]
           ~~~~~~~~~~~~~~~~~~~~~^^^^^^^^^^^^^^^^^^^^^^^^^^^^^^^^^^
UnicodeEncodeError: 'charmap' codec can't encode character '\u20b9' in position 28: character maps to <undefined>
Call stack:
  File "C:\Users\AYESHA RAHMAN\murf-livekit-starter\backend\.uv-python\cpython-3.13-windows-x86_64-none\Lib\threading.py", line 1015, in _bootstrap
    self._bootstrap_inner()
  File "C:\Users\AYESHA RAHMAN\murf-livekit-starter\backend\.uv-python\cpython-3.13-windows-x86_64-none\Lib\threading.py", line 1044, in _bootstrap_inner
    self.run()
  File "C:\Users\AYESHA RAHMAN\murf-livekit-starter\backend\.uv-python\cpython-3.13-windows-x86_64-none\Lib\threading.py", line 995, in run
    self._target(*self._args, **self._kwargs)
  File "C:\Users\AYESHA RAHMAN\murf-livekit-starter\backend\.venv\Lib\site-packages\livekit\agents\ipc\job_proc_lazy_main.py", line 418, in thread_main
    client.run()
  File "C:\Users\AYESHA RAHMAN\murf-livekit-starter\backend\.venv\Lib\site-packages\livekit\agents\ipc\proc_client.py", line 70, in run
    loop.run_until_complete(self._task)
  File "C:\Users\AYESHA RAHMAN\murf-livekit-starter\backend\.uv-python\cpython-3.13-windows-x86_64-none\Lib\asyncio\base_events.py", line 712, in run_until_complete
    self.run_forever()
  File "C:\Users\AYESHA RAHMAN\murf-livekit-starter\backend\.uv-python\cpython-3.13-windows-x86_64-none\Lib\asyncio\base_events.py", line 683, in run_forever
    self._run_once()
  File "C:\Users\AYESHA RAHMAN\murf-livekit-starter\backend\.uv-python\cpython-3.13-windows-x86_64-none\Lib\asyncio\base_events.py", line 2060, in _run_once
    handle._run()
  File "C:\Users\AYESHA RAHMAN\murf-livekit-starter\backend\.uv-python\cpython-3.13-windows-x86_64-none\Lib\asyncio\events.py", line 89, in _run
    self._context.run(self._callback, *self._args)
  File "C:\Users\AYESHA RAHMAN\murf-livekit-starter\backend\.venv\Lib\site-packages\livekit\agents\stt\stt.py", line 384, in _metrics_monitor_task
    self._stt.emit("metrics_collected", stt_metrics)
  File "C:\Users\AYESHA RAHMAN\murf-livekit-starter\backend\.venv\Lib\site-packages\livekit\rtc\event_emitter.py", line 58, in emit
    callback(*callback_args)
  File "C:\Users\AYESHA RAHMAN\murf-livekit-starter\backend\.venv\Lib\site-packages\livekit\agents\voice\agent_activity.py", line 1162, in _on_metrics_collected
    self._session.emit("metrics_collected", MetricsCollectedEvent(metrics=ev))
  File "C:\Users\AYESHA RAHMAN\murf-livekit-starter\backend\.venv\Lib\site-packages\livekit\agents\voice\agent_session.py", line 428, in emit
    super().emit(event, arg)
  File "C:\Users\AYESHA RAHMAN\murf-livekit-starter\backend\.venv\Lib\site-packages\livekit\rtc\event_emitter.py", line 58, in emit
    callback(*callback_args)
  File "C:\Users\AYESHA RAHMAN\murf-livekit-starter\backend\src\agent.py", line 477, in on_metrics_collected
    logger.info(
  File "C:\Users\AYESHA RAHMAN\murf-livekit-starter\backend\.uv-python\cpython-3.13-windows-x86_64-none\Lib\logging\__init__.py", line 1520, in info
    self._log(INFO, msg, args, **kwargs)
  File "C:\Users\AYESHA RAHMAN\murf-livekit-starter\backend\.uv-python\cpython-3.13-windows-x86_64-none\Lib\logging\__init__.py", line 1665, in _log
    self.handle(record)
  File "C:\Users\AYESHA RAHMAN\murf-livekit-starter\backend\.uv-python\cpython-3.13-windows-x86_64-none\Lib\logging\__init__.py", line 1681, in handle
    self.callHandlers(record)
  File "C:\Users\AYESHA RAHMAN\murf-livekit-starter\backend\.uv-python\cpython-3.13-windows-x86_64-none\Lib\logging\__init__.py", line 1737, in callHandlers
    hdlr.handle(record)
  File "C:\Users\AYESHA RAHMAN\murf-livekit-starter\backend\.uv-python\cpython-3.13-windows-x86_64-none\Lib\logging\__init__.py", line 1027, in handle
    self.emit(record)
  File "C:\Users\AYESHA RAHMAN\murf-livekit-starter\backend\.venv\Lib\site-packages\livekit\agents\cli\cli.py", line 957, in emit
    self.handleError(record)
Message: '[DEBUG-%s] metrics=%s'
Arguments: ('STT', STTMetrics(type='stt_metrics', label='livekit.plugins.deepgram.stt.STT', request_id='01a00178-1297-7621-b88e-bb8d82b355f7', timestamp=1786731061.0108263, duration=0.0, audio_duration=4.99999999999999, streamed=True, metadata=Metadata(model_name='nova-3', model_provider='Deepgram')))
--- Logging error ---
Traceback (most recent call last):
  File "C:\Users\AYESHA RAHMAN\murf-livekit-starter\backend\.venv\Lib\site-packages\livekit\agents\cli\cli.py", line 944, in emit
    self.c.console.print(output)
    ~~~~~~~~~~~~~~~~~~~~^^^^^^^^
  File "C:\Users\AYESHA RAHMAN\murf-livekit-starter\backend\.venv\Lib\site-packages\rich\console.py", line 1697, in print
    with self:
         ^^^^
  File "C:\Users\AYESHA RAHMAN\murf-livekit-starter\backend\.venv\Lib\site-packages\rich\console.py", line 870, in __exit__
    self._exit_buffer()
    ~~~~~~~~~~~~~~~~~^^
  File "C:\Users\AYESHA RAHMAN\murf-livekit-starter\backend\.venv\Lib\site-packages\rich\console.py", line 826, in _exit_buffer
    self._check_buffer()
    ~~~~~~~~~~~~~~~~~~^^
  File "C:\Users\AYESHA RAHMAN\murf-livekit-starter\backend\.venv\Lib\site-packages\rich\console.py", line 2042, in _check_buffer
    self._write_buffer()
    ~~~~~~~~~~~~~~~~~~^^
  File "C:\Users\AYESHA RAHMAN\murf-livekit-starter\backend\.venv\Lib\site-packages\rich\console.py", line 2078, in _write_buffer
    legacy_windows_render(buffer, LegacyWindowsTerm(self.file))
    ~~~~~~~~~~~~~~~~~~~~~^^^^^^^^^^^^^^^^^^^^^^^^^^^^^^^^^^^^^^
  File "C:\Users\AYESHA RAHMAN\murf-livekit-starter\backend\.venv\Lib\site-packages\rich\_windows_renderer.py", line 17, in legacy_windows_render
    term.write_styled(text, style)
    ~~~~~~~~~~~~~~~~~^^^^^^^^^^^^^
  File "C:\Users\AYESHA RAHMAN\murf-livekit-starter\backend\.venv\Lib\site-packages\rich\_win32_console.py", line 441, in write_styled
    self.write_text(text)
    ~~~~~~~~~~~~~~~^^^^^^
  File "C:\Users\AYESHA RAHMAN\murf-livekit-starter\backend\.venv\Lib\site-packages\rich\_win32_console.py", line 402, in write_text
    self.write(text)
    ~~~~~~~~~~^^^^^^
  File "C:\Users\AYESHA RAHMAN\murf-livekit-starter\backend\.uv-python\cpython-3.13-windows-x86_64-none\Lib\encodings\cp1252.py", line 19, in encode
    return codecs.charmap_encode(input,self.errors,encoding_table)[0]
           ~~~~~~~~~~~~~~~~~~~~~^^^^^^^^^^^^^^^^^^^^^^^^^^^^^^^^^^
UnicodeEncodeError: 'charmap' codec can't encode character '\u20b9' in position 28: character maps to <undefined>
Call stack:
  File "C:\Users\AYESHA RAHMAN\murf-livekit-starter\backend\.uv-python\cpython-3.13-windows-x86_64-none\Lib\threading.py", line 1015, in _bootstrap
    self._bootstrap_inner()
  File "C:\Users\AYESHA RAHMAN\murf-livekit-starter\backend\.uv-python\cpython-3.13-windows-x86_64-none\Lib\threading.py", line 1044, in _bootstrap_inner
    self.run()
  File "C:\Users\AYESHA RAHMAN\murf-livekit-starter\backend\.uv-python\cpython-3.13-windows-x86_64-none\Lib\threading.py", line 995, in run
    self._target(*self._args, **self._kwargs)
  File "C:\Users\AYESHA RAHMAN\murf-livekit-starter\backend\.venv\Lib\site-packages\livekit\agents\ipc\job_proc_lazy_main.py", line 418, in thread_main
    client.run()
  File "C:\Users\AYESHA RAHMAN\murf-livekit-starter\backend\.venv\Lib\site-packages\livekit\agents\ipc\proc_client.py", line 70, in run
    loop.run_until_complete(self._task)
  File "C:\Users\AYESHA RAHMAN\murf-livekit-starter\backend\.uv-python\cpython-3.13-windows-x86_64-none\Lib\asyncio\base_events.py", line 712, in run_until_complete
    self.run_forever()
  File "C:\Users\AYESHA RAHMAN\murf-livekit-starter\backend\.uv-python\cpython-3.13-windows-x86_64-none\Lib\asyncio\base_events.py", line 683, in run_forever
    self._run_once()
  File "C:\Users\AYESHA RAHMAN\murf-livekit-starter\backend\.uv-python\cpython-3.13-windows-x86_64-none\Lib\asyncio\base_events.py", line 2060, in _run_once
    handle._run()
  File "C:\Users\AYESHA RAHMAN\murf-livekit-starter\backend\.uv-python\cpython-3.13-windows-x86_64-none\Lib\asyncio\events.py", line 89, in _run
    self._context.run(self._callback, *self._args)
  File "C:\Users\AYESHA RAHMAN\murf-livekit-starter\backend\.venv\Lib\site-packages\livekit\agents\stt\stt.py", line 384, in _metrics_monitor_task
    self._stt.emit("metrics_collected", stt_metrics)
  File "C:\Users\AYESHA RAHMAN\murf-livekit-starter\backend\.venv\Lib\site-packages\livekit\rtc\event_emitter.py", line 58, in emit
    callback(*callback_args)
  File "C:\Users\AYESHA RAHMAN\murf-livekit-starter\backend\.venv\Lib\site-packages\livekit\agents\voice\agent_activity.py", line 1162, in _on_metrics_collected
    self._session.emit("metrics_collected", MetricsCollectedEvent(metrics=ev))
  File "C:\Users\AYESHA RAHMAN\murf-livekit-starter\backend\.venv\Lib\site-packages\livekit\agents\voice\agent_session.py", line 428, in emit
    super().emit(event, arg)
  File "C:\Users\AYESHA RAHMAN\murf-livekit-starter\backend\.venv\Lib\site-packages\livekit\rtc\event_emitter.py", line 58, in emit
    callback(*callback_args)
  File "C:\Users\AYESHA RAHMAN\murf-livekit-starter\backend\src\agent.py", line 477, in on_metrics_collected
    logger.info(
  File "C:\Users\AYESHA RAHMAN\murf-livekit-starter\backend\.uv-python\cpython-3.13-windows-x86_64-none\Lib\logging\__init__.py", line 1520, in info
    self._log(INFO, msg, args, **kwargs)
  File "C:\Users\AYESHA RAHMAN\murf-livekit-starter\backend\.uv-python\cpython-3.13-windows-x86_64-none\Lib\logging\__init__.py", line 1665, in _log
    self.handle(record)
  File "C:\Users\AYESHA RAHMAN\murf-livekit-starter\backend\.uv-python\cpython-3.13-windows-x86_64-none\Lib\logging\__init__.py", line 1681, in handle
    self.callHandlers(record)
  File "C:\Users\AYESHA RAHMAN\murf-livekit-starter\backend\.uv-python\cpython-3.13-windows-x86_64-none\Lib\logging\__init__.py", line 1737, in callHandlers
    hdlr.handle(record)
  File "C:\Users\AYESHA RAHMAN\murf-livekit-starter\backend\.uv-python\cpython-3.13-windows-x86_64-none\Lib\logging\__init__.py", line 1027, in handle
    self.emit(record)
  File "C:\Users\AYESHA RAHMAN\murf-livekit-starter\backend\.venv\Lib\site-packages\livekit\agents\cli\cli.py", line 957, in emit
    self.handleError(record)
Message: '[DEBUG-%s] metrics=%s'
Arguments: ('STT', STTMetrics(type='stt_metrics', label='livekit.plugins.deepgram.stt.STT', request_id='01a00178-1297-7621-b88e-bb8d82b355f7', timestamp=1786731066.052658, duration=0.0, audio_duration=5.04999999999999, streamed=True, metadata=Metadata(model_name='nova-3', model_provider='Deepgram')))
--- Logging error ---
Traceback (most recent call last):
  File "C:\Users\AYESHA RAHMAN\murf-livekit-starter\backend\.venv\Lib\site-packages\livekit\agents\cli\cli.py", line 944, in emit
    self.c.console.print(output)
    ~~~~~~~~~~~~~~~~~~~~^^^^^^^^
  File "C:\Users\AYESHA RAHMAN\murf-livekit-starter\backend\.venv\Lib\site-packages\rich\console.py", line 1697, in print
    with self:
         ^^^^
  File "C:\Users\AYESHA RAHMAN\murf-livekit-starter\backend\.venv\Lib\site-packages\rich\console.py", line 870, in __exit__
    self._exit_buffer()
    ~~~~~~~~~~~~~~~~~^^
  File "C:\Users\AYESHA RAHMAN\murf-livekit-starter\backend\.venv\Lib\site-packages\rich\console.py", line 826, in _exit_buffer
    self._check_buffer()
    ~~~~~~~~~~~~~~~~~~^^
  File "C:\Users\AYESHA RAHMAN\murf-livekit-starter\backend\.venv\Lib\site-packages\rich\console.py", line 2042, in _check_buffer
    self._write_buffer()
    ~~~~~~~~~~~~~~~~~~^^
  File "C:\Users\AYESHA RAHMAN\murf-livekit-starter\backend\.venv\Lib\site-packages\rich\console.py", line 2078, in _write_buffer
    legacy_windows_render(buffer, LegacyWindowsTerm(self.file))
    ~~~~~~~~~~~~~~~~~~~~~^^^^^^^^^^^^^^^^^^^^^^^^^^^^^^^^^^^^^^
  File "C:\Users\AYESHA RAHMAN\murf-livekit-starter\backend\.venv\Lib\site-packages\rich\_windows_renderer.py", line 17, in legacy_windows_render
    term.write_styled(text, style)
    ~~~~~~~~~~~~~~~~~^^^^^^^^^^^^^
  File "C:\Users\AYESHA RAHMAN\murf-livekit-starter\backend\.venv\Lib\site-packages\rich\_win32_console.py", line 441, in write_styled
    self.write_text(text)
    ~~~~~~~~~~~~~~~^^^^^^
  File "C:\Users\AYESHA RAHMAN\murf-livekit-starter\backend\.venv\Lib\site-packages\rich\_win32_console.py", line 402, in write_text
    self.write(text)
    ~~~~~~~~~~^^^^^^
  File "C:\Users\AYESHA RAHMAN\murf-livekit-starter\backend\.uv-python\cpython-3.13-windows-x86_64-none\Lib\encodings\cp1252.py", line 19, in encode
    return codecs.charmap_encode(input,self.errors,encoding_table)[0]
           ~~~~~~~~~~~~~~~~~~~~~^^^^^^^^^^^^^^^^^^^^^^^^^^^^^^^^^^
UnicodeEncodeError: 'charmap' codec can't encode character '\u20b9' in position 28: character maps to <undefined>
Call stack:
  File "C:\Users\AYESHA RAHMAN\murf-livekit-starter\backend\.uv-python\cpython-3.13-windows-x86_64-none\Lib\threading.py", line 1015, in _bootstrap
    self._bootstrap_inner()
  File "C:\Users\AYESHA RAHMAN\murf-livekit-starter\backend\.uv-python\cpython-3.13-windows-x86_64-none\Lib\threading.py", line 1044, in _bootstrap_inner
    self.run()
  File "C:\Users\AYESHA RAHMAN\murf-livekit-starter\backend\.uv-python\cpython-3.13-windows-x86_64-none\Lib\threading.py", line 995, in run
    self._target(*self._args, **self._kwargs)
  File "C:\Users\AYESHA RAHMAN\murf-livekit-starter\backend\.venv\Lib\site-packages\livekit\agents\ipc\job_proc_lazy_main.py", line 418, in thread_main
    client.run()
  File "C:\Users\AYESHA RAHMAN\murf-livekit-starter\backend\.venv\Lib\site-packages\livekit\agents\ipc\proc_client.py", line 70, in run
    loop.run_until_complete(self._task)
  File "C:\Users\AYESHA RAHMAN\murf-livekit-starter\backend\.uv-python\cpython-3.13-windows-x86_64-none\Lib\asyncio\base_events.py", line 712, in run_until_complete
    self.run_forever()
  File "C:\Users\AYESHA RAHMAN\murf-livekit-starter\backend\.uv-python\cpython-3.13-windows-x86_64-none\Lib\asyncio\base_events.py", line 683, in run_forever
    self._run_once()
  File "C:\Users\AYESHA RAHMAN\murf-livekit-starter\backend\.uv-python\cpython-3.13-windows-x86_64-none\Lib\asyncio\base_events.py", line 2060, in _run_once
    handle._run()
  File "C:\Users\AYESHA RAHMAN\murf-livekit-starter\backend\.uv-python\cpython-3.13-windows-x86_64-none\Lib\asyncio\events.py", line 89, in _run
    self._context.run(self._callback, *self._args)
  File "C:\Users\AYESHA RAHMAN\murf-livekit-starter\backend\.venv\Lib\site-packages\livekit\agents\voice\agent_activity.py", line 434, in _context_aware_coro
    return await coro
  File "C:\Users\AYESHA RAHMAN\murf-livekit-starter\backend\.venv\Lib\site-packages\livekit\agents\utils\log.py", line 17, in async_fn_logs
    return await fn(*args, **kwargs)
  File "C:\Users\AYESHA RAHMAN\murf-livekit-starter\backend\.venv\Lib\site-packages\livekit\agents\voice\agent_activity.py", line 1913, in _pipeline_reply_task
    await self._pipeline_reply_task_impl(
  File "C:\Users\AYESHA RAHMAN\murf-livekit-starter\backend\.venv\Lib\site-packages\livekit\agents\voice\agent_activity.py", line 2195, in _pipeline_reply_task_impl
    self._session._conversation_item_added(msg)
  File "C:\Users\AYESHA RAHMAN\murf-livekit-starter\backend\.venv\Lib\site-packages\livekit\agents\voice\agent_session.py", line 1409, in _conversation_item_added
    self.emit("conversation_item_added", ConversationItemAddedEvent(item=message))
  File "C:\Users\AYESHA RAHMAN\murf-livekit-starter\backend\.venv\Lib\site-packages\livekit\agents\voice\agent_session.py", line 428, in emit
    super().emit(event, arg)
  File "C:\Users\AYESHA RAHMAN\murf-livekit-starter\backend\.venv\Lib\site-packages\livekit\rtc\event_emitter.py", line 58, in emit
    callback(*callback_args)
  File "C:\Users\AYESHA RAHMAN\murf-livekit-starter\backend\src\agent.py", line 468, in on_conversation_item_added
    logger.info(
  File "C:\Users\AYESHA RAHMAN\murf-livekit-starter\backend\.uv-python\cpython-3.13-windows-x86_64-none\Lib\logging\__init__.py", line 1520, in info
    self._log(INFO, msg, args, **kwargs)
  File "C:\Users\AYESHA RAHMAN\murf-livekit-starter\backend\.uv-python\cpython-3.13-windows-x86_64-none\Lib\logging\__init__.py", line 1665, in _log
    self.handle(record)
  File "C:\Users\AYESHA RAHMAN\murf-livekit-starter\backend\.uv-python\cpython-3.13-windows-x86_64-none\Lib\logging\__init__.py", line 1681, in handle
    self.callHandlers(record)
  File "C:\Users\AYESHA RAHMAN\murf-livekit-starter\backend\.uv-python\cpython-3.13-windows-x86_64-none\Lib\logging\__init__.py", line 1737, in callHandlers
    hdlr.handle(record)
  File "C:\Users\AYESHA RAHMAN\murf-livekit-starter\backend\.uv-python\cpython-3.13-windows-x86_64-none\Lib\logging\__init__.py", line 1027, in handle
    self.emit(record)
  File "C:\Users\AYESHA RAHMAN\murf-livekit-starter\backend\.venv\Lib\site-packages\livekit\agents\cli\cli.py", line 957, in emit
    self.handleError(record)
Message: '[DEBUG-LLM] assistant text committed after playout=%r'
Arguments: ('Hello! I am your personal finance specialist. I already have your context from our conversation, so we can continue directly.\n\nYou earn \u20b930,000, currently spend around \u20b922,000, and have a savings target of \u20b910,000. \n\nNotice that your current spending (\u20b922,000) plus your desired savings (\u20b910,000) equals \u20b932,000, which is \u20b92,000 more than your monthly salary of \u20b930,000. To bridge this \u20b92,000 gap so you can',)
--- Logging error ---
Traceback (most recent call last):
  File "C:\Users\AYESHA RAHMAN\murf-livekit-starter\backend\.venv\Lib\site-packages\livekit\agents\cli\cli.py", line 944, in emit
    self.c.console.print(output)
    ~~~~~~~~~~~~~~~~~~~~^^^^^^^^
  File "C:\Users\AYESHA RAHMAN\murf-livekit-starter\backend\.venv\Lib\site-packages\rich\console.py", line 1697, in print
    with self:
         ^^^^
  File "C:\Users\AYESHA RAHMAN\murf-livekit-starter\backend\.venv\Lib\site-packages\rich\console.py", line 870, in __exit__
    self._exit_buffer()
    ~~~~~~~~~~~~~~~~~^^
  File "C:\Users\AYESHA RAHMAN\murf-livekit-starter\backend\.venv\Lib\site-packages\rich\console.py", line 826, in _exit_buffer
    self._check_buffer()
    ~~~~~~~~~~~~~~~~~~^^
  File "C:\Users\AYESHA RAHMAN\murf-livekit-starter\backend\.venv\Lib\site-packages\rich\console.py", line 2042, in _check_buffer
    self._write_buffer()
    ~~~~~~~~~~~~~~~~~~^^
  File "C:\Users\AYESHA RAHMAN\murf-livekit-starter\backend\.venv\Lib\site-packages\rich\console.py", line 2078, in _write_buffer
    legacy_windows_render(buffer, LegacyWindowsTerm(self.file))
    ~~~~~~~~~~~~~~~~~~~~~^^^^^^^^^^^^^^^^^^^^^^^^^^^^^^^^^^^^^^
  File "C:\Users\AYESHA RAHMAN\murf-livekit-starter\backend\.venv\Lib\site-packages\rich\_windows_renderer.py", line 17, in legacy_windows_render
    term.write_styled(text, style)
    ~~~~~~~~~~~~~~~~~^^^^^^^^^^^^^
  File "C:\Users\AYESHA RAHMAN\murf-livekit-starter\backend\.venv\Lib\site-packages\rich\_win32_console.py", line 441, in write_styled
    self.write_text(text)
    ~~~~~~~~~~~~~~~^^^^^^
  File "C:\Users\AYESHA RAHMAN\murf-livekit-starter\backend\.venv\Lib\site-packages\rich\_win32_console.py", line 402, in write_text
    self.write(text)
    ~~~~~~~~~~^^^^^^
  File "C:\Users\AYESHA RAHMAN\murf-livekit-starter\backend\.uv-python\cpython-3.13-windows-x86_64-none\Lib\encodings\cp1252.py", line 19, in encode
    return codecs.charmap_encode(input,self.errors,encoding_table)[0]
           ~~~~~~~~~~~~~~~~~~~~~^^^^^^^^^^^^^^^^^^^^^^^^^^^^^^^^^^
UnicodeEncodeError: 'charmap' codec can't encode character '\u20b9' in position 28: character maps to <undefined>
Call stack:
  File "C:\Users\AYESHA RAHMAN\murf-livekit-starter\backend\.uv-python\cpython-3.13-windows-x86_64-none\Lib\threading.py", line 1015, in _bootstrap
    self._bootstrap_inner()
  File "C:\Users\AYESHA RAHMAN\murf-livekit-starter\backend\.uv-python\cpython-3.13-windows-x86_64-none\Lib\threading.py", line 1044, in _bootstrap_inner
    self.run()
  File "C:\Users\AYESHA RAHMAN\murf-livekit-starter\backend\.uv-python\cpython-3.13-windows-x86_64-none\Lib\threading.py", line 995, in run
    self._target(*self._args, **self._kwargs)
  File "C:\Users\AYESHA RAHMAN\murf-livekit-starter\backend\.venv\Lib\site-packages\livekit\agents\ipc\job_proc_lazy_main.py", line 418, in thread_main
    client.run()
  File "C:\Users\AYESHA RAHMAN\murf-livekit-starter\backend\.venv\Lib\site-packages\livekit\agents\ipc\proc_client.py", line 70, in run
    loop.run_until_complete(self._task)
  File "C:\Users\AYESHA RAHMAN\murf-livekit-starter\backend\.uv-python\cpython-3.13-windows-x86_64-none\Lib\asyncio\base_events.py", line 712, in run_until_complete
    self.run_forever()
  File "C:\Users\AYESHA RAHMAN\murf-livekit-starter\backend\.uv-python\cpython-3.13-windows-x86_64-none\Lib\asyncio\base_events.py", line 683, in run_forever
    self._run_once()
  File "C:\Users\AYESHA RAHMAN\murf-livekit-starter\backend\.uv-python\cpython-3.13-windows-x86_64-none\Lib\asyncio\base_events.py", line 2060, in _run_once
    handle._run()
  File "C:\Users\AYESHA RAHMAN\murf-livekit-starter\backend\.uv-python\cpython-3.13-windows-x86_64-none\Lib\asyncio\events.py", line 89, in _run
    self._context.run(self._callback, *self._args)
  File "C:\Users\AYESHA RAHMAN\murf-livekit-starter\backend\.venv\Lib\site-packages\livekit\agents\utils\log.py", line 17, in async_fn_logs
    return await fn(*args, **kwargs)
  File "C:\Users\AYESHA RAHMAN\murf-livekit-starter\backend\.venv\Lib\site-packages\livekit\agents\voice\generation.py", line 608, in _execute_tools_task
    logger.debug(
  File "C:\Users\AYESHA RAHMAN\murf-livekit-starter\backend\.uv-python\cpython-3.13-windows-x86_64-none\Lib\logging\__init__.py", line 1508, in debug
    self._log(DEBUG, msg, args, **kwargs)
  File "C:\Users\AYESHA RAHMAN\murf-livekit-starter\backend\.uv-python\cpython-3.13-windows-x86_64-none\Lib\logging\__init__.py", line 1665, in _log
    self.handle(record)
  File "C:\Users\AYESHA RAHMAN\murf-livekit-starter\backend\.uv-python\cpython-3.13-windows-x86_64-none\Lib\logging\__init__.py", line 1681, in handle
    self.callHandlers(record)
  File "C:\Users\AYESHA RAHMAN\murf-livekit-starter\backend\.uv-python\cpython-3.13-windows-x86_64-none\Lib\logging\__init__.py", line 1737, in callHandlers
    hdlr.handle(record)
  File "C:\Users\AYESHA RAHMAN\murf-livekit-starter\backend\.uv-python\cpython-3.13-windows-x86_64-none\Lib\logging\__init__.py", line 1027, in handle
    self.emit(record)
  File "C:\Users\AYESHA RAHMAN\murf-livekit-starter\backend\.venv\Lib\site-packages\livekit\agents\cli\cli.py", line 957, in emit
    self.handleError(record)
Message: 'executing tool'
Arguments: ()
--- Logging error ---
Traceback (most recent call last):
  File "C:\Users\AYESHA RAHMAN\murf-livekit-starter\backend\.venv\Lib\site-packages\livekit\agents\cli\cli.py", line 944, in emit
    self.c.console.print(output)
    ~~~~~~~~~~~~~~~~~~~~^^^^^^^^
  File "C:\Users\AYESHA RAHMAN\murf-livekit-starter\backend\.venv\Lib\site-packages\rich\console.py", line 1697, in print
    with self:
         ^^^^
  File "C:\Users\AYESHA RAHMAN\murf-livekit-starter\backend\.venv\Lib\site-packages\rich\console.py", line 870, in __exit__
    self._exit_buffer()
    ~~~~~~~~~~~~~~~~~^^
  File "C:\Users\AYESHA RAHMAN\murf-livekit-starter\backend\.venv\Lib\site-packages\rich\console.py", line 826, in _exit_buffer
    self._check_buffer()
    ~~~~~~~~~~~~~~~~~~^^
  File "C:\Users\AYESHA RAHMAN\murf-livekit-starter\backend\.venv\Lib\site-packages\rich\console.py", line 2042, in _check_buffer
    self._write_buffer()
    ~~~~~~~~~~~~~~~~~~^^
  File "C:\Users\AYESHA RAHMAN\murf-livekit-starter\backend\.venv\Lib\site-packages\rich\console.py", line 2078, in _write_buffer
    legacy_windows_render(buffer, LegacyWindowsTerm(self.file))
    ~~~~~~~~~~~~~~~~~~~~~^^^^^^^^^^^^^^^^^^^^^^^^^^^^^^^^^^^^^^
  File "C:\Users\AYESHA RAHMAN\murf-livekit-starter\backend\.venv\Lib\site-packages\rich\_windows_renderer.py", line 17, in legacy_windows_render
    term.write_styled(text, style)
    ~~~~~~~~~~~~~~~~~^^^^^^^^^^^^^
  File "C:\Users\AYESHA RAHMAN\murf-livekit-starter\backend\.venv\Lib\site-packages\rich\_win32_console.py", line 441, in write_styled
    self.write_text(text)
    ~~~~~~~~~~~~~~~^^^^^^
  File "C:\Users\AYESHA RAHMAN\murf-livekit-starter\backend\.venv\Lib\site-packages\rich\_win32_console.py", line 402, in write_text
    self.write(text)
    ~~~~~~~~~~^^^^^^
  File "C:\Users\AYESHA RAHMAN\murf-livekit-starter\backend\.uv-python\cpython-3.13-windows-x86_64-none\Lib\encodings\cp1252.py", line 19, in encode
    return codecs.charmap_encode(input,self.errors,encoding_table)[0]
           ~~~~~~~~~~~~~~~~~~~~~^^^^^^^^^^^^^^^^^^^^^^^^^^^^^^^^^^
UnicodeEncodeError: 'charmap' codec can't encode character '\u20b9' in position 28: character maps to <undefined>
Call stack:
  File "C:\Users\AYESHA RAHMAN\murf-livekit-starter\backend\.uv-python\cpython-3.13-windows-x86_64-none\Lib\threading.py", line 1015, in _bootstrap
    self._bootstrap_inner()
  File "C:\Users\AYESHA RAHMAN\murf-livekit-starter\backend\.uv-python\cpython-3.13-windows-x86_64-none\Lib\threading.py", line 1044, in _bootstrap_inner
    self.run()
  File "C:\Users\AYESHA RAHMAN\murf-livekit-starter\backend\.uv-python\cpython-3.13-windows-x86_64-none\Lib\threading.py", line 995, in run
    self._target(*self._args, **self._kwargs)
  File "C:\Users\AYESHA RAHMAN\murf-livekit-starter\backend\.venv\Lib\site-packages\livekit\agents\ipc\job_proc_lazy_main.py", line 418, in thread_main
    client.run()
  File "C:\Users\AYESHA RAHMAN\murf-livekit-starter\backend\.venv\Lib\site-packages\livekit\agents\ipc\proc_client.py", line 70, in run
    loop.run_until_complete(self._task)
  File "C:\Users\AYESHA RAHMAN\murf-livekit-starter\backend\.uv-python\cpython-3.13-windows-x86_64-none\Lib\asyncio\base_events.py", line 712, in run_until_complete
    self.run_forever()
  File "C:\Users\AYESHA RAHMAN\murf-livekit-starter\backend\.uv-python\cpython-3.13-windows-x86_64-none\Lib\asyncio\base_events.py", line 683, in run_forever
    self._run_once()
  File "C:\Users\AYESHA RAHMAN\murf-livekit-starter\backend\.uv-python\cpython-3.13-windows-x86_64-none\Lib\asyncio\base_events.py", line 2060, in _run_once
    handle._run()
  File "C:\Users\AYESHA RAHMAN\murf-livekit-starter\backend\.uv-python\cpython-3.13-windows-x86_64-none\Lib\asyncio\events.py", line 89, in _run
    self._context.run(self._callback, *self._args)
  File "C:\Users\AYESHA RAHMAN\murf-livekit-starter\backend\.venv\Lib\site-packages\livekit\agents\utils\log.py", line 17, in async_fn_logs
    return await fn(*args, **kwargs)
  File "C:\Users\AYESHA RAHMAN\murf-livekit-starter\backend\.venv\Lib\site-packages\livekit\agents\llm\llm.py", line 348, in _metrics_monitor_task
    self._llm.emit("metrics_collected", metrics)
  File "C:\Users\AYESHA RAHMAN\murf-livekit-starter\backend\.venv\Lib\site-packages\livekit\rtc\event_emitter.py", line 58, in emit
    callback(*callback_args)
  File "C:\Users\AYESHA RAHMAN\murf-livekit-starter\backend\.venv\Lib\site-packages\livekit\agents\voice\agent_activity.py", line 1162, in _on_metrics_collected
    self._session.emit("metrics_collected", MetricsCollectedEvent(metrics=ev))
  File "C:\Users\AYESHA RAHMAN\murf-livekit-starter\backend\.venv\Lib\site-packages\livekit\agents\voice\agent_session.py", line 428, in emit
    super().emit(event, arg)
  File "C:\Users\AYESHA RAHMAN\murf-livekit-starter\backend\.venv\Lib\site-packages\livekit\rtc\event_emitter.py", line 58, in emit
    callback(*callback_args)
  File "C:\Users\AYESHA RAHMAN\murf-livekit-starter\backend\src\agent.py", line 477, in on_metrics_collected
    logger.info(
  File "C:\Users\AYESHA RAHMAN\murf-livekit-starter\backend\.uv-python\cpython-3.13-windows-x86_64-none\Lib\logging\__init__.py", line 1520, in info
    self._log(INFO, msg, args, **kwargs)
  File "C:\Users\AYESHA RAHMAN\murf-livekit-starter\backend\.uv-python\cpython-3.13-windows-x86_64-none\Lib\logging\__init__.py", line 1665, in _log
    self.handle(record)
  File "C:\Users\AYESHA RAHMAN\murf-livekit-starter\backend\.uv-python\cpython-3.13-windows-x86_64-none\Lib\logging\__init__.py", line 1681, in handle
    self.callHandlers(record)
  File "C:\Users\AYESHA RAHMAN\murf-livekit-starter\backend\.uv-python\cpython-3.13-windows-x86_64-none\Lib\logging\__init__.py", line 1737, in callHandlers
    hdlr.handle(record)
  File "C:\Users\AYESHA RAHMAN\murf-livekit-starter\backend\.uv-python\cpython-3.13-windows-x86_64-none\Lib\logging\__init__.py", line 1027, in handle
    self.emit(record)
  File "C:\Users\AYESHA RAHMAN\murf-livekit-starter\backend\.venv\Lib\site-packages\livekit\agents\cli\cli.py", line 957, in emit
    self.handleError(record)
Message: '[DEBUG-%s] metrics=%s'
Arguments: ('LLM', LLMMetrics(type='llm_metrics', label='livekit.plugins.google.llm.LLM', request_id='73ec7171efb2', timestamp=1786731068.8901074, duration=1.801619000001665, ttft=1.7637283000003663, cancelled=False, completion_tokens=14, prompt_tokens=760, prompt_cached_tokens=0, total_tokens=774, tokens_per_second=7.770788385328453, speech_id='speech_f48014a9f12d', metadata=Metadata(model_name='gemini-3.5-flash-lite', model_provider='Gemini')))
--- Logging error ---
Traceback (most recent call last):
  File "C:\Users\AYESHA RAHMAN\murf-livekit-starter\backend\.venv\Lib\site-packages\livekit\agents\cli\cli.py", line 944, in emit
    self.c.console.print(output)
    ~~~~~~~~~~~~~~~~~~~~^^^^^^^^
  File "C:\Users\AYESHA RAHMAN\murf-livekit-starter\backend\.venv\Lib\site-packages\rich\console.py", line 1697, in print
    with self:
         ^^^^
  File "C:\Users\AYESHA RAHMAN\murf-livekit-starter\backend\.venv\Lib\site-packages\rich\console.py", line 870, in __exit__
    self._exit_buffer()
    ~~~~~~~~~~~~~~~~~^^
  File "C:\Users\AYESHA RAHMAN\murf-livekit-starter\backend\.venv\Lib\site-packages\rich\console.py", line 826, in _exit_buffer
    self._check_buffer()
    ~~~~~~~~~~~~~~~~~~^^
  File "C:\Users\AYESHA RAHMAN\murf-livekit-starter\backend\.venv\Lib\site-packages\rich\console.py", line 2042, in _check_buffer
    self._write_buffer()
    ~~~~~~~~~~~~~~~~~~^^
  File "C:\Users\AYESHA RAHMAN\murf-livekit-starter\backend\.venv\Lib\site-packages\rich\console.py", line 2078, in _write_buffer
    legacy_windows_render(buffer, LegacyWindowsTerm(self.file))
    ~~~~~~~~~~~~~~~~~~~~~^^^^^^^^^^^^^^^^^^^^^^^^^^^^^^^^^^^^^^
  File "C:\Users\AYESHA RAHMAN\murf-livekit-starter\backend\.venv\Lib\site-packages\rich\_windows_renderer.py", line 17, in legacy_windows_render
    term.write_styled(text, style)
    ~~~~~~~~~~~~~~~~~^^^^^^^^^^^^^
  File "C:\Users\AYESHA RAHMAN\murf-livekit-starter\backend\.venv\Lib\site-packages\rich\_win32_console.py", line 441, in write_styled
    self.write_text(text)
    ~~~~~~~~~~~~~~~^^^^^^
  File "C:\Users\AYESHA RAHMAN\murf-livekit-starter\backend\.venv\Lib\site-packages\rich\_win32_console.py", line 402, in write_text
    self.write(text)
    ~~~~~~~~~~^^^^^^
  File "C:\Users\AYESHA RAHMAN\murf-livekit-starter\backend\.uv-python\cpython-3.13-windows-x86_64-none\Lib\encodings\cp1252.py", line 19, in encode
    return codecs.charmap_encode(input,self.errors,encoding_table)[0]
           ~~~~~~~~~~~~~~~~~~~~~^^^^^^^^^^^^^^^^^^^^^^^^^^^^^^^^^^
UnicodeEncodeError: 'charmap' codec can't encode character '\u20b9' in position 28: character maps to <undefined>
Call stack:
  File "C:\Users\AYESHA RAHMAN\murf-livekit-starter\backend\.uv-python\cpython-3.13-windows-x86_64-none\Lib\threading.py", line 1015, in _bootstrap
    self._bootstrap_inner()
  File "C:\Users\AYESHA RAHMAN\murf-livekit-starter\backend\.uv-python\cpython-3.13-windows-x86_64-none\Lib\threading.py", line 1044, in _bootstrap_inner
    self.run()
  File "C:\Users\AYESHA RAHMAN\murf-livekit-starter\backend\.uv-python\cpython-3.13-windows-x86_64-none\Lib\threading.py", line 995, in run
    self._target(*self._args, **self._kwargs)
  File "C:\Users\AYESHA RAHMAN\murf-livekit-starter\backend\.venv\Lib\site-packages\livekit\agents\ipc\job_proc_lazy_main.py", line 418, in thread_main
    client.run()
  File "C:\Users\AYESHA RAHMAN\murf-livekit-starter\backend\.venv\Lib\site-packages\livekit\agents\ipc\proc_client.py", line 70, in run
    loop.run_until_complete(self._task)
  File "C:\Users\AYESHA RAHMAN\murf-livekit-starter\backend\.uv-python\cpython-3.13-windows-x86_64-none\Lib\asyncio\base_events.py", line 712, in run_until_complete
    self.run_forever()
  File "C:\Users\AYESHA RAHMAN\murf-livekit-starter\backend\.uv-python\cpython-3.13-windows-x86_64-none\Lib\asyncio\base_events.py", line 683, in run_forever
    self._run_once()
  File "C:\Users\AYESHA RAHMAN\murf-livekit-starter\backend\.uv-python\cpython-3.13-windows-x86_64-none\Lib\asyncio\base_events.py", line 2060, in _run_once
    handle._run()
  File "C:\Users\AYESHA RAHMAN\murf-livekit-starter\backend\.uv-python\cpython-3.13-windows-x86_64-none\Lib\asyncio\events.py", line 89, in _run
    self._context.run(self._callback, *self._args)
  File "C:\Users\AYESHA RAHMAN\murf-livekit-starter\backend\.venv\Lib\site-packages\livekit\agents\tts\stream_pacer.py", line 149, in _send_task
    logger.debug(
  File "C:\Users\AYESHA RAHMAN\murf-livekit-starter\backend\.uv-python\cpython-3.13-windows-x86_64-none\Lib\logging\__init__.py", line 1508, in debug
    self._log(DEBUG, msg, args, **kwargs)
  File "C:\Users\AYESHA RAHMAN\murf-livekit-starter\backend\.uv-python\cpython-3.13-windows-x86_64-none\Lib\logging\__init__.py", line 1665, in _log
    self.handle(record)
  File "C:\Users\AYESHA RAHMAN\murf-livekit-starter\backend\.uv-python\cpython-3.13-windows-x86_64-none\Lib\logging\__init__.py", line 1681, in handle
    self.callHandlers(record)
  File "C:\Users\AYESHA RAHMAN\murf-livekit-starter\backend\.uv-python\cpython-3.13-windows-x86_64-none\Lib\logging\__init__.py", line 1737, in callHandlers
    hdlr.handle(record)
  File "C:\Users\AYESHA RAHMAN\murf-livekit-starter\backend\.uv-python\cpython-3.13-windows-x86_64-none\Lib\logging\__init__.py", line 1027, in handle
    self.emit(record)
  File "C:\Users\AYESHA RAHMAN\murf-livekit-starter\backend\.venv\Lib\site-packages\livekit\agents\cli\cli.py", line 957, in emit
    self.handleError(record)
Message: 'sent text to tts'
Arguments: ()
--- Logging error ---
Traceback (most recent call last):
  File "C:\Users\AYESHA RAHMAN\murf-livekit-starter\backend\.venv\Lib\site-packages\livekit\agents\cli\cli.py", line 944, in emit
    self.c.console.print(output)
    ~~~~~~~~~~~~~~~~~~~~^^^^^^^^
  File "C:\Users\AYESHA RAHMAN\murf-livekit-starter\backend\.venv\Lib\site-packages\rich\console.py", line 1697, in print
    with self:
         ^^^^
  File "C:\Users\AYESHA RAHMAN\murf-livekit-starter\backend\.venv\Lib\site-packages\rich\console.py", line 870, in __exit__
    self._exit_buffer()
    ~~~~~~~~~~~~~~~~~^^
  File "C:\Users\AYESHA RAHMAN\murf-livekit-starter\backend\.venv\Lib\site-packages\rich\console.py", line 826, in _exit_buffer
    self._check_buffer()
    ~~~~~~~~~~~~~~~~~~^^
  File "C:\Users\AYESHA RAHMAN\murf-livekit-starter\backend\.venv\Lib\site-packages\rich\console.py", line 2042, in _check_buffer
    self._write_buffer()
    ~~~~~~~~~~~~~~~~~~^^
  File "C:\Users\AYESHA RAHMAN\murf-livekit-starter\backend\.venv\Lib\site-packages\rich\console.py", line 2078, in _write_buffer
    legacy_windows_render(buffer, LegacyWindowsTerm(self.file))
    ~~~~~~~~~~~~~~~~~~~~~^^^^^^^^^^^^^^^^^^^^^^^^^^^^^^^^^^^^^^
  File "C:\Users\AYESHA RAHMAN\murf-livekit-starter\backend\.venv\Lib\site-packages\rich\_windows_renderer.py", line 17, in legacy_windows_render
    term.write_styled(text, style)
    ~~~~~~~~~~~~~~~~~^^^^^^^^^^^^^
  File "C:\Users\AYESHA RAHMAN\murf-livekit-starter\backend\.venv\Lib\site-packages\rich\_win32_console.py", line 441, in write_styled
    self.write_text(text)
    ~~~~~~~~~~~~~~~^^^^^^
  File "C:\Users\AYESHA RAHMAN\murf-livekit-starter\backend\.venv\Lib\site-packages\rich\_win32_console.py", line 402, in write_text
    self.write(text)
    ~~~~~~~~~~^^^^^^
  File "C:\Users\AYESHA RAHMAN\murf-livekit-starter\backend\.uv-python\cpython-3.13-windows-x86_64-none\Lib\encodings\cp1252.py", line 19, in encode
    return codecs.charmap_encode(input,self.errors,encoding_table)[0]
           ~~~~~~~~~~~~~~~~~~~~~^^^^^^^^^^^^^^^^^^^^^^^^^^^^^^^^^^
UnicodeEncodeError: 'charmap' codec can't encode character '\u20b9' in position 28: character maps to <undefined>
Call stack:
  File "C:\Users\AYESHA RAHMAN\murf-livekit-starter\backend\.uv-python\cpython-3.13-windows-x86_64-none\Lib\threading.py", line 1015, in _bootstrap
    self._bootstrap_inner()
  File "C:\Users\AYESHA RAHMAN\murf-livekit-starter\backend\.uv-python\cpython-3.13-windows-x86_64-none\Lib\threading.py", line 1044, in _bootstrap_inner
    self.run()
  File "C:\Users\AYESHA RAHMAN\murf-livekit-starter\backend\.uv-python\cpython-3.13-windows-x86_64-none\Lib\threading.py", line 995, in run
    self._target(*self._args, **self._kwargs)
  File "C:\Users\AYESHA RAHMAN\murf-livekit-starter\backend\.venv\Lib\site-packages\livekit\agents\ipc\job_proc_lazy_main.py", line 418, in thread_main
    client.run()
  File "C:\Users\AYESHA RAHMAN\murf-livekit-starter\backend\.venv\Lib\site-packages\livekit\agents\ipc\proc_client.py", line 70, in run
    loop.run_until_complete(self._task)
  File "C:\Users\AYESHA RAHMAN\murf-livekit-starter\backend\.uv-python\cpython-3.13-windows-x86_64-none\Lib\asyncio\base_events.py", line 712, in run_until_complete
    self.run_forever()
  File "C:\Users\AYESHA RAHMAN\murf-livekit-starter\backend\.uv-python\cpython-3.13-windows-x86_64-none\Lib\asyncio\base_events.py", line 683, in run_forever
    self._run_once()
  File "C:\Users\AYESHA RAHMAN\murf-livekit-starter\backend\.uv-python\cpython-3.13-windows-x86_64-none\Lib\asyncio\base_events.py", line 2060, in _run_once
    handle._run()
  File "C:\Users\AYESHA RAHMAN\murf-livekit-starter\backend\.uv-python\cpython-3.13-windows-x86_64-none\Lib\asyncio\events.py", line 89, in _run
    self._context.run(self._callback, *self._args)
  File "C:\Users\AYESHA RAHMAN\murf-livekit-starter\backend\.venv\Lib\site-packages\livekit\plugins\murf\tts.py", line 351, in _sentence_stream_task
    logger.info(
  File "C:\Users\AYESHA RAHMAN\murf-livekit-starter\backend\.uv-python\cpython-3.13-windows-x86_64-none\Lib\logging\__init__.py", line 1520, in info
    self._log(INFO, msg, args, **kwargs)
  File "C:\Users\AYESHA RAHMAN\murf-livekit-starter\backend\.uv-python\cpython-3.13-windows-x86_64-none\Lib\logging\__init__.py", line 1665, in _log
    self.handle(record)
  File "C:\Users\AYESHA RAHMAN\murf-livekit-starter\backend\.uv-python\cpython-3.13-windows-x86_64-none\Lib\logging\__init__.py", line 1681, in handle
    self.callHandlers(record)
  File "C:\Users\AYESHA RAHMAN\murf-livekit-starter\backend\.uv-python\cpython-3.13-windows-x86_64-none\Lib\logging\__init__.py", line 1737, in callHandlers
    hdlr.handle(record)
  File "C:\Users\AYESHA RAHMAN\murf-livekit-starter\backend\.uv-python\cpython-3.13-windows-x86_64-none\Lib\logging\__init__.py", line 1027, in handle
    self.emit(record)
  File "C:\Users\AYESHA RAHMAN\murf-livekit-starter\backend\.venv\Lib\site-packages\livekit\agents\cli\cli.py", line 957, in emit
    self.handleError(record)
Message: '[Murf TTS] Stream started - context_id=%s, voice=%s, style=%s, locale=%s, min_buffer_size=%d, max_buffer_delay_in_ms=%d, endpoint=%s'
Arguments: ('3608d34cce7d', 'Samar', 'Conversation', None, 3, 0, 'https://global.api.murf.ai')
--- Logging error ---
Traceback (most recent call last):
  File "C:\Users\AYESHA RAHMAN\murf-livekit-starter\backend\.venv\Lib\site-packages\livekit\agents\cli\cli.py", line 944, in emit
    self.c.console.print(output)
    ~~~~~~~~~~~~~~~~~~~~^^^^^^^^
  File "C:\Users\AYESHA RAHMAN\murf-livekit-starter\backend\.venv\Lib\site-packages\rich\console.py", line 1697, in print
    with self:
         ^^^^
  File "C:\Users\AYESHA RAHMAN\murf-livekit-starter\backend\.venv\Lib\site-packages\rich\console.py", line 870, in __exit__
    self._exit_buffer()
    ~~~~~~~~~~~~~~~~~^^
  File "C:\Users\AYESHA RAHMAN\murf-livekit-starter\backend\.venv\Lib\site-packages\rich\console.py", line 826, in _exit_buffer
    self._check_buffer()
    ~~~~~~~~~~~~~~~~~~^^
  File "C:\Users\AYESHA RAHMAN\murf-livekit-starter\backend\.venv\Lib\site-packages\rich\console.py", line 2042, in _check_buffer
    self._write_buffer()
    ~~~~~~~~~~~~~~~~~~^^
  File "C:\Users\AYESHA RAHMAN\murf-livekit-starter\backend\.venv\Lib\site-packages\rich\console.py", line 2078, in _write_buffer
    legacy_windows_render(buffer, LegacyWindowsTerm(self.file))
    ~~~~~~~~~~~~~~~~~~~~~^^^^^^^^^^^^^^^^^^^^^^^^^^^^^^^^^^^^^^
  File "C:\Users\AYESHA RAHMAN\murf-livekit-starter\backend\.venv\Lib\site-packages\rich\_windows_renderer.py", line 17, in legacy_windows_render
    term.write_styled(text, style)
    ~~~~~~~~~~~~~~~~~^^^^^^^^^^^^^
  File "C:\Users\AYESHA RAHMAN\murf-livekit-starter\backend\.venv\Lib\site-packages\rich\_win32_console.py", line 441, in write_styled
    self.write_text(text)
    ~~~~~~~~~~~~~~~^^^^^^
  File "C:\Users\AYESHA RAHMAN\murf-livekit-starter\backend\.venv\Lib\site-packages\rich\_win32_console.py", line 402, in write_text
    self.write(text)
    ~~~~~~~~~~^^^^^^
  File "C:\Users\AYESHA RAHMAN\murf-livekit-starter\backend\.uv-python\cpython-3.13-windows-x86_64-none\Lib\encodings\cp1252.py", line 19, in encode
    return codecs.charmap_encode(input,self.errors,encoding_table)[0]
           ~~~~~~~~~~~~~~~~~~~~~^^^^^^^^^^^^^^^^^^^^^^^^^^^^^^^^^^
UnicodeEncodeError: 'charmap' codec can't encode character '\u20b9' in position 28: character maps to <undefined>
Call stack:
  File "C:\Users\AYESHA RAHMAN\murf-livekit-starter\backend\.uv-python\cpython-3.13-windows-x86_64-none\Lib\threading.py", line 1015, in _bootstrap
    self._bootstrap_inner()
  File "C:\Users\AYESHA RAHMAN\murf-livekit-starter\backend\.uv-python\cpython-3.13-windows-x86_64-none\Lib\threading.py", line 1044, in _bootstrap_inner
    self.run()
  File "C:\Users\AYESHA RAHMAN\murf-livekit-starter\backend\.uv-python\cpython-3.13-windows-x86_64-none\Lib\threading.py", line 995, in run
    self._target(*self._args, **self._kwargs)
  File "C:\Users\AYESHA RAHMAN\murf-livekit-starter\backend\.venv\Lib\site-packages\livekit\agents\ipc\job_proc_lazy_main.py", line 418, in thread_main
    client.run()
  File "C:\Users\AYESHA RAHMAN\murf-livekit-starter\backend\.venv\Lib\site-packages\livekit\agents\ipc\proc_client.py", line 70, in run
    loop.run_until_complete(self._task)
  File "C:\Users\AYESHA RAHMAN\murf-livekit-starter\backend\.uv-python\cpython-3.13-windows-x86_64-none\Lib\asyncio\base_events.py", line 712, in run_until_complete
    self.run_forever()
  File "C:\Users\AYESHA RAHMAN\murf-livekit-starter\backend\.uv-python\cpython-3.13-windows-x86_64-none\Lib\asyncio\base_events.py", line 683, in run_forever
    self._run_once()
  File "C:\Users\AYESHA RAHMAN\murf-livekit-starter\backend\.uv-python\cpython-3.13-windows-x86_64-none\Lib\asyncio\base_events.py", line 2060, in _run_once
    handle._run()
  File "C:\Users\AYESHA RAHMAN\murf-livekit-starter\backend\.uv-python\cpython-3.13-windows-x86_64-none\Lib\asyncio\events.py", line 89, in _run
    self._context.run(self._callback, *self._args)
  File "C:\Users\AYESHA RAHMAN\murf-livekit-starter\backend\.venv\Lib\site-packages\livekit\plugins\murf\tts.py", line 412, in _recv_task
    logger.info("[Murf TTS] Murf TTFB (first sentence to first audio): %.2f ms", ttfb_ms)
  File "C:\Users\AYESHA RAHMAN\murf-livekit-starter\backend\.uv-python\cpython-3.13-windows-x86_64-none\Lib\logging\__init__.py", line 1520, in info
    self._log(INFO, msg, args, **kwargs)
  File "C:\Users\AYESHA RAHMAN\murf-livekit-starter\backend\.uv-python\cpython-3.13-windows-x86_64-none\Lib\logging\__init__.py", line 1665, in _log
    self.handle(record)
  File "C:\Users\AYESHA RAHMAN\murf-livekit-starter\backend\.uv-python\cpython-3.13-windows-x86_64-none\Lib\logging\__init__.py", line 1681, in handle
    self.callHandlers(record)
  File "C:\Users\AYESHA RAHMAN\murf-livekit-starter\backend\.uv-python\cpython-3.13-windows-x86_64-none\Lib\logging\__init__.py", line 1737, in callHandlers
    hdlr.handle(record)
  File "C:\Users\AYESHA RAHMAN\murf-livekit-starter\backend\.uv-python\cpython-3.13-windows-x86_64-none\Lib\logging\__init__.py", line 1027, in handle
    self.emit(record)
  File "C:\Users\AYESHA RAHMAN\murf-livekit-starter\backend\.venv\Lib\site-packages\livekit\agents\cli\cli.py", line 957, in emit
    self.handleError(record)
Message: '[Murf TTS] Murf TTFB (first sentence to first audio): %.2f ms'
Arguments: (150.07179999884102,)
--- Logging error ---
Traceback (most recent call last):
  File "C:\Users\AYESHA RAHMAN\murf-livekit-starter\backend\.venv\Lib\site-packages\livekit\agents\cli\cli.py", line 944, in emit
    self.c.console.print(output)
    ~~~~~~~~~~~~~~~~~~~~^^^^^^^^
  File "C:\Users\AYESHA RAHMAN\murf-livekit-starter\backend\.venv\Lib\site-packages\rich\console.py", line 1697, in print
    with self:
         ^^^^
  File "C:\Users\AYESHA RAHMAN\murf-livekit-starter\backend\.venv\Lib\site-packages\rich\console.py", line 870, in __exit__
    self._exit_buffer()
    ~~~~~~~~~~~~~~~~~^^
  File "C:\Users\AYESHA RAHMAN\murf-livekit-starter\backend\.venv\Lib\site-packages\rich\console.py", line 826, in _exit_buffer
    self._check_buffer()
    ~~~~~~~~~~~~~~~~~~^^
  File "C:\Users\AYESHA RAHMAN\murf-livekit-starter\backend\.venv\Lib\site-packages\rich\console.py", line 2042, in _check_buffer
    self._write_buffer()
    ~~~~~~~~~~~~~~~~~~^^
  File "C:\Users\AYESHA RAHMAN\murf-livekit-starter\backend\.venv\Lib\site-packages\rich\console.py", line 2078, in _write_buffer
    legacy_windows_render(buffer, LegacyWindowsTerm(self.file))
    ~~~~~~~~~~~~~~~~~~~~~^^^^^^^^^^^^^^^^^^^^^^^^^^^^^^^^^^^^^^
  File "C:\Users\AYESHA RAHMAN\murf-livekit-starter\backend\.venv\Lib\site-packages\rich\_windows_renderer.py", line 17, in legacy_windows_render
    term.write_styled(text, style)
    ~~~~~~~~~~~~~~~~~^^^^^^^^^^^^^
  File "C:\Users\AYESHA RAHMAN\murf-livekit-starter\backend\.venv\Lib\site-packages\rich\_win32_console.py", line 441, in write_styled
    self.write_text(text)
    ~~~~~~~~~~~~~~~^^^^^^
  File "C:\Users\AYESHA RAHMAN\murf-livekit-starter\backend\.venv\Lib\site-packages\rich\_win32_console.py", line 402, in write_text
    self.write(text)
    ~~~~~~~~~~^^^^^^
  File "C:\Users\AYESHA RAHMAN\murf-livekit-starter\backend\.uv-python\cpython-3.13-windows-x86_64-none\Lib\encodings\cp1252.py", line 19, in encode
    return codecs.charmap_encode(input,self.errors,encoding_table)[0]
           ~~~~~~~~~~~~~~~~~~~~~^^^^^^^^^^^^^^^^^^^^^^^^^^^^^^^^^^
UnicodeEncodeError: 'charmap' codec can't encode character '\u20b9' in position 28: character maps to <undefined>
Call stack:
  File "C:\Users\AYESHA RAHMAN\murf-livekit-starter\backend\.uv-python\cpython-3.13-windows-x86_64-none\Lib\threading.py", line 1015, in _bootstrap
    self._bootstrap_inner()
  File "C:\Users\AYESHA RAHMAN\murf-livekit-starter\backend\.uv-python\cpython-3.13-windows-x86_64-none\Lib\threading.py", line 1044, in _bootstrap_inner
    self.run()
  File "C:\Users\AYESHA RAHMAN\murf-livekit-starter\backend\.uv-python\cpython-3.13-windows-x86_64-none\Lib\threading.py", line 995, in run
    self._target(*self._args, **self._kwargs)
  File "C:\Users\AYESHA RAHMAN\murf-livekit-starter\backend\.venv\Lib\site-packages\livekit\agents\ipc\job_proc_lazy_main.py", line 418, in thread_main
    client.run()
  File "C:\Users\AYESHA RAHMAN\murf-livekit-starter\backend\.venv\Lib\site-packages\livekit\agents\ipc\proc_client.py", line 70, in run
    loop.run_until_complete(self._task)
  File "C:\Users\AYESHA RAHMAN\murf-livekit-starter\backend\.uv-python\cpython-3.13-windows-x86_64-none\Lib\asyncio\base_events.py", line 712, in run_until_complete
    self.run_forever()
  File "C:\Users\AYESHA RAHMAN\murf-livekit-starter\backend\.uv-python\cpython-3.13-windows-x86_64-none\Lib\asyncio\base_events.py", line 683, in run_forever
    self._run_once()
  File "C:\Users\AYESHA RAHMAN\murf-livekit-starter\backend\.uv-python\cpython-3.13-windows-x86_64-none\Lib\asyncio\base_events.py", line 2060, in _run_once
    handle._run()
  File "C:\Users\AYESHA RAHMAN\murf-livekit-starter\backend\.uv-python\cpython-3.13-windows-x86_64-none\Lib\asyncio\events.py", line 89, in _run
    self._context.run(self._callback, *self._args)
  File "C:\Users\AYESHA RAHMAN\murf-livekit-starter\backend\.venv\Lib\site-packages\livekit\agents\tts\tts.py", line 570, in _metrics_monitor_task
    _emit_metrics()
  File "C:\Users\AYESHA RAHMAN\murf-livekit-starter\backend\.venv\Lib\site-packages\livekit\agents\tts\tts.py", line 554, in _emit_metrics
    self._tts.emit("metrics_collected", metrics)
  File "C:\Users\AYESHA RAHMAN\murf-livekit-starter\backend\.venv\Lib\site-packages\livekit\rtc\event_emitter.py", line 58, in emit
    callback(*callback_args)
  File "C:\Users\AYESHA RAHMAN\murf-livekit-starter\backend\.venv\Lib\site-packages\livekit\agents\voice\agent_activity.py", line 1162, in _on_metrics_collected
    self._session.emit("metrics_collected", MetricsCollectedEvent(metrics=ev))
  File "C:\Users\AYESHA RAHMAN\murf-livekit-starter\backend\.venv\Lib\site-packages\livekit\agents\voice\agent_session.py", line 428, in emit
    super().emit(event, arg)
  File "C:\Users\AYESHA RAHMAN\murf-livekit-starter\backend\.venv\Lib\site-packages\livekit\rtc\event_emitter.py", line 58, in emit
    callback(*callback_args)
  File "C:\Users\AYESHA RAHMAN\murf-livekit-starter\backend\src\agent.py", line 477, in on_metrics_collected
    logger.info(
  File "C:\Users\AYESHA RAHMAN\murf-livekit-starter\backend\.uv-python\cpython-3.13-windows-x86_64-none\Lib\logging\__init__.py", line 1520, in info
    self._log(INFO, msg, args, **kwargs)
  File "C:\Users\AYESHA RAHMAN\murf-livekit-starter\backend\.uv-python\cpython-3.13-windows-x86_64-none\Lib\logging\__init__.py", line 1665, in _log
    self.handle(record)
  File "C:\Users\AYESHA RAHMAN\murf-livekit-starter\backend\.uv-python\cpython-3.13-windows-x86_64-none\Lib\logging\__init__.py", line 1681, in handle
    self.callHandlers(record)
  File "C:\Users\AYESHA RAHMAN\murf-livekit-starter\backend\.uv-python\cpython-3.13-windows-x86_64-none\Lib\logging\__init__.py", line 1737, in callHandlers
    hdlr.handle(record)
  File "C:\Users\AYESHA RAHMAN\murf-livekit-starter\backend\.uv-python\cpython-3.13-windows-x86_64-none\Lib\logging\__init__.py", line 1027, in handle
    self.emit(record)
  File "C:\Users\AYESHA RAHMAN\murf-livekit-starter\backend\.venv\Lib\site-packages\livekit\agents\cli\cli.py", line 957, in emit
    self.handleError(record)
Message: '[DEBUG-%s] metrics=%s'
Arguments: ('TTS', TTSMetrics(type='tts_metrics', label='livekit.plugins.murf.tts.TTS', request_id='0d41c49e519a', timestamp=1786731069.6405244, ttfb=0.2297149999976682, duration=0.5948521999998775, audio_duration=2.64, cancelled=False, characters_count=53, streamed=True, segment_id='3608d34cce7d', speech_id='speech_78dd8a9ae2f5', metadata=Metadata(model_name='FALCON', model_provider='Murf')))
--- Logging error ---
Traceback (most recent call last):
  File "C:\Users\AYESHA RAHMAN\murf-livekit-starter\backend\.venv\Lib\site-packages\livekit\agents\cli\cli.py", line 944, in emit
    self.c.console.print(output)
    ~~~~~~~~~~~~~~~~~~~~^^^^^^^^
  File "C:\Users\AYESHA RAHMAN\murf-livekit-starter\backend\.venv\Lib\site-packages\rich\console.py", line 1697, in print
    with self:
         ^^^^
  File "C:\Users\AYESHA RAHMAN\murf-livekit-starter\backend\.venv\Lib\site-packages\rich\console.py", line 870, in __exit__
    self._exit_buffer()
    ~~~~~~~~~~~~~~~~~^^
  File "C:\Users\AYESHA RAHMAN\murf-livekit-starter\backend\.venv\Lib\site-packages\rich\console.py", line 826, in _exit_buffer
    self._check_buffer()
    ~~~~~~~~~~~~~~~~~~^^
  File "C:\Users\AYESHA RAHMAN\murf-livekit-starter\backend\.venv\Lib\site-packages\rich\console.py", line 2042, in _check_buffer
    self._write_buffer()
    ~~~~~~~~~~~~~~~~~~^^
  File "C:\Users\AYESHA RAHMAN\murf-livekit-starter\backend\.venv\Lib\site-packages\rich\console.py", line 2078, in _write_buffer
    legacy_windows_render(buffer, LegacyWindowsTerm(self.file))
    ~~~~~~~~~~~~~~~~~~~~~^^^^^^^^^^^^^^^^^^^^^^^^^^^^^^^^^^^^^^
  File "C:\Users\AYESHA RAHMAN\murf-livekit-starter\backend\.venv\Lib\site-packages\rich\_windows_renderer.py", line 17, in legacy_windows_render
    term.write_styled(text, style)
    ~~~~~~~~~~~~~~~~~^^^^^^^^^^^^^
  File "C:\Users\AYESHA RAHMAN\murf-livekit-starter\backend\.venv\Lib\site-packages\rich\_win32_console.py", line 441, in write_styled
    self.write_text(text)
    ~~~~~~~~~~~~~~~^^^^^^
  File "C:\Users\AYESHA RAHMAN\murf-livekit-starter\backend\.venv\Lib\site-packages\rich\_win32_console.py", line 402, in write_text
    self.write(text)
    ~~~~~~~~~~^^^^^^
  File "C:\Users\AYESHA RAHMAN\murf-livekit-starter\backend\.uv-python\cpython-3.13-windows-x86_64-none\Lib\encodings\cp1252.py", line 19, in encode
    return codecs.charmap_encode(input,self.errors,encoding_table)[0]
           ~~~~~~~~~~~~~~~~~~~~~^^^^^^^^^^^^^^^^^^^^^^^^^^^^^^^^^^
UnicodeEncodeError: 'charmap' codec can't encode character '\u20b9' in position 28: character maps to <undefined>
Call stack:
  File "C:\Users\AYESHA RAHMAN\murf-livekit-starter\backend\.uv-python\cpython-3.13-windows-x86_64-none\Lib\threading.py", line 1015, in _bootstrap
    self._bootstrap_inner()
  File "C:\Users\AYESHA RAHMAN\murf-livekit-starter\backend\.uv-python\cpython-3.13-windows-x86_64-none\Lib\threading.py", line 1044, in _bootstrap_inner
    self.run()
  File "C:\Users\AYESHA RAHMAN\murf-livekit-starter\backend\.uv-python\cpython-3.13-windows-x86_64-none\Lib\threading.py", line 995, in run
    self._target(*self._args, **self._kwargs)
  File "C:\Users\AYESHA RAHMAN\murf-livekit-starter\backend\.venv\Lib\site-packages\livekit\agents\ipc\job_proc_lazy_main.py", line 418, in thread_main
    client.run()
  File "C:\Users\AYESHA RAHMAN\murf-livekit-starter\backend\.venv\Lib\site-packages\livekit\agents\ipc\proc_client.py", line 70, in run
    loop.run_until_complete(self._task)
  File "C:\Users\AYESHA RAHMAN\murf-livekit-starter\backend\.uv-python\cpython-3.13-windows-x86_64-none\Lib\asyncio\base_events.py", line 712, in run_until_complete
    self.run_forever()
  File "C:\Users\AYESHA RAHMAN\murf-livekit-starter\backend\.uv-python\cpython-3.13-windows-x86_64-none\Lib\asyncio\base_events.py", line 683, in run_forever
    self._run_once()
  File "C:\Users\AYESHA RAHMAN\murf-livekit-starter\backend\.uv-python\cpython-3.13-windows-x86_64-none\Lib\asyncio\base_events.py", line 2060, in _run_once
    handle._run()
  File "C:\Users\AYESHA RAHMAN\murf-livekit-starter\backend\.uv-python\cpython-3.13-windows-x86_64-none\Lib\asyncio\events.py", line 89, in _run
    self._context.run(self._callback, *self._args)
  File "C:\Users\AYESHA RAHMAN\murf-livekit-starter\backend\.venv\Lib\site-packages\livekit\agents\stt\stt.py", line 384, in _metrics_monitor_task
    self._stt.emit("metrics_collected", stt_metrics)
  File "C:\Users\AYESHA RAHMAN\murf-livekit-starter\backend\.venv\Lib\site-packages\livekit\rtc\event_emitter.py", line 58, in emit
    callback(*callback_args)
  File "C:\Users\AYESHA RAHMAN\murf-livekit-starter\backend\.venv\Lib\site-packages\livekit\agents\voice\agent_activity.py", line 1162, in _on_metrics_collected
    self._session.emit("metrics_collected", MetricsCollectedEvent(metrics=ev))
  File "C:\Users\AYESHA RAHMAN\murf-livekit-starter\backend\.venv\Lib\site-packages\livekit\agents\voice\agent_session.py", line 428, in emit
    super().emit(event, arg)
  File "C:\Users\AYESHA RAHMAN\murf-livekit-starter\backend\.venv\Lib\site-packages\livekit\rtc\event_emitter.py", line 58, in emit
    callback(*callback_args)
  File "C:\Users\AYESHA RAHMAN\murf-livekit-starter\backend\src\agent.py", line 477, in on_metrics_collected
    logger.info(
  File "C:\Users\AYESHA RAHMAN\murf-livekit-starter\backend\.uv-python\cpython-3.13-windows-x86_64-none\Lib\logging\__init__.py", line 1520, in info
    self._log(INFO, msg, args, **kwargs)
  File "C:\Users\AYESHA RAHMAN\murf-livekit-starter\backend\.uv-python\cpython-3.13-windows-x86_64-none\Lib\logging\__init__.py", line 1665, in _log
    self.handle(record)
  File "C:\Users\AYESHA RAHMAN\murf-livekit-starter\backend\.uv-python\cpython-3.13-windows-x86_64-none\Lib\logging\__init__.py", line 1681, in handle
    self.callHandlers(record)
  File "C:\Users\AYESHA RAHMAN\murf-livekit-starter\backend\.uv-python\cpython-3.13-windows-x86_64-none\Lib\logging\__init__.py", line 1737, in callHandlers
    hdlr.handle(record)
  File "C:\Users\AYESHA RAHMAN\murf-livekit-starter\backend\.uv-python\cpython-3.13-windows-x86_64-none\Lib\logging\__init__.py", line 1027, in handle
    self.emit(record)
  File "C:\Users\AYESHA RAHMAN\murf-livekit-starter\backend\.venv\Lib\site-packages\livekit\agents\cli\cli.py", line 957, in emit
    self.handleError(record)
Message: '[DEBUG-%s] metrics=%s'
Arguments: ('STT', STTMetrics(type='stt_metrics', label='livekit.plugins.deepgram.stt.STT', request_id='01a00178-1297-7621-b88e-bb8d82b355f7', timestamp=1786731071.0535295, duration=0.0, audio_duration=4.99999999999999, streamed=True, metadata=Metadata(model_name='nova-3', model_provider='Deepgram')))
--- Logging error ---
Traceback (most recent call last):
  File "C:\Users\AYESHA RAHMAN\murf-livekit-starter\backend\.venv\Lib\site-packages\livekit\agents\cli\cli.py", line 944, in emit
    self.c.console.print(output)
    ~~~~~~~~~~~~~~~~~~~~^^^^^^^^
  File "C:\Users\AYESHA RAHMAN\murf-livekit-starter\backend\.venv\Lib\site-packages\rich\console.py", line 1697, in print
    with self:
         ^^^^
  File "C:\Users\AYESHA RAHMAN\murf-livekit-starter\backend\.venv\Lib\site-packages\rich\console.py", line 870, in __exit__
    self._exit_buffer()
    ~~~~~~~~~~~~~~~~~^^
  File "C:\Users\AYESHA RAHMAN\murf-livekit-starter\backend\.venv\Lib\site-packages\rich\console.py", line 826, in _exit_buffer
    self._check_buffer()
    ~~~~~~~~~~~~~~~~~~^^
  File "C:\Users\AYESHA RAHMAN\murf-livekit-starter\backend\.venv\Lib\site-packages\rich\console.py", line 2042, in _check_buffer
    self._write_buffer()
    ~~~~~~~~~~~~~~~~~~^^
  File "C:\Users\AYESHA RAHMAN\murf-livekit-starter\backend\.venv\Lib\site-packages\rich\console.py", line 2078, in _write_buffer
    legacy_windows_render(buffer, LegacyWindowsTerm(self.file))
    ~~~~~~~~~~~~~~~~~~~~~^^^^^^^^^^^^^^^^^^^^^^^^^^^^^^^^^^^^^^
  File "C:\Users\AYESHA RAHMAN\murf-livekit-starter\backend\.venv\Lib\site-packages\rich\_windows_renderer.py", line 17, in legacy_windows_render
    term.write_styled(text, style)
    ~~~~~~~~~~~~~~~~~^^^^^^^^^^^^^
  File "C:\Users\AYESHA RAHMAN\murf-livekit-starter\backend\.venv\Lib\site-packages\rich\_win32_console.py", line 441, in write_styled
    self.write_text(text)
    ~~~~~~~~~~~~~~~^^^^^^
  File "C:\Users\AYESHA RAHMAN\murf-livekit-starter\backend\.venv\Lib\site-packages\rich\_win32_console.py", line 402, in write_text
    self.write(text)
    ~~~~~~~~~~^^^^^^
  File "C:\Users\AYESHA RAHMAN\murf-livekit-starter\backend\.uv-python\cpython-3.13-windows-x86_64-none\Lib\encodings\cp1252.py", line 19, in encode
    return codecs.charmap_encode(input,self.errors,encoding_table)[0]
           ~~~~~~~~~~~~~~~~~~~~~^^^^^^^^^^^^^^^^^^^^^^^^^^^^^^^^^^
UnicodeEncodeError: 'charmap' codec can't encode character '\u20b9' in position 28: character maps to <undefined>
Call stack:
  File "C:\Users\AYESHA RAHMAN\murf-livekit-starter\backend\.uv-python\cpython-3.13-windows-x86_64-none\Lib\threading.py", line 1015, in _bootstrap
    self._bootstrap_inner()
  File "C:\Users\AYESHA RAHMAN\murf-livekit-starter\backend\.uv-python\cpython-3.13-windows-x86_64-none\Lib\threading.py", line 1044, in _bootstrap_inner
    self.run()
  File "C:\Users\AYESHA RAHMAN\murf-livekit-starter\backend\.uv-python\cpython-3.13-windows-x86_64-none\Lib\threading.py", line 995, in run
    self._target(*self._args, **self._kwargs)
  File "C:\Users\AYESHA RAHMAN\murf-livekit-starter\backend\.venv\Lib\site-packages\livekit\agents\ipc\job_proc_lazy_main.py", line 418, in thread_main
    client.run()
  File "C:\Users\AYESHA RAHMAN\murf-livekit-starter\backend\.venv\Lib\site-packages\livekit\agents\ipc\proc_client.py", line 70, in run
    loop.run_until_complete(self._task)
  File "C:\Users\AYESHA RAHMAN\murf-livekit-starter\backend\.uv-python\cpython-3.13-windows-x86_64-none\Lib\asyncio\base_events.py", line 712, in run_until_complete
    self.run_forever()
  File "C:\Users\AYESHA RAHMAN\murf-livekit-starter\backend\.uv-python\cpython-3.13-windows-x86_64-none\Lib\asyncio\base_events.py", line 683, in run_forever
    self._run_once()
  File "C:\Users\AYESHA RAHMAN\murf-livekit-starter\backend\.uv-python\cpython-3.13-windows-x86_64-none\Lib\asyncio\base_events.py", line 2060, in _run_once
    handle._run()
  File "C:\Users\AYESHA RAHMAN\murf-livekit-starter\backend\.uv-python\cpython-3.13-windows-x86_64-none\Lib\asyncio\events.py", line 89, in _run
    self._context.run(self._callback, *self._args)
  File "C:\Users\AYESHA RAHMAN\murf-livekit-starter\backend\.venv\Lib\site-packages\livekit\agents\voice\agent_activity.py", line 434, in _context_aware_coro
    return await coro
  File "C:\Users\AYESHA RAHMAN\murf-livekit-starter\backend\.venv\Lib\site-packages\livekit\agents\utils\log.py", line 17, in async_fn_logs
    return await fn(*args, **kwargs)
  File "C:\Users\AYESHA RAHMAN\murf-livekit-starter\backend\.venv\Lib\site-packages\livekit\agents\voice\agent_activity.py", line 1708, in _tts_task
    await self._tts_task_impl(
  File "C:\Users\AYESHA RAHMAN\murf-livekit-starter\backend\.venv\Lib\site-packages\livekit\agents\voice\agent_activity.py", line 1884, in _tts_task_impl
    self._session._conversation_item_added(msg)
  File "C:\Users\AYESHA RAHMAN\murf-livekit-starter\backend\.venv\Lib\site-packages\livekit\agents\voice\agent_session.py", line 1409, in _conversation_item_added
    self.emit("conversation_item_added", ConversationItemAddedEvent(item=message))
  File "C:\Users\AYESHA RAHMAN\murf-livekit-starter\backend\.venv\Lib\site-packages\livekit\agents\voice\agent_session.py", line 428, in emit
    super().emit(event, arg)
  File "C:\Users\AYESHA RAHMAN\murf-livekit-starter\backend\.venv\Lib\site-packages\livekit\rtc\event_emitter.py", line 58, in emit
    callback(*callback_args)
  File "C:\Users\AYESHA RAHMAN\murf-livekit-starter\backend\src\agent.py", line 468, in on_conversation_item_added
    logger.info(
  File "C:\Users\AYESHA RAHMAN\murf-livekit-starter\backend\.uv-python\cpython-3.13-windows-x86_64-none\Lib\logging\__init__.py", line 1520, in info
    self._log(INFO, msg, args, **kwargs)
  File "C:\Users\AYESHA RAHMAN\murf-livekit-starter\backend\.uv-python\cpython-3.13-windows-x86_64-none\Lib\logging\__init__.py", line 1665, in _log
    self.handle(record)
  File "C:\Users\AYESHA RAHMAN\murf-livekit-starter\backend\.uv-python\cpython-3.13-windows-x86_64-none\Lib\logging\__init__.py", line 1681, in handle
    self.callHandlers(record)
  File "C:\Users\AYESHA RAHMAN\murf-livekit-starter\backend\.uv-python\cpython-3.13-windows-x86_64-none\Lib\logging\__init__.py", line 1737, in callHandlers
    hdlr.handle(record)
  File "C:\Users\AYESHA RAHMAN\murf-livekit-starter\backend\.uv-python\cpython-3.13-windows-x86_64-none\Lib\logging\__init__.py", line 1027, in handle
    self.emit(record)
  File "C:\Users\AYESHA RAHMAN\murf-livekit-starter\backend\.venv\Lib\site-packages\livekit\agents\cli\cli.py", line 957, in emit
    self.handleError(record)
Message: '[DEBUG-LLM] assistant text committed after playout=%r'
Arguments: ("I'll connect you back to the main assistant for that.",)
--- Logging error ---
Traceback (most recent call last):
  File "C:\Users\AYESHA RAHMAN\murf-livekit-starter\backend\.venv\Lib\site-packages\livekit\agents\cli\cli.py", line 944, in emit
    self.c.console.print(output)
    ~~~~~~~~~~~~~~~~~~~~^^^^^^^^
  File "C:\Users\AYESHA RAHMAN\murf-livekit-starter\backend\.venv\Lib\site-packages\rich\console.py", line 1697, in print
    with self:
         ^^^^
  File "C:\Users\AYESHA RAHMAN\murf-livekit-starter\backend\.venv\Lib\site-packages\rich\console.py", line 870, in __exit__
    self._exit_buffer()
    ~~~~~~~~~~~~~~~~~^^
  File "C:\Users\AYESHA RAHMAN\murf-livekit-starter\backend\.venv\Lib\site-packages\rich\console.py", line 826, in _exit_buffer
    self._check_buffer()
    ~~~~~~~~~~~~~~~~~~^^
  File "C:\Users\AYESHA RAHMAN\murf-livekit-starter\backend\.venv\Lib\site-packages\rich\console.py", line 2042, in _check_buffer
    self._write_buffer()
    ~~~~~~~~~~~~~~~~~~^^
  File "C:\Users\AYESHA RAHMAN\murf-livekit-starter\backend\.venv\Lib\site-packages\rich\console.py", line 2078, in _write_buffer
    legacy_windows_render(buffer, LegacyWindowsTerm(self.file))
    ~~~~~~~~~~~~~~~~~~~~~^^^^^^^^^^^^^^^^^^^^^^^^^^^^^^^^^^^^^^
  File "C:\Users\AYESHA RAHMAN\murf-livekit-starter\backend\.venv\Lib\site-packages\rich\_windows_renderer.py", line 17, in legacy_windows_render
    term.write_styled(text, style)
    ~~~~~~~~~~~~~~~~~^^^^^^^^^^^^^
  File "C:\Users\AYESHA RAHMAN\murf-livekit-starter\backend\.venv\Lib\site-packages\rich\_win32_console.py", line 441, in write_styled
    self.write_text(text)
    ~~~~~~~~~~~~~~~^^^^^^
  File "C:\Users\AYESHA RAHMAN\murf-livekit-starter\backend\.venv\Lib\site-packages\rich\_win32_console.py", line 402, in write_text
    self.write(text)
    ~~~~~~~~~~^^^^^^
  File "C:\Users\AYESHA RAHMAN\murf-livekit-starter\backend\.uv-python\cpython-3.13-windows-x86_64-none\Lib\encodings\cp1252.py", line 19, in encode
    return codecs.charmap_encode(input,self.errors,encoding_table)[0]
           ~~~~~~~~~~~~~~~~~~~~~^^^^^^^^^^^^^^^^^^^^^^^^^^^^^^^^^^
UnicodeEncodeError: 'charmap' codec can't encode character '\u20b9' in position 28: character maps to <undefined>
Call stack:
  File "C:\Users\AYESHA RAHMAN\murf-livekit-starter\backend\.uv-python\cpython-3.13-windows-x86_64-none\Lib\threading.py", line 1015, in _bootstrap
    self._bootstrap_inner()
  File "C:\Users\AYESHA RAHMAN\murf-livekit-starter\backend\.uv-python\cpython-3.13-windows-x86_64-none\Lib\threading.py", line 1044, in _bootstrap_inner
    self.run()
  File "C:\Users\AYESHA RAHMAN\murf-livekit-starter\backend\.uv-python\cpython-3.13-windows-x86_64-none\Lib\threading.py", line 995, in run
    self._target(*self._args, **self._kwargs)
  File "C:\Users\AYESHA RAHMAN\murf-livekit-starter\backend\.venv\Lib\site-packages\livekit\agents\ipc\job_proc_lazy_main.py", line 418, in thread_main
    client.run()
  File "C:\Users\AYESHA RAHMAN\murf-livekit-starter\backend\.venv\Lib\site-packages\livekit\agents\ipc\proc_client.py", line 70, in run
    loop.run_until_complete(self._task)
  File "C:\Users\AYESHA RAHMAN\murf-livekit-starter\backend\.uv-python\cpython-3.13-windows-x86_64-none\Lib\asyncio\base_events.py", line 712, in run_until_complete
    self.run_forever()
  File "C:\Users\AYESHA RAHMAN\murf-livekit-starter\backend\.uv-python\cpython-3.13-windows-x86_64-none\Lib\asyncio\base_events.py", line 683, in run_forever
    self._run_once()
  File "C:\Users\AYESHA RAHMAN\murf-livekit-starter\backend\.uv-python\cpython-3.13-windows-x86_64-none\Lib\asyncio\base_events.py", line 2060, in _run_once
    handle._run()
  File "C:\Users\AYESHA RAHMAN\murf-livekit-starter\backend\.uv-python\cpython-3.13-windows-x86_64-none\Lib\asyncio\events.py", line 89, in _run
    self._context.run(self._callback, *self._args)
  File "C:\Users\AYESHA RAHMAN\murf-livekit-starter\backend\.venv\Lib\site-packages\livekit\agents\utils\log.py", line 17, in async_fn_logs
    return await fn(*args, **kwargs)
  File "C:\Users\AYESHA RAHMAN\murf-livekit-starter\backend\.venv\Lib\site-packages\livekit\agents\voice\generation.py", line 703, in _execute_tools_task
    logger.debug(
  File "C:\Users\AYESHA RAHMAN\murf-livekit-starter\backend\.uv-python\cpython-3.13-windows-x86_64-none\Lib\logging\__init__.py", line 1508, in debug
    self._log(DEBUG, msg, args, **kwargs)
  File "C:\Users\AYESHA RAHMAN\murf-livekit-starter\backend\.uv-python\cpython-3.13-windows-x86_64-none\Lib\logging\__init__.py", line 1665, in _log
    self.handle(record)
  File "C:\Users\AYESHA RAHMAN\murf-livekit-starter\backend\.uv-python\cpython-3.13-windows-x86_64-none\Lib\logging\__init__.py", line 1681, in handle
    self.callHandlers(record)
  File "C:\Users\AYESHA RAHMAN\murf-livekit-starter\backend\.uv-python\cpython-3.13-windows-x86_64-none\Lib\logging\__init__.py", line 1737, in callHandlers
    hdlr.handle(record)
  File "C:\Users\AYESHA RAHMAN\murf-livekit-starter\backend\.uv-python\cpython-3.13-windows-x86_64-none\Lib\logging\__init__.py", line 1027, in handle
    self.emit(record)
  File "C:\Users\AYESHA RAHMAN\murf-livekit-starter\backend\.venv\Lib\site-packages\livekit\agents\cli\cli.py", line 957, in emit
    self.handleError(record)
Message: 'tools execution completed'
Arguments: ()
--- Logging error ---
Traceback (most recent call last):
  File "C:\Users\AYESHA RAHMAN\murf-livekit-starter\backend\.venv\Lib\site-packages\livekit\agents\cli\cli.py", line 944, in emit
    self.c.console.print(output)
    ~~~~~~~~~~~~~~~~~~~~^^^^^^^^
  File "C:\Users\AYESHA RAHMAN\murf-livekit-starter\backend\.venv\Lib\site-packages\rich\console.py", line 1697, in print
    with self:
         ^^^^
  File "C:\Users\AYESHA RAHMAN\murf-livekit-starter\backend\.venv\Lib\site-packages\rich\console.py", line 870, in __exit__
    self._exit_buffer()
    ~~~~~~~~~~~~~~~~~^^
  File "C:\Users\AYESHA RAHMAN\murf-livekit-starter\backend\.venv\Lib\site-packages\rich\console.py", line 826, in _exit_buffer
    self._check_buffer()
    ~~~~~~~~~~~~~~~~~~^^
  File "C:\Users\AYESHA RAHMAN\murf-livekit-starter\backend\.venv\Lib\site-packages\rich\console.py", line 2042, in _check_buffer
    self._write_buffer()
    ~~~~~~~~~~~~~~~~~~^^
  File "C:\Users\AYESHA RAHMAN\murf-livekit-starter\backend\.venv\Lib\site-packages\rich\console.py", line 2078, in _write_buffer
    legacy_windows_render(buffer, LegacyWindowsTerm(self.file))
    ~~~~~~~~~~~~~~~~~~~~~^^^^^^^^^^^^^^^^^^^^^^^^^^^^^^^^^^^^^^
  File "C:\Users\AYESHA RAHMAN\murf-livekit-starter\backend\.venv\Lib\site-packages\rich\_windows_renderer.py", line 17, in legacy_windows_render
    term.write_styled(text, style)
    ~~~~~~~~~~~~~~~~~^^^^^^^^^^^^^
  File "C:\Users\AYESHA RAHMAN\murf-livekit-starter\backend\.venv\Lib\site-packages\rich\_win32_console.py", line 441, in write_styled
    self.write_text(text)
    ~~~~~~~~~~~~~~~^^^^^^
  File "C:\Users\AYESHA RAHMAN\murf-livekit-starter\backend\.venv\Lib\site-packages\rich\_win32_console.py", line 402, in write_text
    self.write(text)
    ~~~~~~~~~~^^^^^^
  File "C:\Users\AYESHA RAHMAN\murf-livekit-starter\backend\.uv-python\cpython-3.13-windows-x86_64-none\Lib\encodings\cp1252.py", line 19, in encode
    return codecs.charmap_encode(input,self.errors,encoding_table)[0]
           ~~~~~~~~~~~~~~~~~~~~~^^^^^^^^^^^^^^^^^^^^^^^^^^^^^^^^^^
UnicodeEncodeError: 'charmap' codec can't encode character '\u20b9' in position 28: character maps to <undefined>
Call stack:
  File "C:\Users\AYESHA RAHMAN\murf-livekit-starter\backend\.uv-python\cpython-3.13-windows-x86_64-none\Lib\threading.py", line 1015, in _bootstrap
    self._bootstrap_inner()
  File "C:\Users\AYESHA RAHMAN\murf-livekit-starter\backend\.uv-python\cpython-3.13-windows-x86_64-none\Lib\threading.py", line 1044, in _bootstrap_inner
    self.run()
  File "C:\Users\AYESHA RAHMAN\murf-livekit-starter\backend\.uv-python\cpython-3.13-windows-x86_64-none\Lib\threading.py", line 995, in run
    self._target(*self._args, **self._kwargs)
  File "C:\Users\AYESHA RAHMAN\murf-livekit-starter\backend\.venv\Lib\site-packages\livekit\agents\ipc\job_proc_lazy_main.py", line 418, in thread_main
    client.run()
  File "C:\Users\AYESHA RAHMAN\murf-livekit-starter\backend\.venv\Lib\site-packages\livekit\agents\ipc\proc_client.py", line 70, in run
    loop.run_until_complete(self._task)
  File "C:\Users\AYESHA RAHMAN\murf-livekit-starter\backend\.uv-python\cpython-3.13-windows-x86_64-none\Lib\asyncio\base_events.py", line 712, in run_until_complete
    self.run_forever()
  File "C:\Users\AYESHA RAHMAN\murf-livekit-starter\backend\.uv-python\cpython-3.13-windows-x86_64-none\Lib\asyncio\base_events.py", line 683, in run_forever
    self._run_once()
  File "C:\Users\AYESHA RAHMAN\murf-livekit-starter\backend\.uv-python\cpython-3.13-windows-x86_64-none\Lib\asyncio\base_events.py", line 2060, in _run_once
    handle._run()
  File "C:\Users\AYESHA RAHMAN\murf-livekit-starter\backend\.uv-python\cpython-3.13-windows-x86_64-none\Lib\asyncio\events.py", line 89, in _run
    self._context.run(self._callback, *self._args)
  File "C:\Users\AYESHA RAHMAN\murf-livekit-starter\backend\.venv\Lib\site-packages\livekit\agents\stt\stt.py", line 322, in _main_task
    return await self._run()
  File "C:\Users\AYESHA RAHMAN\murf-livekit-starter\backend\.venv\Lib\site-packages\livekit\plugins\deepgram\stt.py", line 565, in _run
    ws = await self._connect_ws()
  File "C:\Users\AYESHA RAHMAN\murf-livekit-starter\backend\.venv\Lib\site-packages\livekit\plugins\deepgram\stt.py", line 637, in _connect_ws
    logger.debug(
  File "C:\Users\AYESHA RAHMAN\murf-livekit-starter\backend\.uv-python\cpython-3.13-windows-x86_64-none\Lib\logging\__init__.py", line 1508, in debug
    self._log(DEBUG, msg, args, **kwargs)
  File "C:\Users\AYESHA RAHMAN\murf-livekit-starter\backend\.uv-python\cpython-3.13-windows-x86_64-none\Lib\logging\__init__.py", line 1665, in _log
    self.handle(record)
  File "C:\Users\AYESHA RAHMAN\murf-livekit-starter\backend\.uv-python\cpython-3.13-windows-x86_64-none\Lib\logging\__init__.py", line 1681, in handle
    self.callHandlers(record)
  File "C:\Users\AYESHA RAHMAN\murf-livekit-starter\backend\.uv-python\cpython-3.13-windows-x86_64-none\Lib\logging\__init__.py", line 1737, in callHandlers
    hdlr.handle(record)
  File "C:\Users\AYESHA RAHMAN\murf-livekit-starter\backend\.uv-python\cpython-3.13-windows-x86_64-none\Lib\logging\__init__.py", line 1027, in handle
    self.emit(record)
  File "C:\Users\AYESHA RAHMAN\murf-livekit-starter\backend\.venv\Lib\site-packages\livekit\agents\cli\cli.py", line 957, in emit
    self.handleError(record)
Message: 'Established new Deepgram STT WebSocket connection:'
Arguments: ()
--- Logging error ---
Traceback (most recent call last):
  File "C:\Users\AYESHA RAHMAN\murf-livekit-starter\backend\.venv\Lib\site-packages\livekit\agents\cli\cli.py", line 944, in emit
    self.c.console.print(output)
    ~~~~~~~~~~~~~~~~~~~~^^^^^^^^
  File "C:\Users\AYESHA RAHMAN\murf-livekit-starter\backend\.venv\Lib\site-packages\rich\console.py", line 1697, in print
    with self:
         ^^^^
  File "C:\Users\AYESHA RAHMAN\murf-livekit-starter\backend\.venv\Lib\site-packages\rich\console.py", line 870, in __exit__
    self._exit_buffer()
    ~~~~~~~~~~~~~~~~~^^
  File "C:\Users\AYESHA RAHMAN\murf-livekit-starter\backend\.venv\Lib\site-packages\rich\console.py", line 826, in _exit_buffer
    self._check_buffer()
    ~~~~~~~~~~~~~~~~~~^^
  File "C:\Users\AYESHA RAHMAN\murf-livekit-starter\backend\.venv\Lib\site-packages\rich\console.py", line 2042, in _check_buffer
    self._write_buffer()
    ~~~~~~~~~~~~~~~~~~^^
  File "C:\Users\AYESHA RAHMAN\murf-livekit-starter\backend\.venv\Lib\site-packages\rich\console.py", line 2078, in _write_buffer
    legacy_windows_render(buffer, LegacyWindowsTerm(self.file))
    ~~~~~~~~~~~~~~~~~~~~~^^^^^^^^^^^^^^^^^^^^^^^^^^^^^^^^^^^^^^
  File "C:\Users\AYESHA RAHMAN\murf-livekit-starter\backend\.venv\Lib\site-packages\rich\_windows_renderer.py", line 17, in legacy_windows_render
    term.write_styled(text, style)
    ~~~~~~~~~~~~~~~~~^^^^^^^^^^^^^
  File "C:\Users\AYESHA RAHMAN\murf-livekit-starter\backend\.venv\Lib\site-packages\rich\_win32_console.py", line 441, in write_styled
    self.write_text(text)
    ~~~~~~~~~~~~~~~^^^^^^
  File "C:\Users\AYESHA RAHMAN\murf-livekit-starter\backend\.venv\Lib\site-packages\rich\_win32_console.py", line 402, in write_text
    self.write(text)
    ~~~~~~~~~~^^^^^^
  File "C:\Users\AYESHA RAHMAN\murf-livekit-starter\backend\.uv-python\cpython-3.13-windows-x86_64-none\Lib\encodings\cp1252.py", line 19, in encode
    return codecs.charmap_encode(input,self.errors,encoding_table)[0]
           ~~~~~~~~~~~~~~~~~~~~~^^^^^^^^^^^^^^^^^^^^^^^^^^^^^^^^^^
UnicodeEncodeError: 'charmap' codec can't encode character '\u20b9' in position 28: character maps to <undefined>
Call stack:
  File "C:\Users\AYESHA RAHMAN\murf-livekit-starter\backend\.uv-python\cpython-3.13-windows-x86_64-none\Lib\threading.py", line 1015, in _bootstrap
    self._bootstrap_inner()
  File "C:\Users\AYESHA RAHMAN\murf-livekit-starter\backend\.uv-python\cpython-3.13-windows-x86_64-none\Lib\threading.py", line 1044, in _bootstrap_inner
    self.run()
  File "C:\Users\AYESHA RAHMAN\murf-livekit-starter\backend\.uv-python\cpython-3.13-windows-x86_64-none\Lib\threading.py", line 995, in run
    self._target(*self._args, **self._kwargs)
  File "C:\Users\AYESHA RAHMAN\murf-livekit-starter\backend\.venv\Lib\site-packages\livekit\agents\ipc\job_proc_lazy_main.py", line 418, in thread_main
    client.run()
  File "C:\Users\AYESHA RAHMAN\murf-livekit-starter\backend\.venv\Lib\site-packages\livekit\agents\ipc\proc_client.py", line 70, in run
    loop.run_until_complete(self._task)
  File "C:\Users\AYESHA RAHMAN\murf-livekit-starter\backend\.uv-python\cpython-3.13-windows-x86_64-none\Lib\asyncio\base_events.py", line 712, in run_until_complete
    self.run_forever()
  File "C:\Users\AYESHA RAHMAN\murf-livekit-starter\backend\.uv-python\cpython-3.13-windows-x86_64-none\Lib\asyncio\base_events.py", line 683, in run_forever
    self._run_once()
  File "C:\Users\AYESHA RAHMAN\murf-livekit-starter\backend\.uv-python\cpython-3.13-windows-x86_64-none\Lib\asyncio\base_events.py", line 2060, in _run_once
    handle._run()
  File "C:\Users\AYESHA RAHMAN\murf-livekit-starter\backend\.uv-python\cpython-3.13-windows-x86_64-none\Lib\asyncio\events.py", line 89, in _run
    self._context.run(self._callback, *self._args)
  File "C:\Users\AYESHA RAHMAN\murf-livekit-starter\backend\.venv\Lib\site-packages\livekit\agents\stt\stt.py", line 384, in _metrics_monitor_task
    self._stt.emit("metrics_collected", stt_metrics)
  File "C:\Users\AYESHA RAHMAN\murf-livekit-starter\backend\.venv\Lib\site-packages\livekit\rtc\event_emitter.py", line 58, in emit
    callback(*callback_args)
  File "C:\Users\AYESHA RAHMAN\murf-livekit-starter\backend\.venv\Lib\site-packages\livekit\agents\voice\agent_activity.py", line 1162, in _on_metrics_collected
    self._session.emit("metrics_collected", MetricsCollectedEvent(metrics=ev))
  File "C:\Users\AYESHA RAHMAN\murf-livekit-starter\backend\.venv\Lib\site-packages\livekit\agents\voice\agent_session.py", line 428, in emit
    super().emit(event, arg)
  File "C:\Users\AYESHA RAHMAN\murf-livekit-starter\backend\.venv\Lib\site-packages\livekit\rtc\event_emitter.py", line 58, in emit
    callback(*callback_args)
  File "C:\Users\AYESHA RAHMAN\murf-livekit-starter\backend\src\agent.py", line 477, in on_metrics_collected
    logger.info(
  File "C:\Users\AYESHA RAHMAN\murf-livekit-starter\backend\.uv-python\cpython-3.13-windows-x86_64-none\Lib\logging\__init__.py", line 1520, in info
    self._log(INFO, msg, args, **kwargs)
  File "C:\Users\AYESHA RAHMAN\murf-livekit-starter\backend\.uv-python\cpython-3.13-windows-x86_64-none\Lib\logging\__init__.py", line 1665, in _log
    self.handle(record)
  File "C:\Users\AYESHA RAHMAN\murf-livekit-starter\backend\.uv-python\cpython-3.13-windows-x86_64-none\Lib\logging\__init__.py", line 1681, in handle
    self.callHandlers(record)
  File "C:\Users\AYESHA RAHMAN\murf-livekit-starter\backend\.uv-python\cpython-3.13-windows-x86_64-none\Lib\logging\__init__.py", line 1737, in callHandlers
    hdlr.handle(record)
  File "C:\Users\AYESHA RAHMAN\murf-livekit-starter\backend\.uv-python\cpython-3.13-windows-x86_64-none\Lib\logging\__init__.py", line 1027, in handle
    self.emit(record)
  File "C:\Users\AYESHA RAHMAN\murf-livekit-starter\backend\.venv\Lib\site-packages\livekit\agents\cli\cli.py", line 957, in emit
    self.handleError(record)
Message: '[DEBUG-%s] metrics=%s'
Arguments: ('STT', STTMetrics(type='stt_metrics', label='livekit.plugins.deepgram.stt.STT', request_id='01a00178-a0ac-70a3-bd32-6047462f742e', timestamp=1786731077.0556536, duration=0.0, audio_duration=4.99999999999999, streamed=True, metadata=Metadata(model_name='nova-3', model_provider='Deepgram')))
--- Logging error ---
Traceback (most recent call last):
  File "C:\Users\AYESHA RAHMAN\murf-livekit-starter\backend\.venv\Lib\site-packages\livekit\agents\cli\cli.py", line 944, in emit
    self.c.console.print(output)
    ~~~~~~~~~~~~~~~~~~~~^^^^^^^^
  File "C:\Users\AYESHA RAHMAN\murf-livekit-starter\backend\.venv\Lib\site-packages\rich\console.py", line 1697, in print
    with self:
         ^^^^
  File "C:\Users\AYESHA RAHMAN\murf-livekit-starter\backend\.venv\Lib\site-packages\rich\console.py", line 870, in __exit__
    self._exit_buffer()
    ~~~~~~~~~~~~~~~~~^^
  File "C:\Users\AYESHA RAHMAN\murf-livekit-starter\backend\.venv\Lib\site-packages\rich\console.py", line 826, in _exit_buffer
    self._check_buffer()
    ~~~~~~~~~~~~~~~~~~^^
  File "C:\Users\AYESHA RAHMAN\murf-livekit-starter\backend\.venv\Lib\site-packages\rich\console.py", line 2042, in _check_buffer
    self._write_buffer()
    ~~~~~~~~~~~~~~~~~~^^
  File "C:\Users\AYESHA RAHMAN\murf-livekit-starter\backend\.venv\Lib\site-packages\rich\console.py", line 2078, in _write_buffer
    legacy_windows_render(buffer, LegacyWindowsTerm(self.file))
    ~~~~~~~~~~~~~~~~~~~~~^^^^^^^^^^^^^^^^^^^^^^^^^^^^^^^^^^^^^^
  File "C:\Users\AYESHA RAHMAN\murf-livekit-starter\backend\.venv\Lib\site-packages\rich\_windows_renderer.py", line 17, in legacy_windows_render
    term.write_styled(text, style)
    ~~~~~~~~~~~~~~~~~^^^^^^^^^^^^^
  File "C:\Users\AYESHA RAHMAN\murf-livekit-starter\backend\.venv\Lib\site-packages\rich\_win32_console.py", line 441, in write_styled
    self.write_text(text)
    ~~~~~~~~~~~~~~~^^^^^^
  File "C:\Users\AYESHA RAHMAN\murf-livekit-starter\backend\.venv\Lib\site-packages\rich\_win32_console.py", line 402, in write_text
    self.write(text)
    ~~~~~~~~~~^^^^^^
  File "C:\Users\AYESHA RAHMAN\murf-livekit-starter\backend\.uv-python\cpython-3.13-windows-x86_64-none\Lib\encodings\cp1252.py", line 19, in encode
    return codecs.charmap_encode(input,self.errors,encoding_table)[0]
           ~~~~~~~~~~~~~~~~~~~~~^^^^^^^^^^^^^^^^^^^^^^^^^^^^^^^^^^
UnicodeEncodeError: 'charmap' codec can't encode character '\u20b9' in position 28: character maps to <undefined>
Call stack:
  File "C:\Users\AYESHA RAHMAN\murf-livekit-starter\backend\.uv-python\cpython-3.13-windows-x86_64-none\Lib\threading.py", line 1015, in _bootstrap
    self._bootstrap_inner()
  File "C:\Users\AYESHA RAHMAN\murf-livekit-starter\backend\.uv-python\cpython-3.13-windows-x86_64-none\Lib\threading.py", line 1044, in _bootstrap_inner
    self.run()
  File "C:\Users\AYESHA RAHMAN\murf-livekit-starter\backend\.uv-python\cpython-3.13-windows-x86_64-none\Lib\threading.py", line 995, in run
    self._target(*self._args, **self._kwargs)
  File "C:\Users\AYESHA RAHMAN\murf-livekit-starter\backend\.venv\Lib\site-packages\livekit\agents\ipc\job_proc_lazy_main.py", line 418, in thread_main
    client.run()
  File "C:\Users\AYESHA RAHMAN\murf-livekit-starter\backend\.venv\Lib\site-packages\livekit\agents\ipc\proc_client.py", line 70, in run
    loop.run_until_complete(self._task)
  File "C:\Users\AYESHA RAHMAN\murf-livekit-starter\backend\.uv-python\cpython-3.13-windows-x86_64-none\Lib\asyncio\base_events.py", line 712, in run_until_complete
    self.run_forever()
  File "C:\Users\AYESHA RAHMAN\murf-livekit-starter\backend\.uv-python\cpython-3.13-windows-x86_64-none\Lib\asyncio\base_events.py", line 683, in run_forever
    self._run_once()
  File "C:\Users\AYESHA RAHMAN\murf-livekit-starter\backend\.uv-python\cpython-3.13-windows-x86_64-none\Lib\asyncio\base_events.py", line 2060, in _run_once
    handle._run()
  File "C:\Users\AYESHA RAHMAN\murf-livekit-starter\backend\.uv-python\cpython-3.13-windows-x86_64-none\Lib\asyncio\events.py", line 89, in _run
    self._context.run(self._callback, *self._args)
  File "C:\Users\AYESHA RAHMAN\murf-livekit-starter\backend\.venv\Lib\site-packages\livekit\agents\stt\stt.py", line 384, in _metrics_monitor_task
    self._stt.emit("metrics_collected", stt_metrics)
  File "C:\Users\AYESHA RAHMAN\murf-livekit-starter\backend\.venv\Lib\site-packages\livekit\rtc\event_emitter.py", line 58, in emit
    callback(*callback_args)
  File "C:\Users\AYESHA RAHMAN\murf-livekit-starter\backend\.venv\Lib\site-packages\livekit\agents\voice\agent_activity.py", line 1162, in _on_metrics_collected
    self._session.emit("metrics_collected", MetricsCollectedEvent(metrics=ev))
  File "C:\Users\AYESHA RAHMAN\murf-livekit-starter\backend\.venv\Lib\site-packages\livekit\agents\voice\agent_session.py", line 428, in emit
    super().emit(event, arg)
  File "C:\Users\AYESHA RAHMAN\murf-livekit-starter\backend\.venv\Lib\site-packages\livekit\rtc\event_emitter.py", line 58, in emit
    callback(*callback_args)
  File "C:\Users\AYESHA RAHMAN\murf-livekit-starter\backend\src\agent.py", line 477, in on_metrics_collected
    logger.info(
  File "C:\Users\AYESHA RAHMAN\murf-livekit-starter\backend\.uv-python\cpython-3.13-windows-x86_64-none\Lib\logging\__init__.py", line 1520, in info
    self._log(INFO, msg, args, **kwargs)
  File "C:\Users\AYESHA RAHMAN\murf-livekit-starter\backend\.uv-python\cpython-3.13-windows-x86_64-none\Lib\logging\__init__.py", line 1665, in _log
    self.handle(record)
  File "C:\Users\AYESHA RAHMAN\murf-livekit-starter\backend\.uv-python\cpython-3.13-windows-x86_64-none\Lib\logging\__init__.py", line 1681, in handle
    self.callHandlers(record)
  File "C:\Users\AYESHA RAHMAN\murf-livekit-starter\backend\.uv-python\cpython-3.13-windows-x86_64-none\Lib\logging\__init__.py", line 1737, in callHandlers
    hdlr.handle(record)
  File "C:\Users\AYESHA RAHMAN\murf-livekit-starter\backend\.uv-python\cpython-3.13-windows-x86_64-none\Lib\logging\__init__.py", line 1027, in handle
    self.emit(record)
  File "C:\Users\AYESHA RAHMAN\murf-livekit-starter\backend\.venv\Lib\site-packages\livekit\agents\cli\cli.py", line 957, in emit
    self.handleError(record)
Message: '[DEBUG-%s] metrics=%s'
Arguments: ('STT', STTMetrics(type='stt_metrics', label='livekit.plugins.deepgram.stt.STT', request_id='01a00178-a0ac-70a3-bd32-6047462f742e', timestamp=1786731082.0607417, duration=0.0, audio_duration=4.99999999999999, streamed=True, metadata=Metadata(model_name='nova-3', model_provider='Deepgram')))
--- Logging error ---
Traceback (most recent call last):
  File "C:\Users\AYESHA RAHMAN\murf-livekit-starter\backend\.venv\Lib\site-packages\livekit\agents\cli\cli.py", line 944, in emit
    self.c.console.print(output)
    ~~~~~~~~~~~~~~~~~~~~^^^^^^^^
  File "C:\Users\AYESHA RAHMAN\murf-livekit-starter\backend\.venv\Lib\site-packages\rich\console.py", line 1697, in print
    with self:
         ^^^^
  File "C:\Users\AYESHA RAHMAN\murf-livekit-starter\backend\.venv\Lib\site-packages\rich\console.py", line 870, in __exit__
    self._exit_buffer()
    ~~~~~~~~~~~~~~~~~^^
  File "C:\Users\AYESHA RAHMAN\murf-livekit-starter\backend\.venv\Lib\site-packages\rich\console.py", line 826, in _exit_buffer
    self._check_buffer()
    ~~~~~~~~~~~~~~~~~~^^
  File "C:\Users\AYESHA RAHMAN\murf-livekit-starter\backend\.venv\Lib\site-packages\rich\console.py", line 2042, in _check_buffer
    self._write_buffer()
    ~~~~~~~~~~~~~~~~~~^^
  File "C:\Users\AYESHA RAHMAN\murf-livekit-starter\backend\.venv\Lib\site-packages\rich\console.py", line 2078, in _write_buffer
    legacy_windows_render(buffer, LegacyWindowsTerm(self.file))
    ~~~~~~~~~~~~~~~~~~~~~^^^^^^^^^^^^^^^^^^^^^^^^^^^^^^^^^^^^^^
  File "C:\Users\AYESHA RAHMAN\murf-livekit-starter\backend\.venv\Lib\site-packages\rich\_windows_renderer.py", line 17, in legacy_windows_render
    term.write_styled(text, style)
    ~~~~~~~~~~~~~~~~~^^^^^^^^^^^^^
  File "C:\Users\AYESHA RAHMAN\murf-livekit-starter\backend\.venv\Lib\site-packages\rich\_win32_console.py", line 441, in write_styled
    self.write_text(text)
    ~~~~~~~~~~~~~~~^^^^^^
  File "C:\Users\AYESHA RAHMAN\murf-livekit-starter\backend\.venv\Lib\site-packages\rich\_win32_console.py", line 402, in write_text
    self.write(text)
    ~~~~~~~~~~^^^^^^
  File "C:\Users\AYESHA RAHMAN\murf-livekit-starter\backend\.uv-python\cpython-3.13-windows-x86_64-none\Lib\encodings\cp1252.py", line 19, in encode
    return codecs.charmap_encode(input,self.errors,encoding_table)[0]
           ~~~~~~~~~~~~~~~~~~~~~^^^^^^^^^^^^^^^^^^^^^^^^^^^^^^^^^^
UnicodeEncodeError: 'charmap' codec can't encode character '\u20b9' in position 28: character maps to <undefined>
Call stack:
  File "C:\Users\AYESHA RAHMAN\murf-livekit-starter\backend\.uv-python\cpython-3.13-windows-x86_64-none\Lib\threading.py", line 1015, in _bootstrap
    self._bootstrap_inner()
  File "C:\Users\AYESHA RAHMAN\murf-livekit-starter\backend\.uv-python\cpython-3.13-windows-x86_64-none\Lib\threading.py", line 1044, in _bootstrap_inner
    self.run()
  File "C:\Users\AYESHA RAHMAN\murf-livekit-starter\backend\.uv-python\cpython-3.13-windows-x86_64-none\Lib\threading.py", line 995, in run
    self._target(*self._args, **self._kwargs)
  File "C:\Users\AYESHA RAHMAN\murf-livekit-starter\backend\.venv\Lib\site-packages\livekit\agents\ipc\job_proc_lazy_main.py", line 418, in thread_main
    client.run()
  File "C:\Users\AYESHA RAHMAN\murf-livekit-starter\backend\.venv\Lib\site-packages\livekit\agents\ipc\proc_client.py", line 70, in run
    loop.run_until_complete(self._task)
  File "C:\Users\AYESHA RAHMAN\murf-livekit-starter\backend\.uv-python\cpython-3.13-windows-x86_64-none\Lib\asyncio\base_events.py", line 712, in run_until_complete
    self.run_forever()
  File "C:\Users\AYESHA RAHMAN\murf-livekit-starter\backend\.uv-python\cpython-3.13-windows-x86_64-none\Lib\asyncio\base_events.py", line 683, in run_forever
    self._run_once()
  File "C:\Users\AYESHA RAHMAN\murf-livekit-starter\backend\.uv-python\cpython-3.13-windows-x86_64-none\Lib\asyncio\base_events.py", line 2060, in _run_once
    handle._run()
  File "C:\Users\AYESHA RAHMAN\murf-livekit-starter\backend\.uv-python\cpython-3.13-windows-x86_64-none\Lib\asyncio\events.py", line 89, in _run
    self._context.run(self._callback, *self._args)
  File "C:\Users\AYESHA RAHMAN\murf-livekit-starter\backend\.venv\Lib\site-packages\livekit\agents\stt\stt.py", line 384, in _metrics_monitor_task
    self._stt.emit("metrics_collected", stt_metrics)
  File "C:\Users\AYESHA RAHMAN\murf-livekit-starter\backend\.venv\Lib\site-packages\livekit\rtc\event_emitter.py", line 58, in emit
    callback(*callback_args)
  File "C:\Users\AYESHA RAHMAN\murf-livekit-starter\backend\.venv\Lib\site-packages\livekit\agents\voice\agent_activity.py", line 1162, in _on_metrics_collected
    self._session.emit("metrics_collected", MetricsCollectedEvent(metrics=ev))
  File "C:\Users\AYESHA RAHMAN\murf-livekit-starter\backend\.venv\Lib\site-packages\livekit\agents\voice\agent_session.py", line 428, in emit
    super().emit(event, arg)
  File "C:\Users\AYESHA RAHMAN\murf-livekit-starter\backend\.venv\Lib\site-packages\livekit\rtc\event_emitter.py", line 58, in emit
    callback(*callback_args)
  File "C:\Users\AYESHA RAHMAN\murf-livekit-starter\backend\src\agent.py", line 477, in on_metrics_collected
    logger.info(
  File "C:\Users\AYESHA RAHMAN\murf-livekit-starter\backend\.uv-python\cpython-3.13-windows-x86_64-none\Lib\logging\__init__.py", line 1520, in info
    self._log(INFO, msg, args, **kwargs)
  File "C:\Users\AYESHA RAHMAN\murf-livekit-starter\backend\.uv-python\cpython-3.13-windows-x86_64-none\Lib\logging\__init__.py", line 1665, in _log
    self.handle(record)
  File "C:\Users\AYESHA RAHMAN\murf-livekit-starter\backend\.uv-python\cpython-3.13-windows-x86_64-none\Lib\logging\__init__.py", line 1681, in handle
    self.callHandlers(record)
  File "C:\Users\AYESHA RAHMAN\murf-livekit-starter\backend\.uv-python\cpython-3.13-windows-x86_64-none\Lib\logging\__init__.py", line 1737, in callHandlers
    hdlr.handle(record)
  File "C:\Users\AYESHA RAHMAN\murf-livekit-starter\backend\.uv-python\cpython-3.13-windows-x86_64-none\Lib\logging\__init__.py", line 1027, in handle
    self.emit(record)
  File "C:\Users\AYESHA RAHMAN\murf-livekit-starter\backend\.venv\Lib\site-packages\livekit\agents\cli\cli.py", line 957, in emit
    self.handleError(record)
Message: '[DEBUG-%s] metrics=%s'
Arguments: ('STT', STTMetrics(type='stt_metrics', label='livekit.plugins.deepgram.stt.STT', request_id='01a00178-a0ac-70a3-bd32-6047462f742e', timestamp=1786731087.1036124, duration=0.0, audio_duration=5.04999999999999, streamed=True, metadata=Metadata(model_name='nova-3', model_provider='Deepgram')))
--- Logging error ---
Traceback (most recent call last):
  File "C:\Users\AYESHA RAHMAN\murf-livekit-starter\backend\.venv\Lib\site-packages\livekit\agents\cli\cli.py", line 944, in emit
    self.c.console.print(output)
    ~~~~~~~~~~~~~~~~~~~~^^^^^^^^
  File "C:\Users\AYESHA RAHMAN\murf-livekit-starter\backend\.venv\Lib\site-packages\rich\console.py", line 1697, in print
    with self:
         ^^^^
  File "C:\Users\AYESHA RAHMAN\murf-livekit-starter\backend\.venv\Lib\site-packages\rich\console.py", line 870, in __exit__
    self._exit_buffer()
    ~~~~~~~~~~~~~~~~~^^
  File "C:\Users\AYESHA RAHMAN\murf-livekit-starter\backend\.venv\Lib\site-packages\rich\console.py", line 826, in _exit_buffer
    self._check_buffer()
    ~~~~~~~~~~~~~~~~~~^^
  File "C:\Users\AYESHA RAHMAN\murf-livekit-starter\backend\.venv\Lib\site-packages\rich\console.py", line 2042, in _check_buffer
    self._write_buffer()
    ~~~~~~~~~~~~~~~~~~^^
  File "C:\Users\AYESHA RAHMAN\murf-livekit-starter\backend\.venv\Lib\site-packages\rich\console.py", line 2078, in _write_buffer
    legacy_windows_render(buffer, LegacyWindowsTerm(self.file))
    ~~~~~~~~~~~~~~~~~~~~~^^^^^^^^^^^^^^^^^^^^^^^^^^^^^^^^^^^^^^
  File "C:\Users\AYESHA RAHMAN\murf-livekit-starter\backend\.venv\Lib\site-packages\rich\_windows_renderer.py", line 17, in legacy_windows_render
    term.write_styled(text, style)
    ~~~~~~~~~~~~~~~~~^^^^^^^^^^^^^
  File "C:\Users\AYESHA RAHMAN\murf-livekit-starter\backend\.venv\Lib\site-packages\rich\_win32_console.py", line 441, in write_styled
    self.write_text(text)
    ~~~~~~~~~~~~~~~^^^^^^
  File "C:\Users\AYESHA RAHMAN\murf-livekit-starter\backend\.venv\Lib\site-packages\rich\_win32_console.py", line 402, in write_text
    self.write(text)
    ~~~~~~~~~~^^^^^^
  File "C:\Users\AYESHA RAHMAN\murf-livekit-starter\backend\.uv-python\cpython-3.13-windows-x86_64-none\Lib\encodings\cp1252.py", line 19, in encode
    return codecs.charmap_encode(input,self.errors,encoding_table)[0]
           ~~~~~~~~~~~~~~~~~~~~~^^^^^^^^^^^^^^^^^^^^^^^^^^^^^^^^^^
UnicodeEncodeError: 'charmap' codec can't encode character '\u20b9' in position 28: character maps to <undefined>
Call stack:
  File "C:\Users\AYESHA RAHMAN\murf-livekit-starter\backend\.uv-python\cpython-3.13-windows-x86_64-none\Lib\threading.py", line 1015, in _bootstrap
    self._bootstrap_inner()
  File "C:\Users\AYESHA RAHMAN\murf-livekit-starter\backend\.uv-python\cpython-3.13-windows-x86_64-none\Lib\threading.py", line 1044, in _bootstrap_inner
    self.run()
  File "C:\Users\AYESHA RAHMAN\murf-livekit-starter\backend\.uv-python\cpython-3.13-windows-x86_64-none\Lib\threading.py", line 995, in run
    self._target(*self._args, **self._kwargs)
  File "C:\Users\AYESHA RAHMAN\murf-livekit-starter\backend\.venv\Lib\site-packages\livekit\agents\ipc\job_proc_lazy_main.py", line 418, in thread_main
    client.run()
  File "C:\Users\AYESHA RAHMAN\murf-livekit-starter\backend\.venv\Lib\site-packages\livekit\agents\ipc\proc_client.py", line 70, in run
    loop.run_until_complete(self._task)
  File "C:\Users\AYESHA RAHMAN\murf-livekit-starter\backend\.uv-python\cpython-3.13-windows-x86_64-none\Lib\asyncio\base_events.py", line 712, in run_until_complete
    self.run_forever()
  File "C:\Users\AYESHA RAHMAN\murf-livekit-starter\backend\.uv-python\cpython-3.13-windows-x86_64-none\Lib\asyncio\base_events.py", line 683, in run_forever
    self._run_once()
  File "C:\Users\AYESHA RAHMAN\murf-livekit-starter\backend\.uv-python\cpython-3.13-windows-x86_64-none\Lib\asyncio\base_events.py", line 2060, in _run_once
    handle._run()
  File "C:\Users\AYESHA RAHMAN\murf-livekit-starter\backend\.uv-python\cpython-3.13-windows-x86_64-none\Lib\asyncio\events.py", line 89, in _run
    self._context.run(self._callback, *self._args)
  File "C:\Users\AYESHA RAHMAN\murf-livekit-starter\backend\.venv\Lib\site-packages\livekit\agents\stt\stt.py", line 384, in _metrics_monitor_task
    self._stt.emit("metrics_collected", stt_metrics)
  File "C:\Users\AYESHA RAHMAN\murf-livekit-starter\backend\.venv\Lib\site-packages\livekit\rtc\event_emitter.py", line 58, in emit
    callback(*callback_args)
  File "C:\Users\AYESHA RAHMAN\murf-livekit-starter\backend\.venv\Lib\site-packages\livekit\agents\voice\agent_activity.py", line 1162, in _on_metrics_collected
    self._session.emit("metrics_collected", MetricsCollectedEvent(metrics=ev))
  File "C:\Users\AYESHA RAHMAN\murf-livekit-starter\backend\.venv\Lib\site-packages\livekit\agents\voice\agent_session.py", line 428, in emit
    super().emit(event, arg)
  File "C:\Users\AYESHA RAHMAN\murf-livekit-starter\backend\.venv\Lib\site-packages\livekit\rtc\event_emitter.py", line 58, in emit
    callback(*callback_args)
  File "C:\Users\AYESHA RAHMAN\murf-livekit-starter\backend\src\agent.py", line 477, in on_metrics_collected
    logger.info(
  File "C:\Users\AYESHA RAHMAN\murf-livekit-starter\backend\.uv-python\cpython-3.13-windows-x86_64-none\Lib\logging\__init__.py", line 1520, in info
    self._log(INFO, msg, args, **kwargs)
  File "C:\Users\AYESHA RAHMAN\murf-livekit-starter\backend\.uv-python\cpython-3.13-windows-x86_64-none\Lib\logging\__init__.py", line 1665, in _log
    self.handle(record)
  File "C:\Users\AYESHA RAHMAN\murf-livekit-starter\backend\.uv-python\cpython-3.13-windows-x86_64-none\Lib\logging\__init__.py", line 1681, in handle
    self.callHandlers(record)
  File "C:\Users\AYESHA RAHMAN\murf-livekit-starter\backend\.uv-python\cpython-3.13-windows-x86_64-none\Lib\logging\__init__.py", line 1737, in callHandlers
    hdlr.handle(record)
  File "C:\Users\AYESHA RAHMAN\murf-livekit-starter\backend\.uv-python\cpython-3.13-windows-x86_64-none\Lib\logging\__init__.py", line 1027, in handle
    self.emit(record)
  File "C:\Users\AYESHA RAHMAN\murf-livekit-starter\backend\.venv\Lib\site-packages\livekit\agents\cli\cli.py", line 957, in emit
    self.handleError(record)
Message: '[DEBUG-%s] metrics=%s'
Arguments: ('STT', STTMetrics(type='stt_metrics', label='livekit.plugins.deepgram.stt.STT', request_id='01a00178-a0ac-70a3-bd32-6047462f742e', timestamp=1786731092.1051285, duration=0.0, audio_duration=4.99999999999999, streamed=True, metadata=Metadata(model_name='nova-3', model_provider='Deepgram')))
--- Logging error ---
Traceback (most recent call last):
  File "C:\Users\AYESHA RAHMAN\murf-livekit-starter\backend\.venv\Lib\site-packages\livekit\agents\cli\cli.py", line 944, in emit
    self.c.console.print(output)
    ~~~~~~~~~~~~~~~~~~~~^^^^^^^^
  File "C:\Users\AYESHA RAHMAN\murf-livekit-starter\backend\.venv\Lib\site-packages\rich\console.py", line 1697, in print
    with self:
         ^^^^
  File "C:\Users\AYESHA RAHMAN\murf-livekit-starter\backend\.venv\Lib\site-packages\rich\console.py", line 870, in __exit__
    self._exit_buffer()
    ~~~~~~~~~~~~~~~~~^^
  File "C:\Users\AYESHA RAHMAN\murf-livekit-starter\backend\.venv\Lib\site-packages\rich\console.py", line 826, in _exit_buffer
    self._check_buffer()
    ~~~~~~~~~~~~~~~~~~^^
  File "C:\Users\AYESHA RAHMAN\murf-livekit-starter\backend\.venv\Lib\site-packages\rich\console.py", line 2042, in _check_buffer
    self._write_buffer()
    ~~~~~~~~~~~~~~~~~~^^
  File "C:\Users\AYESHA RAHMAN\murf-livekit-starter\backend\.venv\Lib\site-packages\rich\console.py", line 2078, in _write_buffer
    legacy_windows_render(buffer, LegacyWindowsTerm(self.file))
    ~~~~~~~~~~~~~~~~~~~~~^^^^^^^^^^^^^^^^^^^^^^^^^^^^^^^^^^^^^^
  File "C:\Users\AYESHA RAHMAN\murf-livekit-starter\backend\.venv\Lib\site-packages\rich\_windows_renderer.py", line 17, in legacy_windows_render
    term.write_styled(text, style)
    ~~~~~~~~~~~~~~~~~^^^^^^^^^^^^^
  File "C:\Users\AYESHA RAHMAN\murf-livekit-starter\backend\.venv\Lib\site-packages\rich\_win32_console.py", line 441, in write_styled
    self.write_text(text)
    ~~~~~~~~~~~~~~~^^^^^^
  File "C:\Users\AYESHA RAHMAN\murf-livekit-starter\backend\.venv\Lib\site-packages\rich\_win32_console.py", line 402, in write_text
    self.write(text)
    ~~~~~~~~~~^^^^^^
  File "C:\Users\AYESHA RAHMAN\murf-livekit-starter\backend\.uv-python\cpython-3.13-windows-x86_64-none\Lib\encodings\cp1252.py", line 19, in encode
    return codecs.charmap_encode(input,self.errors,encoding_table)[0]
           ~~~~~~~~~~~~~~~~~~~~~^^^^^^^^^^^^^^^^^^^^^^^^^^^^^^^^^^
UnicodeEncodeError: 'charmap' codec can't encode character '\u20b9' in position 28: character maps to <undefined>
Call stack:
  File "C:\Users\AYESHA RAHMAN\murf-livekit-starter\backend\.uv-python\cpython-3.13-windows-x86_64-none\Lib\threading.py", line 1015, in _bootstrap
    self._bootstrap_inner()
  File "C:\Users\AYESHA RAHMAN\murf-livekit-starter\backend\.uv-python\cpython-3.13-windows-x86_64-none\Lib\threading.py", line 1044, in _bootstrap_inner
    self.run()
  File "C:\Users\AYESHA RAHMAN\murf-livekit-starter\backend\.uv-python\cpython-3.13-windows-x86_64-none\Lib\threading.py", line 995, in run
    self._target(*self._args, **self._kwargs)
  File "C:\Users\AYESHA RAHMAN\murf-livekit-starter\backend\.venv\Lib\site-packages\livekit\agents\ipc\job_proc_lazy_main.py", line 418, in thread_main
    client.run()
  File "C:\Users\AYESHA RAHMAN\murf-livekit-starter\backend\.venv\Lib\site-packages\livekit\agents\ipc\proc_client.py", line 70, in run
    loop.run_until_complete(self._task)
  File "C:\Users\AYESHA RAHMAN\murf-livekit-starter\backend\.uv-python\cpython-3.13-windows-x86_64-none\Lib\asyncio\base_events.py", line 712, in run_until_complete
    self.run_forever()
  File "C:\Users\AYESHA RAHMAN\murf-livekit-starter\backend\.uv-python\cpython-3.13-windows-x86_64-none\Lib\asyncio\base_events.py", line 683, in run_forever
    self._run_once()
  File "C:\Users\AYESHA RAHMAN\murf-livekit-starter\backend\.uv-python\cpython-3.13-windows-x86_64-none\Lib\asyncio\base_events.py", line 2060, in _run_once
    handle._run()
  File "C:\Users\AYESHA RAHMAN\murf-livekit-starter\backend\.uv-python\cpython-3.13-windows-x86_64-none\Lib\asyncio\events.py", line 89, in _run
    self._context.run(self._callback, *self._args)
  File "C:\Users\AYESHA RAHMAN\murf-livekit-starter\backend\.venv\Lib\site-packages\livekit\agents\utils\log.py", line 17, in async_fn_logs
    return await fn(*args, **kwargs)
  File "C:\Users\AYESHA RAHMAN\murf-livekit-starter\backend\.venv\Lib\site-packages\livekit\agents\voice\generation.py", line 608, in _execute_tools_task
    logger.debug(
  File "C:\Users\AYESHA RAHMAN\murf-livekit-starter\backend\.uv-python\cpython-3.13-windows-x86_64-none\Lib\logging\__init__.py", line 1508, in debug
    self._log(DEBUG, msg, args, **kwargs)
  File "C:\Users\AYESHA RAHMAN\murf-livekit-starter\backend\.uv-python\cpython-3.13-windows-x86_64-none\Lib\logging\__init__.py", line 1665, in _log
    self.handle(record)
  File "C:\Users\AYESHA RAHMAN\murf-livekit-starter\backend\.uv-python\cpython-3.13-windows-x86_64-none\Lib\logging\__init__.py", line 1681, in handle
    self.callHandlers(record)
  File "C:\Users\AYESHA RAHMAN\murf-livekit-starter\backend\.uv-python\cpython-3.13-windows-x86_64-none\Lib\logging\__init__.py", line 1737, in callHandlers
    hdlr.handle(record)
  File "C:\Users\AYESHA RAHMAN\murf-livekit-starter\backend\.uv-python\cpython-3.13-windows-x86_64-none\Lib\logging\__init__.py", line 1027, in handle
    self.emit(record)
  File "C:\Users\AYESHA RAHMAN\murf-livekit-starter\backend\.venv\Lib\site-packages\livekit\agents\cli\cli.py", line 957, in emit
    self.handleError(record)
Message: 'executing tool'
Arguments: ()
--- Logging error ---
Traceback (most recent call last):
  File "C:\Users\AYESHA RAHMAN\murf-livekit-starter\backend\.venv\Lib\site-packages\livekit\agents\cli\cli.py", line 944, in emit
    self.c.console.print(output)
    ~~~~~~~~~~~~~~~~~~~~^^^^^^^^
  File "C:\Users\AYESHA RAHMAN\murf-livekit-starter\backend\.venv\Lib\site-packages\rich\console.py", line 1697, in print
    with self:
         ^^^^
  File "C:\Users\AYESHA RAHMAN\murf-livekit-starter\backend\.venv\Lib\site-packages\rich\console.py", line 870, in __exit__
    self._exit_buffer()
    ~~~~~~~~~~~~~~~~~^^
  File "C:\Users\AYESHA RAHMAN\murf-livekit-starter\backend\.venv\Lib\site-packages\rich\console.py", line 826, in _exit_buffer
    self._check_buffer()
    ~~~~~~~~~~~~~~~~~~^^
  File "C:\Users\AYESHA RAHMAN\murf-livekit-starter\backend\.venv\Lib\site-packages\rich\console.py", line 2042, in _check_buffer
    self._write_buffer()
    ~~~~~~~~~~~~~~~~~~^^
  File "C:\Users\AYESHA RAHMAN\murf-livekit-starter\backend\.venv\Lib\site-packages\rich\console.py", line 2078, in _write_buffer
    legacy_windows_render(buffer, LegacyWindowsTerm(self.file))
    ~~~~~~~~~~~~~~~~~~~~~^^^^^^^^^^^^^^^^^^^^^^^^^^^^^^^^^^^^^^
  File "C:\Users\AYESHA RAHMAN\murf-livekit-starter\backend\.venv\Lib\site-packages\rich\_windows_renderer.py", line 17, in legacy_windows_render
    term.write_styled(text, style)
    ~~~~~~~~~~~~~~~~~^^^^^^^^^^^^^
  File "C:\Users\AYESHA RAHMAN\murf-livekit-starter\backend\.venv\Lib\site-packages\rich\_win32_console.py", line 441, in write_styled
    self.write_text(text)
    ~~~~~~~~~~~~~~~^^^^^^
  File "C:\Users\AYESHA RAHMAN\murf-livekit-starter\backend\.venv\Lib\site-packages\rich\_win32_console.py", line 402, in write_text
    self.write(text)
    ~~~~~~~~~~^^^^^^
  File "C:\Users\AYESHA RAHMAN\murf-livekit-starter\backend\.uv-python\cpython-3.13-windows-x86_64-none\Lib\encodings\cp1252.py", line 19, in encode
    return codecs.charmap_encode(input,self.errors,encoding_table)[0]
           ~~~~~~~~~~~~~~~~~~~~~^^^^^^^^^^^^^^^^^^^^^^^^^^^^^^^^^^
UnicodeEncodeError: 'charmap' codec can't encode character '\u20b9' in position 28: character maps to <undefined>
Call stack:
  File "C:\Users\AYESHA RAHMAN\murf-livekit-starter\backend\.uv-python\cpython-3.13-windows-x86_64-none\Lib\threading.py", line 1015, in _bootstrap
    self._bootstrap_inner()
  File "C:\Users\AYESHA RAHMAN\murf-livekit-starter\backend\.uv-python\cpython-3.13-windows-x86_64-none\Lib\threading.py", line 1044, in _bootstrap_inner
    self.run()
  File "C:\Users\AYESHA RAHMAN\murf-livekit-starter\backend\.uv-python\cpython-3.13-windows-x86_64-none\Lib\threading.py", line 995, in run
    self._target(*self._args, **self._kwargs)
  File "C:\Users\AYESHA RAHMAN\murf-livekit-starter\backend\.venv\Lib\site-packages\livekit\agents\ipc\job_proc_lazy_main.py", line 418, in thread_main
    client.run()
  File "C:\Users\AYESHA RAHMAN\murf-livekit-starter\backend\.venv\Lib\site-packages\livekit\agents\ipc\proc_client.py", line 70, in run
    loop.run_until_complete(self._task)
  File "C:\Users\AYESHA RAHMAN\murf-livekit-starter\backend\.uv-python\cpython-3.13-windows-x86_64-none\Lib\asyncio\base_events.py", line 712, in run_until_complete
    self.run_forever()
  File "C:\Users\AYESHA RAHMAN\murf-livekit-starter\backend\.uv-python\cpython-3.13-windows-x86_64-none\Lib\asyncio\base_events.py", line 683, in run_forever
    self._run_once()
  File "C:\Users\AYESHA RAHMAN\murf-livekit-starter\backend\.uv-python\cpython-3.13-windows-x86_64-none\Lib\asyncio\base_events.py", line 2060, in _run_once
    handle._run()
  File "C:\Users\AYESHA RAHMAN\murf-livekit-starter\backend\.uv-python\cpython-3.13-windows-x86_64-none\Lib\asyncio\events.py", line 89, in _run
    self._context.run(self._callback, *self._args)
  File "C:\Users\AYESHA RAHMAN\murf-livekit-starter\backend\.venv\Lib\site-packages\livekit\agents\utils\log.py", line 17, in async_fn_logs
    return await fn(*args, **kwargs)
  File "C:\Users\AYESHA RAHMAN\murf-livekit-starter\backend\.venv\Lib\site-packages\livekit\agents\llm\llm.py", line 348, in _metrics_monitor_task
    self._llm.emit("metrics_collected", metrics)
  File "C:\Users\AYESHA RAHMAN\murf-livekit-starter\backend\.venv\Lib\site-packages\livekit\rtc\event_emitter.py", line 58, in emit
    callback(*callback_args)
  File "C:\Users\AYESHA RAHMAN\murf-livekit-starter\backend\.venv\Lib\site-packages\livekit\agents\voice\agent_activity.py", line 1162, in _on_metrics_collected
    self._session.emit("metrics_collected", MetricsCollectedEvent(metrics=ev))
  File "C:\Users\AYESHA RAHMAN\murf-livekit-starter\backend\.venv\Lib\site-packages\livekit\agents\voice\agent_session.py", line 428, in emit
    super().emit(event, arg)
  File "C:\Users\AYESHA RAHMAN\murf-livekit-starter\backend\.venv\Lib\site-packages\livekit\rtc\event_emitter.py", line 58, in emit
    callback(*callback_args)
  File "C:\Users\AYESHA RAHMAN\murf-livekit-starter\backend\src\agent.py", line 477, in on_metrics_collected
    logger.info(
  File "C:\Users\AYESHA RAHMAN\murf-livekit-starter\backend\.uv-python\cpython-3.13-windows-x86_64-none\Lib\logging\__init__.py", line 1520, in info
    self._log(INFO, msg, args, **kwargs)
  File "C:\Users\AYESHA RAHMAN\murf-livekit-starter\backend\.uv-python\cpython-3.13-windows-x86_64-none\Lib\logging\__init__.py", line 1665, in _log
    self.handle(record)
  File "C:\Users\AYESHA RAHMAN\murf-livekit-starter\backend\.uv-python\cpython-3.13-windows-x86_64-none\Lib\logging\__init__.py", line 1681, in handle
    self.callHandlers(record)
  File "C:\Users\AYESHA RAHMAN\murf-livekit-starter\backend\.uv-python\cpython-3.13-windows-x86_64-none\Lib\logging\__init__.py", line 1737, in callHandlers
    hdlr.handle(record)
  File "C:\Users\AYESHA RAHMAN\murf-livekit-starter\backend\.uv-python\cpython-3.13-windows-x86_64-none\Lib\logging\__init__.py", line 1027, in handle
    self.emit(record)
  File "C:\Users\AYESHA RAHMAN\murf-livekit-starter\backend\.venv\Lib\site-packages\livekit\agents\cli\cli.py", line 957, in emit
    self.handleError(record)
Message: '[DEBUG-%s] metrics=%s'
Arguments: ('LLM', LLMMetrics(type='llm_metrics', label='livekit.plugins.google.llm.LLM', request_id='02de304d2233', timestamp=1786731094.815603, duration=1.4869505999995454, ttft=1.4432527999997546, cancelled=False, completion_tokens=15, prompt_tokens=3292, prompt_cached_tokens=0, total_tokens=3307, tokens_per_second=10.08775947230835, speech_id='speech_6e4982a628cb', metadata=Metadata(model_name='gemini-3.5-flash-lite', model_provider='Gemini')))
--- Logging error ---
Traceback (most recent call last):
  File "C:\Users\AYESHA RAHMAN\murf-livekit-starter\backend\.venv\Lib\site-packages\livekit\agents\cli\cli.py", line 944, in emit
    self.c.console.print(output)
    ~~~~~~~~~~~~~~~~~~~~^^^^^^^^
  File "C:\Users\AYESHA RAHMAN\murf-livekit-starter\backend\.venv\Lib\site-packages\rich\console.py", line 1697, in print
    with self:
         ^^^^
  File "C:\Users\AYESHA RAHMAN\murf-livekit-starter\backend\.venv\Lib\site-packages\rich\console.py", line 870, in __exit__
    self._exit_buffer()
    ~~~~~~~~~~~~~~~~~^^
  File "C:\Users\AYESHA RAHMAN\murf-livekit-starter\backend\.venv\Lib\site-packages\rich\console.py", line 826, in _exit_buffer
    self._check_buffer()
    ~~~~~~~~~~~~~~~~~~^^
  File "C:\Users\AYESHA RAHMAN\murf-livekit-starter\backend\.venv\Lib\site-packages\rich\console.py", line 2042, in _check_buffer
    self._write_buffer()
    ~~~~~~~~~~~~~~~~~~^^
  File "C:\Users\AYESHA RAHMAN\murf-livekit-starter\backend\.venv\Lib\site-packages\rich\console.py", line 2078, in _write_buffer
    legacy_windows_render(buffer, LegacyWindowsTerm(self.file))
    ~~~~~~~~~~~~~~~~~~~~~^^^^^^^^^^^^^^^^^^^^^^^^^^^^^^^^^^^^^^
  File "C:\Users\AYESHA RAHMAN\murf-livekit-starter\backend\.venv\Lib\site-packages\rich\_windows_renderer.py", line 17, in legacy_windows_render
    term.write_styled(text, style)
    ~~~~~~~~~~~~~~~~~^^^^^^^^^^^^^
  File "C:\Users\AYESHA RAHMAN\murf-livekit-starter\backend\.venv\Lib\site-packages\rich\_win32_console.py", line 441, in write_styled
    self.write_text(text)
    ~~~~~~~~~~~~~~~^^^^^^
  File "C:\Users\AYESHA RAHMAN\murf-livekit-starter\backend\.venv\Lib\site-packages\rich\_win32_console.py", line 402, in write_text
    self.write(text)
    ~~~~~~~~~~^^^^^^
  File "C:\Users\AYESHA RAHMAN\murf-livekit-starter\backend\.uv-python\cpython-3.13-windows-x86_64-none\Lib\encodings\cp1252.py", line 19, in encode
    return codecs.charmap_encode(input,self.errors,encoding_table)[0]
           ~~~~~~~~~~~~~~~~~~~~~^^^^^^^^^^^^^^^^^^^^^^^^^^^^^^^^^^
UnicodeEncodeError: 'charmap' codec can't encode character '\u20b9' in position 28: character maps to <undefined>
Call stack:
  File "C:\Users\AYESHA RAHMAN\murf-livekit-starter\backend\.uv-python\cpython-3.13-windows-x86_64-none\Lib\threading.py", line 1015, in _bootstrap
    self._bootstrap_inner()
  File "C:\Users\AYESHA RAHMAN\murf-livekit-starter\backend\.uv-python\cpython-3.13-windows-x86_64-none\Lib\threading.py", line 1044, in _bootstrap_inner
    self.run()
  File "C:\Users\AYESHA RAHMAN\murf-livekit-starter\backend\.uv-python\cpython-3.13-windows-x86_64-none\Lib\threading.py", line 995, in run
    self._target(*self._args, **self._kwargs)
  File "C:\Users\AYESHA RAHMAN\murf-livekit-starter\backend\.venv\Lib\site-packages\livekit\agents\ipc\job_proc_lazy_main.py", line 418, in thread_main
    client.run()
  File "C:\Users\AYESHA RAHMAN\murf-livekit-starter\backend\.venv\Lib\site-packages\livekit\agents\ipc\proc_client.py", line 70, in run
    loop.run_until_complete(self._task)
  File "C:\Users\AYESHA RAHMAN\murf-livekit-starter\backend\.uv-python\cpython-3.13-windows-x86_64-none\Lib\asyncio\base_events.py", line 712, in run_until_complete
    self.run_forever()
  File "C:\Users\AYESHA RAHMAN\murf-livekit-starter\backend\.uv-python\cpython-3.13-windows-x86_64-none\Lib\asyncio\base_events.py", line 683, in run_forever
    self._run_once()
  File "C:\Users\AYESHA RAHMAN\murf-livekit-starter\backend\.uv-python\cpython-3.13-windows-x86_64-none\Lib\asyncio\base_events.py", line 2060, in _run_once
    handle._run()
  File "C:\Users\AYESHA RAHMAN\murf-livekit-starter\backend\.uv-python\cpython-3.13-windows-x86_64-none\Lib\asyncio\events.py", line 89, in _run
    self._context.run(self._callback, *self._args)
  File "C:\Users\AYESHA RAHMAN\murf-livekit-starter\backend\.venv\Lib\site-packages\livekit\agents\tts\stream_pacer.py", line 149, in _send_task
    logger.debug(
  File "C:\Users\AYESHA RAHMAN\murf-livekit-starter\backend\.uv-python\cpython-3.13-windows-x86_64-none\Lib\logging\__init__.py", line 1508, in debug
    self._log(DEBUG, msg, args, **kwargs)
  File "C:\Users\AYESHA RAHMAN\murf-livekit-starter\backend\.uv-python\cpython-3.13-windows-x86_64-none\Lib\logging\__init__.py", line 1665, in _log
    self.handle(record)
  File "C:\Users\AYESHA RAHMAN\murf-livekit-starter\backend\.uv-python\cpython-3.13-windows-x86_64-none\Lib\logging\__init__.py", line 1681, in handle
    self.callHandlers(record)
  File "C:\Users\AYESHA RAHMAN\murf-livekit-starter\backend\.uv-python\cpython-3.13-windows-x86_64-none\Lib\logging\__init__.py", line 1737, in callHandlers
    hdlr.handle(record)
  File "C:\Users\AYESHA RAHMAN\murf-livekit-starter\backend\.uv-python\cpython-3.13-windows-x86_64-none\Lib\logging\__init__.py", line 1027, in handle
    self.emit(record)
  File "C:\Users\AYESHA RAHMAN\murf-livekit-starter\backend\.venv\Lib\site-packages\livekit\agents\cli\cli.py", line 957, in emit
    self.handleError(record)
Message: 'sent text to tts'
Arguments: ()
--- Logging error ---
Traceback (most recent call last):
  File "C:\Users\AYESHA RAHMAN\murf-livekit-starter\backend\.venv\Lib\site-packages\livekit\agents\cli\cli.py", line 944, in emit
    self.c.console.print(output)
    ~~~~~~~~~~~~~~~~~~~~^^^^^^^^
  File "C:\Users\AYESHA RAHMAN\murf-livekit-starter\backend\.venv\Lib\site-packages\rich\console.py", line 1697, in print
    with self:
         ^^^^
  File "C:\Users\AYESHA RAHMAN\murf-livekit-starter\backend\.venv\Lib\site-packages\rich\console.py", line 870, in __exit__
    self._exit_buffer()
    ~~~~~~~~~~~~~~~~~^^
  File "C:\Users\AYESHA RAHMAN\murf-livekit-starter\backend\.venv\Lib\site-packages\rich\console.py", line 826, in _exit_buffer
    self._check_buffer()
    ~~~~~~~~~~~~~~~~~~^^
  File "C:\Users\AYESHA RAHMAN\murf-livekit-starter\backend\.venv\Lib\site-packages\rich\console.py", line 2042, in _check_buffer
    self._write_buffer()
    ~~~~~~~~~~~~~~~~~~^^
  File "C:\Users\AYESHA RAHMAN\murf-livekit-starter\backend\.venv\Lib\site-packages\rich\console.py", line 2078, in _write_buffer
    legacy_windows_render(buffer, LegacyWindowsTerm(self.file))
    ~~~~~~~~~~~~~~~~~~~~~^^^^^^^^^^^^^^^^^^^^^^^^^^^^^^^^^^^^^^
  File "C:\Users\AYESHA RAHMAN\murf-livekit-starter\backend\.venv\Lib\site-packages\rich\_windows_renderer.py", line 17, in legacy_windows_render
    term.write_styled(text, style)
    ~~~~~~~~~~~~~~~~~^^^^^^^^^^^^^
  File "C:\Users\AYESHA RAHMAN\murf-livekit-starter\backend\.venv\Lib\site-packages\rich\_win32_console.py", line 441, in write_styled
    self.write_text(text)
    ~~~~~~~~~~~~~~~^^^^^^
  File "C:\Users\AYESHA RAHMAN\murf-livekit-starter\backend\.venv\Lib\site-packages\rich\_win32_console.py", line 402, in write_text
    self.write(text)
    ~~~~~~~~~~^^^^^^
  File "C:\Users\AYESHA RAHMAN\murf-livekit-starter\backend\.uv-python\cpython-3.13-windows-x86_64-none\Lib\encodings\cp1252.py", line 19, in encode
    return codecs.charmap_encode(input,self.errors,encoding_table)[0]
           ~~~~~~~~~~~~~~~~~~~~~^^^^^^^^^^^^^^^^^^^^^^^^^^^^^^^^^^
UnicodeEncodeError: 'charmap' codec can't encode character '\u20b9' in position 28: character maps to <undefined>
Call stack:
  File "C:\Users\AYESHA RAHMAN\murf-livekit-starter\backend\.uv-python\cpython-3.13-windows-x86_64-none\Lib\threading.py", line 1015, in _bootstrap
    self._bootstrap_inner()
  File "C:\Users\AYESHA RAHMAN\murf-livekit-starter\backend\.uv-python\cpython-3.13-windows-x86_64-none\Lib\threading.py", line 1044, in _bootstrap_inner
    self.run()
  File "C:\Users\AYESHA RAHMAN\murf-livekit-starter\backend\.uv-python\cpython-3.13-windows-x86_64-none\Lib\threading.py", line 995, in run
    self._target(*self._args, **self._kwargs)
  File "C:\Users\AYESHA RAHMAN\murf-livekit-starter\backend\.venv\Lib\site-packages\livekit\agents\ipc\job_proc_lazy_main.py", line 418, in thread_main
    client.run()
  File "C:\Users\AYESHA RAHMAN\murf-livekit-starter\backend\.venv\Lib\site-packages\livekit\agents\ipc\proc_client.py", line 70, in run
    loop.run_until_complete(self._task)
  File "C:\Users\AYESHA RAHMAN\murf-livekit-starter\backend\.uv-python\cpython-3.13-windows-x86_64-none\Lib\asyncio\base_events.py", line 712, in run_until_complete
    self.run_forever()
  File "C:\Users\AYESHA RAHMAN\murf-livekit-starter\backend\.uv-python\cpython-3.13-windows-x86_64-none\Lib\asyncio\base_events.py", line 683, in run_forever
    self._run_once()
  File "C:\Users\AYESHA RAHMAN\murf-livekit-starter\backend\.uv-python\cpython-3.13-windows-x86_64-none\Lib\asyncio\base_events.py", line 2060, in _run_once
    handle._run()
  File "C:\Users\AYESHA RAHMAN\murf-livekit-starter\backend\.uv-python\cpython-3.13-windows-x86_64-none\Lib\asyncio\events.py", line 89, in _run
    self._context.run(self._callback, *self._args)
  File "C:\Users\AYESHA RAHMAN\murf-livekit-starter\backend\.venv\Lib\site-packages\livekit\plugins\murf\tts.py", line 351, in _sentence_stream_task
    logger.info(
  File "C:\Users\AYESHA RAHMAN\murf-livekit-starter\backend\.uv-python\cpython-3.13-windows-x86_64-none\Lib\logging\__init__.py", line 1520, in info
    self._log(INFO, msg, args, **kwargs)
  File "C:\Users\AYESHA RAHMAN\murf-livekit-starter\backend\.uv-python\cpython-3.13-windows-x86_64-none\Lib\logging\__init__.py", line 1665, in _log
    self.handle(record)
  File "C:\Users\AYESHA RAHMAN\murf-livekit-starter\backend\.uv-python\cpython-3.13-windows-x86_64-none\Lib\logging\__init__.py", line 1681, in handle
    self.callHandlers(record)
  File "C:\Users\AYESHA RAHMAN\murf-livekit-starter\backend\.uv-python\cpython-3.13-windows-x86_64-none\Lib\logging\__init__.py", line 1737, in callHandlers
    hdlr.handle(record)
  File "C:\Users\AYESHA RAHMAN\murf-livekit-starter\backend\.uv-python\cpython-3.13-windows-x86_64-none\Lib\logging\__init__.py", line 1027, in handle
    self.emit(record)
  File "C:\Users\AYESHA RAHMAN\murf-livekit-starter\backend\.venv\Lib\site-packages\livekit\agents\cli\cli.py", line 957, in emit
    self.handleError(record)
Message: '[Murf TTS] Stream started - context_id=%s, voice=%s, style=%s, locale=%s, min_buffer_size=%d, max_buffer_delay_in_ms=%d, endpoint=%s'
Arguments: ('0a51d962002a', 'Anisha', 'Conversation', None, 3, 0, 'https://global.api.murf.ai')
--- Logging error ---
Traceback (most recent call last):
  File "C:\Users\AYESHA RAHMAN\murf-livekit-starter\backend\.venv\Lib\site-packages\livekit\agents\cli\cli.py", line 944, in emit
    self.c.console.print(output)
    ~~~~~~~~~~~~~~~~~~~~^^^^^^^^
  File "C:\Users\AYESHA RAHMAN\murf-livekit-starter\backend\.venv\Lib\site-packages\rich\console.py", line 1697, in print
    with self:
         ^^^^
  File "C:\Users\AYESHA RAHMAN\murf-livekit-starter\backend\.venv\Lib\site-packages\rich\console.py", line 870, in __exit__
    self._exit_buffer()
    ~~~~~~~~~~~~~~~~~^^
  File "C:\Users\AYESHA RAHMAN\murf-livekit-starter\backend\.venv\Lib\site-packages\rich\console.py", line 826, in _exit_buffer
    self._check_buffer()
    ~~~~~~~~~~~~~~~~~~^^
  File "C:\Users\AYESHA RAHMAN\murf-livekit-starter\backend\.venv\Lib\site-packages\rich\console.py", line 2042, in _check_buffer
    self._write_buffer()
    ~~~~~~~~~~~~~~~~~~^^
  File "C:\Users\AYESHA RAHMAN\murf-livekit-starter\backend\.venv\Lib\site-packages\rich\console.py", line 2078, in _write_buffer
    legacy_windows_render(buffer, LegacyWindowsTerm(self.file))
    ~~~~~~~~~~~~~~~~~~~~~^^^^^^^^^^^^^^^^^^^^^^^^^^^^^^^^^^^^^^
  File "C:\Users\AYESHA RAHMAN\murf-livekit-starter\backend\.venv\Lib\site-packages\rich\_windows_renderer.py", line 17, in legacy_windows_render
    term.write_styled(text, style)
    ~~~~~~~~~~~~~~~~~^^^^^^^^^^^^^
  File "C:\Users\AYESHA RAHMAN\murf-livekit-starter\backend\.venv\Lib\site-packages\rich\_win32_console.py", line 441, in write_styled
    self.write_text(text)
    ~~~~~~~~~~~~~~~^^^^^^
  File "C:\Users\AYESHA RAHMAN\murf-livekit-starter\backend\.venv\Lib\site-packages\rich\_win32_console.py", line 402, in write_text
    self.write(text)
    ~~~~~~~~~~^^^^^^
  File "C:\Users\AYESHA RAHMAN\murf-livekit-starter\backend\.uv-python\cpython-3.13-windows-x86_64-none\Lib\encodings\cp1252.py", line 19, in encode
    return codecs.charmap_encode(input,self.errors,encoding_table)[0]
           ~~~~~~~~~~~~~~~~~~~~~^^^^^^^^^^^^^^^^^^^^^^^^^^^^^^^^^^
UnicodeEncodeError: 'charmap' codec can't encode character '\u20b9' in position 28: character maps to <undefined>
Call stack:
  File "C:\Users\AYESHA RAHMAN\murf-livekit-starter\backend\.uv-python\cpython-3.13-windows-x86_64-none\Lib\threading.py", line 1015, in _bootstrap
    self._bootstrap_inner()
  File "C:\Users\AYESHA RAHMAN\murf-livekit-starter\backend\.uv-python\cpython-3.13-windows-x86_64-none\Lib\threading.py", line 1044, in _bootstrap_inner
    self.run()
  File "C:\Users\AYESHA RAHMAN\murf-livekit-starter\backend\.uv-python\cpython-3.13-windows-x86_64-none\Lib\threading.py", line 995, in run
    self._target(*self._args, **self._kwargs)
  File "C:\Users\AYESHA RAHMAN\murf-livekit-starter\backend\.venv\Lib\site-packages\livekit\agents\ipc\job_proc_lazy_main.py", line 418, in thread_main
    client.run()
  File "C:\Users\AYESHA RAHMAN\murf-livekit-starter\backend\.venv\Lib\site-packages\livekit\agents\ipc\proc_client.py", line 70, in run
    loop.run_until_complete(self._task)
  File "C:\Users\AYESHA RAHMAN\murf-livekit-starter\backend\.uv-python\cpython-3.13-windows-x86_64-none\Lib\asyncio\base_events.py", line 712, in run_until_complete
    self.run_forever()
  File "C:\Users\AYESHA RAHMAN\murf-livekit-starter\backend\.uv-python\cpython-3.13-windows-x86_64-none\Lib\asyncio\base_events.py", line 683, in run_forever
    self._run_once()
  File "C:\Users\AYESHA RAHMAN\murf-livekit-starter\backend\.uv-python\cpython-3.13-windows-x86_64-none\Lib\asyncio\base_events.py", line 2060, in _run_once
    handle._run()
  File "C:\Users\AYESHA RAHMAN\murf-livekit-starter\backend\.uv-python\cpython-3.13-windows-x86_64-none\Lib\asyncio\events.py", line 89, in _run
    self._context.run(self._callback, *self._args)
  File "C:\Users\AYESHA RAHMAN\murf-livekit-starter\backend\.venv\Lib\site-packages\livekit\plugins\murf\tts.py", line 412, in _recv_task
    logger.info("[Murf TTS] Murf TTFB (first sentence to first audio): %.2f ms", ttfb_ms)
  File "C:\Users\AYESHA RAHMAN\murf-livekit-starter\backend\.uv-python\cpython-3.13-windows-x86_64-none\Lib\logging\__init__.py", line 1520, in info
    self._log(INFO, msg, args, **kwargs)
  File "C:\Users\AYESHA RAHMAN\murf-livekit-starter\backend\.uv-python\cpython-3.13-windows-x86_64-none\Lib\logging\__init__.py", line 1665, in _log
    self.handle(record)
  File "C:\Users\AYESHA RAHMAN\murf-livekit-starter\backend\.uv-python\cpython-3.13-windows-x86_64-none\Lib\logging\__init__.py", line 1681, in handle
    self.callHandlers(record)
  File "C:\Users\AYESHA RAHMAN\murf-livekit-starter\backend\.uv-python\cpython-3.13-windows-x86_64-none\Lib\logging\__init__.py", line 1737, in callHandlers
    hdlr.handle(record)
  File "C:\Users\AYESHA RAHMAN\murf-livekit-starter\backend\.uv-python\cpython-3.13-windows-x86_64-none\Lib\logging\__init__.py", line 1027, in handle
    self.emit(record)
  File "C:\Users\AYESHA RAHMAN\murf-livekit-starter\backend\.venv\Lib\site-packages\livekit\agents\cli\cli.py", line 957, in emit
    self.handleError(record)
Message: '[Murf TTS] Murf TTFB (first sentence to first audio): %.2f ms'
Arguments: (131.4141999973799,)
--- Logging error ---
Traceback (most recent call last):
  File "C:\Users\AYESHA RAHMAN\murf-livekit-starter\backend\.venv\Lib\site-packages\livekit\agents\cli\cli.py", line 944, in emit
    self.c.console.print(output)
    ~~~~~~~~~~~~~~~~~~~~^^^^^^^^
  File "C:\Users\AYESHA RAHMAN\murf-livekit-starter\backend\.venv\Lib\site-packages\rich\console.py", line 1697, in print
    with self:
         ^^^^
  File "C:\Users\AYESHA RAHMAN\murf-livekit-starter\backend\.venv\Lib\site-packages\rich\console.py", line 870, in __exit__
    self._exit_buffer()
    ~~~~~~~~~~~~~~~~~^^
  File "C:\Users\AYESHA RAHMAN\murf-livekit-starter\backend\.venv\Lib\site-packages\rich\console.py", line 826, in _exit_buffer
    self._check_buffer()
    ~~~~~~~~~~~~~~~~~~^^
  File "C:\Users\AYESHA RAHMAN\murf-livekit-starter\backend\.venv\Lib\site-packages\rich\console.py", line 2042, in _check_buffer
    self._write_buffer()
    ~~~~~~~~~~~~~~~~~~^^
  File "C:\Users\AYESHA RAHMAN\murf-livekit-starter\backend\.venv\Lib\site-packages\rich\console.py", line 2078, in _write_buffer
    legacy_windows_render(buffer, LegacyWindowsTerm(self.file))
    ~~~~~~~~~~~~~~~~~~~~~^^^^^^^^^^^^^^^^^^^^^^^^^^^^^^^^^^^^^^
  File "C:\Users\AYESHA RAHMAN\murf-livekit-starter\backend\.venv\Lib\site-packages\rich\_windows_renderer.py", line 17, in legacy_windows_render
    term.write_styled(text, style)
    ~~~~~~~~~~~~~~~~~^^^^^^^^^^^^^
  File "C:\Users\AYESHA RAHMAN\murf-livekit-starter\backend\.venv\Lib\site-packages\rich\_win32_console.py", line 441, in write_styled
    self.write_text(text)
    ~~~~~~~~~~~~~~~^^^^^^
  File "C:\Users\AYESHA RAHMAN\murf-livekit-starter\backend\.venv\Lib\site-packages\rich\_win32_console.py", line 402, in write_text
    self.write(text)
    ~~~~~~~~~~^^^^^^
  File "C:\Users\AYESHA RAHMAN\murf-livekit-starter\backend\.uv-python\cpython-3.13-windows-x86_64-none\Lib\encodings\cp1252.py", line 19, in encode
    return codecs.charmap_encode(input,self.errors,encoding_table)[0]
           ~~~~~~~~~~~~~~~~~~~~~^^^^^^^^^^^^^^^^^^^^^^^^^^^^^^^^^^
UnicodeEncodeError: 'charmap' codec can't encode character '\u20b9' in position 28: character maps to <undefined>
Call stack:
  File "C:\Users\AYESHA RAHMAN\murf-livekit-starter\backend\.uv-python\cpython-3.13-windows-x86_64-none\Lib\threading.py", line 1015, in _bootstrap
    self._bootstrap_inner()
  File "C:\Users\AYESHA RAHMAN\murf-livekit-starter\backend\.uv-python\cpython-3.13-windows-x86_64-none\Lib\threading.py", line 1044, in _bootstrap_inner
    self.run()
  File "C:\Users\AYESHA RAHMAN\murf-livekit-starter\backend\.uv-python\cpython-3.13-windows-x86_64-none\Lib\threading.py", line 995, in run
    self._target(*self._args, **self._kwargs)
  File "C:\Users\AYESHA RAHMAN\murf-livekit-starter\backend\.venv\Lib\site-packages\livekit\agents\ipc\job_proc_lazy_main.py", line 418, in thread_main
    client.run()
  File "C:\Users\AYESHA RAHMAN\murf-livekit-starter\backend\.venv\Lib\site-packages\livekit\agents\ipc\proc_client.py", line 70, in run
    loop.run_until_complete(self._task)
  File "C:\Users\AYESHA RAHMAN\murf-livekit-starter\backend\.uv-python\cpython-3.13-windows-x86_64-none\Lib\asyncio\base_events.py", line 712, in run_until_complete
    self.run_forever()
  File "C:\Users\AYESHA RAHMAN\murf-livekit-starter\backend\.uv-python\cpython-3.13-windows-x86_64-none\Lib\asyncio\base_events.py", line 683, in run_forever
    self._run_once()
  File "C:\Users\AYESHA RAHMAN\murf-livekit-starter\backend\.uv-python\cpython-3.13-windows-x86_64-none\Lib\asyncio\base_events.py", line 2060, in _run_once
    handle._run()
  File "C:\Users\AYESHA RAHMAN\murf-livekit-starter\backend\.uv-python\cpython-3.13-windows-x86_64-none\Lib\asyncio\events.py", line 89, in _run
    self._context.run(self._callback, *self._args)
  File "C:\Users\AYESHA RAHMAN\murf-livekit-starter\backend\.venv\Lib\site-packages\livekit\agents\tts\tts.py", line 570, in _metrics_monitor_task
    _emit_metrics()
  File "C:\Users\AYESHA RAHMAN\murf-livekit-starter\backend\.venv\Lib\site-packages\livekit\agents\tts\tts.py", line 554, in _emit_metrics
    self._tts.emit("metrics_collected", metrics)
  File "C:\Users\AYESHA RAHMAN\murf-livekit-starter\backend\.venv\Lib\site-packages\livekit\rtc\event_emitter.py", line 58, in emit
    callback(*callback_args)
  File "C:\Users\AYESHA RAHMAN\murf-livekit-starter\backend\.venv\Lib\site-packages\livekit\agents\voice\agent_activity.py", line 1162, in _on_metrics_collected
    self._session.emit("metrics_collected", MetricsCollectedEvent(metrics=ev))
  File "C:\Users\AYESHA RAHMAN\murf-livekit-starter\backend\.venv\Lib\site-packages\livekit\agents\voice\agent_session.py", line 428, in emit
    super().emit(event, arg)
  File "C:\Users\AYESHA RAHMAN\murf-livekit-starter\backend\.venv\Lib\site-packages\livekit\rtc\event_emitter.py", line 58, in emit
    callback(*callback_args)
  File "C:\Users\AYESHA RAHMAN\murf-livekit-starter\backend\src\agent.py", line 477, in on_metrics_collected
    logger.info(
  File "C:\Users\AYESHA RAHMAN\murf-livekit-starter\backend\.uv-python\cpython-3.13-windows-x86_64-none\Lib\logging\__init__.py", line 1520, in info
    self._log(INFO, msg, args, **kwargs)
  File "C:\Users\AYESHA RAHMAN\murf-livekit-starter\backend\.uv-python\cpython-3.13-windows-x86_64-none\Lib\logging\__init__.py", line 1665, in _log
    self.handle(record)
  File "C:\Users\AYESHA RAHMAN\murf-livekit-starter\backend\.uv-python\cpython-3.13-windows-x86_64-none\Lib\logging\__init__.py", line 1681, in handle
    self.callHandlers(record)
  File "C:\Users\AYESHA RAHMAN\murf-livekit-starter\backend\.uv-python\cpython-3.13-windows-x86_64-none\Lib\logging\__init__.py", line 1737, in callHandlers
    hdlr.handle(record)
  File "C:\Users\AYESHA RAHMAN\murf-livekit-starter\backend\.uv-python\cpython-3.13-windows-x86_64-none\Lib\logging\__init__.py", line 1027, in handle
    self.emit(record)
  File "C:\Users\AYESHA RAHMAN\murf-livekit-starter\backend\.venv\Lib\site-packages\livekit\agents\cli\cli.py", line 957, in emit
    self.handleError(record)
Message: '[DEBUG-%s] metrics=%s'
Arguments: ('TTS', TTSMetrics(type='tts_metrics', label='livekit.plugins.murf.tts.TTS', request_id='e83b159547de', timestamp=1786731095.647538, ttfb=0.19258819999959087, duration=0.6937265000015032, audio_duration=4.400000000000001, cancelled=False, characters_count=80, streamed=True, segment_id='0a51d962002a', speech_id='speech_70006f2a63e0', metadata=Metadata(model_name='FALCON', model_provider='Murf')))
--- Logging error ---
Traceback (most recent call last):
  File "C:\Users\AYESHA RAHMAN\murf-livekit-starter\backend\.venv\Lib\site-packages\livekit\agents\cli\cli.py", line 944, in emit
    self.c.console.print(output)
    ~~~~~~~~~~~~~~~~~~~~^^^^^^^^
  File "C:\Users\AYESHA RAHMAN\murf-livekit-starter\backend\.venv\Lib\site-packages\rich\console.py", line 1697, in print
    with self:
         ^^^^
  File "C:\Users\AYESHA RAHMAN\murf-livekit-starter\backend\.venv\Lib\site-packages\rich\console.py", line 870, in __exit__
    self._exit_buffer()
    ~~~~~~~~~~~~~~~~~^^
  File "C:\Users\AYESHA RAHMAN\murf-livekit-starter\backend\.venv\Lib\site-packages\rich\console.py", line 826, in _exit_buffer
    self._check_buffer()
    ~~~~~~~~~~~~~~~~~~^^
  File "C:\Users\AYESHA RAHMAN\murf-livekit-starter\backend\.venv\Lib\site-packages\rich\console.py", line 2042, in _check_buffer
    self._write_buffer()
    ~~~~~~~~~~~~~~~~~~^^
  File "C:\Users\AYESHA RAHMAN\murf-livekit-starter\backend\.venv\Lib\site-packages\rich\console.py", line 2078, in _write_buffer
    legacy_windows_render(buffer, LegacyWindowsTerm(self.file))
    ~~~~~~~~~~~~~~~~~~~~~^^^^^^^^^^^^^^^^^^^^^^^^^^^^^^^^^^^^^^
  File "C:\Users\AYESHA RAHMAN\murf-livekit-starter\backend\.venv\Lib\site-packages\rich\_windows_renderer.py", line 17, in legacy_windows_render
    term.write_styled(text, style)
    ~~~~~~~~~~~~~~~~~^^^^^^^^^^^^^
  File "C:\Users\AYESHA RAHMAN\murf-livekit-starter\backend\.venv\Lib\site-packages\rich\_win32_console.py", line 441, in write_styled
    self.write_text(text)
    ~~~~~~~~~~~~~~~^^^^^^
  File "C:\Users\AYESHA RAHMAN\murf-livekit-starter\backend\.venv\Lib\site-packages\rich\_win32_console.py", line 402, in write_text
    self.write(text)
    ~~~~~~~~~~^^^^^^
  File "C:\Users\AYESHA RAHMAN\murf-livekit-starter\backend\.uv-python\cpython-3.13-windows-x86_64-none\Lib\encodings\cp1252.py", line 19, in encode
    return codecs.charmap_encode(input,self.errors,encoding_table)[0]
           ~~~~~~~~~~~~~~~~~~~~~^^^^^^^^^^^^^^^^^^^^^^^^^^^^^^^^^^
UnicodeEncodeError: 'charmap' codec can't encode character '\u20b9' in position 28: character maps to <undefined>
Call stack:
  File "C:\Users\AYESHA RAHMAN\murf-livekit-starter\backend\.uv-python\cpython-3.13-windows-x86_64-none\Lib\threading.py", line 1015, in _bootstrap
    self._bootstrap_inner()
  File "C:\Users\AYESHA RAHMAN\murf-livekit-starter\backend\.uv-python\cpython-3.13-windows-x86_64-none\Lib\threading.py", line 1044, in _bootstrap_inner
    self.run()
  File "C:\Users\AYESHA RAHMAN\murf-livekit-starter\backend\.uv-python\cpython-3.13-windows-x86_64-none\Lib\threading.py", line 995, in run
    self._target(*self._args, **self._kwargs)
  File "C:\Users\AYESHA RAHMAN\murf-livekit-starter\backend\.venv\Lib\site-packages\livekit\agents\ipc\job_proc_lazy_main.py", line 418, in thread_main
    client.run()
  File "C:\Users\AYESHA RAHMAN\murf-livekit-starter\backend\.venv\Lib\site-packages\livekit\agents\ipc\proc_client.py", line 70, in run
    loop.run_until_complete(self._task)
  File "C:\Users\AYESHA RAHMAN\murf-livekit-starter\backend\.uv-python\cpython-3.13-windows-x86_64-none\Lib\asyncio\base_events.py", line 712, in run_until_complete
    self.run_forever()
  File "C:\Users\AYESHA RAHMAN\murf-livekit-starter\backend\.uv-python\cpython-3.13-windows-x86_64-none\Lib\asyncio\base_events.py", line 683, in run_forever
    self._run_once()
  File "C:\Users\AYESHA RAHMAN\murf-livekit-starter\backend\.uv-python\cpython-3.13-windows-x86_64-none\Lib\asyncio\base_events.py", line 2060, in _run_once
    handle._run()
  File "C:\Users\AYESHA RAHMAN\murf-livekit-starter\backend\.uv-python\cpython-3.13-windows-x86_64-none\Lib\asyncio\events.py", line 89, in _run
    self._context.run(self._callback, *self._args)
  File "C:\Users\AYESHA RAHMAN\murf-livekit-starter\backend\.venv\Lib\site-packages\livekit\agents\stt\stt.py", line 384, in _metrics_monitor_task
    self._stt.emit("metrics_collected", stt_metrics)
  File "C:\Users\AYESHA RAHMAN\murf-livekit-starter\backend\.venv\Lib\site-packages\livekit\rtc\event_emitter.py", line 58, in emit
    callback(*callback_args)
  File "C:\Users\AYESHA RAHMAN\murf-livekit-starter\backend\.venv\Lib\site-packages\livekit\agents\voice\agent_activity.py", line 1162, in _on_metrics_collected
    self._session.emit("metrics_collected", MetricsCollectedEvent(metrics=ev))
  File "C:\Users\AYESHA RAHMAN\murf-livekit-starter\backend\.venv\Lib\site-packages\livekit\agents\voice\agent_session.py", line 428, in emit
    super().emit(event, arg)
  File "C:\Users\AYESHA RAHMAN\murf-livekit-starter\backend\.venv\Lib\site-packages\livekit\rtc\event_emitter.py", line 58, in emit
    callback(*callback_args)
  File "C:\Users\AYESHA RAHMAN\murf-livekit-starter\backend\src\agent.py", line 477, in on_metrics_collected
    logger.info(
  File "C:\Users\AYESHA RAHMAN\murf-livekit-starter\backend\.uv-python\cpython-3.13-windows-x86_64-none\Lib\logging\__init__.py", line 1520, in info
    self._log(INFO, msg, args, **kwargs)
  File "C:\Users\AYESHA RAHMAN\murf-livekit-starter\backend\.uv-python\cpython-3.13-windows-x86_64-none\Lib\logging\__init__.py", line 1665, in _log
    self.handle(record)
  File "C:\Users\AYESHA RAHMAN\murf-livekit-starter\backend\.uv-python\cpython-3.13-windows-x86_64-none\Lib\logging\__init__.py", line 1681, in handle
    self.callHandlers(record)
  File "C:\Users\AYESHA RAHMAN\murf-livekit-starter\backend\.uv-python\cpython-3.13-windows-x86_64-none\Lib\logging\__init__.py", line 1737, in callHandlers
    hdlr.handle(record)
  File "C:\Users\AYESHA RAHMAN\murf-livekit-starter\backend\.uv-python\cpython-3.13-windows-x86_64-none\Lib\logging\__init__.py", line 1027, in handle
    self.emit(record)
  File "C:\Users\AYESHA RAHMAN\murf-livekit-starter\backend\.venv\Lib\site-packages\livekit\agents\cli\cli.py", line 957, in emit
    self.handleError(record)
Message: '[DEBUG-%s] metrics=%s'
Arguments: ('STT', STTMetrics(type='stt_metrics', label='livekit.plugins.deepgram.stt.STT', request_id='01a00178-a0ac-70a3-bd32-6047462f742e', timestamp=1786731097.1634688, duration=0.0, audio_duration=5.04999999999999, streamed=True, metadata=Metadata(model_name='nova-3', model_provider='Deepgram')))
--- Logging error ---
Traceback (most recent call last):
  File "C:\Users\AYESHA RAHMAN\murf-livekit-starter\backend\.venv\Lib\site-packages\livekit\agents\cli\cli.py", line 944, in emit
    self.c.console.print(output)
    ~~~~~~~~~~~~~~~~~~~~^^^^^^^^
  File "C:\Users\AYESHA RAHMAN\murf-livekit-starter\backend\.venv\Lib\site-packages\rich\console.py", line 1697, in print
    with self:
         ^^^^
  File "C:\Users\AYESHA RAHMAN\murf-livekit-starter\backend\.venv\Lib\site-packages\rich\console.py", line 870, in __exit__
    self._exit_buffer()
    ~~~~~~~~~~~~~~~~~^^
  File "C:\Users\AYESHA RAHMAN\murf-livekit-starter\backend\.venv\Lib\site-packages\rich\console.py", line 826, in _exit_buffer
    self._check_buffer()
    ~~~~~~~~~~~~~~~~~~^^
  File "C:\Users\AYESHA RAHMAN\murf-livekit-starter\backend\.venv\Lib\site-packages\rich\console.py", line 2042, in _check_buffer
    self._write_buffer()
    ~~~~~~~~~~~~~~~~~~^^
  File "C:\Users\AYESHA RAHMAN\murf-livekit-starter\backend\.venv\Lib\site-packages\rich\console.py", line 2078, in _write_buffer
    legacy_windows_render(buffer, LegacyWindowsTerm(self.file))
    ~~~~~~~~~~~~~~~~~~~~~^^^^^^^^^^^^^^^^^^^^^^^^^^^^^^^^^^^^^^
  File "C:\Users\AYESHA RAHMAN\murf-livekit-starter\backend\.venv\Lib\site-packages\rich\_windows_renderer.py", line 17, in legacy_windows_render
    term.write_styled(text, style)
    ~~~~~~~~~~~~~~~~~^^^^^^^^^^^^^
  File "C:\Users\AYESHA RAHMAN\murf-livekit-starter\backend\.venv\Lib\site-packages\rich\_win32_console.py", line 441, in write_styled
    self.write_text(text)
    ~~~~~~~~~~~~~~~^^^^^^
  File "C:\Users\AYESHA RAHMAN\murf-livekit-starter\backend\.venv\Lib\site-packages\rich\_win32_console.py", line 402, in write_text
    self.write(text)
    ~~~~~~~~~~^^^^^^
  File "C:\Users\AYESHA RAHMAN\murf-livekit-starter\backend\.uv-python\cpython-3.13-windows-x86_64-none\Lib\encodings\cp1252.py", line 19, in encode
    return codecs.charmap_encode(input,self.errors,encoding_table)[0]
           ~~~~~~~~~~~~~~~~~~~~~^^^^^^^^^^^^^^^^^^^^^^^^^^^^^^^^^^
UnicodeEncodeError: 'charmap' codec can't encode character '\u20b9' in position 28: character maps to <undefined>
Call stack:
  File "C:\Users\AYESHA RAHMAN\murf-livekit-starter\backend\.uv-python\cpython-3.13-windows-x86_64-none\Lib\threading.py", line 1015, in _bootstrap
    self._bootstrap_inner()
  File "C:\Users\AYESHA RAHMAN\murf-livekit-starter\backend\.uv-python\cpython-3.13-windows-x86_64-none\Lib\threading.py", line 1044, in _bootstrap_inner
    self.run()
  File "C:\Users\AYESHA RAHMAN\murf-livekit-starter\backend\.uv-python\cpython-3.13-windows-x86_64-none\Lib\threading.py", line 995, in run
    self._target(*self._args, **self._kwargs)
  File "C:\Users\AYESHA RAHMAN\murf-livekit-starter\backend\.venv\Lib\site-packages\livekit\agents\ipc\job_proc_lazy_main.py", line 418, in thread_main
    client.run()
  File "C:\Users\AYESHA RAHMAN\murf-livekit-starter\backend\.venv\Lib\site-packages\livekit\agents\ipc\proc_client.py", line 70, in run
    loop.run_until_complete(self._task)
  File "C:\Users\AYESHA RAHMAN\murf-livekit-starter\backend\.uv-python\cpython-3.13-windows-x86_64-none\Lib\asyncio\base_events.py", line 712, in run_until_complete
    self.run_forever()
  File "C:\Users\AYESHA RAHMAN\murf-livekit-starter\backend\.uv-python\cpython-3.13-windows-x86_64-none\Lib\asyncio\base_events.py", line 683, in run_forever
    self._run_once()
  File "C:\Users\AYESHA RAHMAN\murf-livekit-starter\backend\.uv-python\cpython-3.13-windows-x86_64-none\Lib\asyncio\base_events.py", line 2060, in _run_once
    handle._run()
  File "C:\Users\AYESHA RAHMAN\murf-livekit-starter\backend\.uv-python\cpython-3.13-windows-x86_64-none\Lib\asyncio\events.py", line 89, in _run
    self._context.run(self._callback, *self._args)
  File "C:\Users\AYESHA RAHMAN\murf-livekit-starter\backend\.venv\Lib\site-packages\livekit\agents\voice\agent_activity.py", line 434, in _context_aware_coro
    return await coro
  File "C:\Users\AYESHA RAHMAN\murf-livekit-starter\backend\.venv\Lib\site-packages\livekit\agents\utils\log.py", line 17, in async_fn_logs
    return await fn(*args, **kwargs)
  File "C:\Users\AYESHA RAHMAN\murf-livekit-starter\backend\.venv\Lib\site-packages\livekit\agents\voice\agent_activity.py", line 1708, in _tts_task
    await self._tts_task_impl(
  File "C:\Users\AYESHA RAHMAN\murf-livekit-starter\backend\.venv\Lib\site-packages\livekit\agents\voice\agent_activity.py", line 1884, in _tts_task_impl
    self._session._conversation_item_added(msg)
  File "C:\Users\AYESHA RAHMAN\murf-livekit-starter\backend\.venv\Lib\site-packages\livekit\agents\voice\agent_session.py", line 1409, in _conversation_item_added
    self.emit("conversation_item_added", ConversationItemAddedEvent(item=message))
  File "C:\Users\AYESHA RAHMAN\murf-livekit-starter\backend\.venv\Lib\site-packages\livekit\agents\voice\agent_session.py", line 428, in emit
    super().emit(event, arg)
  File "C:\Users\AYESHA RAHMAN\murf-livekit-starter\backend\.venv\Lib\site-packages\livekit\rtc\event_emitter.py", line 58, in emit
    callback(*callback_args)
  File "C:\Users\AYESHA RAHMAN\murf-livekit-starter\backend\src\agent.py", line 468, in on_conversation_item_added
    logger.info(
  File "C:\Users\AYESHA RAHMAN\murf-livekit-starter\backend\.uv-python\cpython-3.13-windows-x86_64-none\Lib\logging\__init__.py", line 1520, in info
    self._log(INFO, msg, args, **kwargs)
  File "C:\Users\AYESHA RAHMAN\murf-livekit-starter\backend\.uv-python\cpython-3.13-windows-x86_64-none\Lib\logging\__init__.py", line 1665, in _log
    self.handle(record)
  File "C:\Users\AYESHA RAHMAN\murf-livekit-starter\backend\.uv-python\cpython-3.13-windows-x86_64-none\Lib\logging\__init__.py", line 1681, in handle
    self.callHandlers(record)
  File "C:\Users\AYESHA RAHMAN\murf-livekit-starter\backend\.uv-python\cpython-3.13-windows-x86_64-none\Lib\logging\__init__.py", line 1737, in callHandlers
    hdlr.handle(record)
  File "C:\Users\AYESHA RAHMAN\murf-livekit-starter\backend\.uv-python\cpython-3.13-windows-x86_64-none\Lib\logging\__init__.py", line 1027, in handle
    self.emit(record)
  File "C:\Users\AYESHA RAHMAN\murf-livekit-starter\backend\.venv\Lib\site-packages\livekit\agents\cli\cli.py", line 957, in emit
    self.handleError(record)
Message: '[DEBUG-LLM] assistant text committed after playout=%r'
Arguments: ("I'll connect you with our tax and GST specialist who can guide you through this.",)
--- Logging error ---
Traceback (most recent call last):
  File "C:\Users\AYESHA RAHMAN\murf-livekit-starter\backend\.venv\Lib\site-packages\livekit\agents\cli\cli.py", line 944, in emit
    self.c.console.print(output)
    ~~~~~~~~~~~~~~~~~~~~^^^^^^^^
  File "C:\Users\AYESHA RAHMAN\murf-livekit-starter\backend\.venv\Lib\site-packages\rich\console.py", line 1697, in print
    with self:
         ^^^^
  File "C:\Users\AYESHA RAHMAN\murf-livekit-starter\backend\.venv\Lib\site-packages\rich\console.py", line 870, in __exit__
    self._exit_buffer()
    ~~~~~~~~~~~~~~~~~^^
  File "C:\Users\AYESHA RAHMAN\murf-livekit-starter\backend\.venv\Lib\site-packages\rich\console.py", line 826, in _exit_buffer
    self._check_buffer()
    ~~~~~~~~~~~~~~~~~~^^
  File "C:\Users\AYESHA RAHMAN\murf-livekit-starter\backend\.venv\Lib\site-packages\rich\console.py", line 2042, in _check_buffer
    self._write_buffer()
    ~~~~~~~~~~~~~~~~~~^^
  File "C:\Users\AYESHA RAHMAN\murf-livekit-starter\backend\.venv\Lib\site-packages\rich\console.py", line 2078, in _write_buffer
    legacy_windows_render(buffer, LegacyWindowsTerm(self.file))
    ~~~~~~~~~~~~~~~~~~~~~^^^^^^^^^^^^^^^^^^^^^^^^^^^^^^^^^^^^^^
  File "C:\Users\AYESHA RAHMAN\murf-livekit-starter\backend\.venv\Lib\site-packages\rich\_windows_renderer.py", line 17, in legacy_windows_render
    term.write_styled(text, style)
    ~~~~~~~~~~~~~~~~~^^^^^^^^^^^^^
  File "C:\Users\AYESHA RAHMAN\murf-livekit-starter\backend\.venv\Lib\site-packages\rich\_win32_console.py", line 441, in write_styled
    self.write_text(text)
    ~~~~~~~~~~~~~~~^^^^^^
  File "C:\Users\AYESHA RAHMAN\murf-livekit-starter\backend\.venv\Lib\site-packages\rich\_win32_console.py", line 402, in write_text
    self.write(text)
    ~~~~~~~~~~^^^^^^
  File "C:\Users\AYESHA RAHMAN\murf-livekit-starter\backend\.uv-python\cpython-3.13-windows-x86_64-none\Lib\encodings\cp1252.py", line 19, in encode
    return codecs.charmap_encode(input,self.errors,encoding_table)[0]
           ~~~~~~~~~~~~~~~~~~~~~^^^^^^^^^^^^^^^^^^^^^^^^^^^^^^^^^^
UnicodeEncodeError: 'charmap' codec can't encode character '\u20b9' in position 28: character maps to <undefined>
Call stack:
  File "C:\Users\AYESHA RAHMAN\murf-livekit-starter\backend\.uv-python\cpython-3.13-windows-x86_64-none\Lib\threading.py", line 1015, in _bootstrap
    self._bootstrap_inner()
  File "C:\Users\AYESHA RAHMAN\murf-livekit-starter\backend\.uv-python\cpython-3.13-windows-x86_64-none\Lib\threading.py", line 1044, in _bootstrap_inner
    self.run()
  File "C:\Users\AYESHA RAHMAN\murf-livekit-starter\backend\.uv-python\cpython-3.13-windows-x86_64-none\Lib\threading.py", line 995, in run
    self._target(*self._args, **self._kwargs)
  File "C:\Users\AYESHA RAHMAN\murf-livekit-starter\backend\.venv\Lib\site-packages\livekit\agents\ipc\job_proc_lazy_main.py", line 418, in thread_main
    client.run()
  File "C:\Users\AYESHA RAHMAN\murf-livekit-starter\backend\.venv\Lib\site-packages\livekit\agents\ipc\proc_client.py", line 70, in run
    loop.run_until_complete(self._task)
  File "C:\Users\AYESHA RAHMAN\murf-livekit-starter\backend\.uv-python\cpython-3.13-windows-x86_64-none\Lib\asyncio\base_events.py", line 712, in run_until_complete
    self.run_forever()
  File "C:\Users\AYESHA RAHMAN\murf-livekit-starter\backend\.uv-python\cpython-3.13-windows-x86_64-none\Lib\asyncio\base_events.py", line 683, in run_forever
    self._run_once()
  File "C:\Users\AYESHA RAHMAN\murf-livekit-starter\backend\.uv-python\cpython-3.13-windows-x86_64-none\Lib\asyncio\base_events.py", line 2060, in _run_once
    handle._run()
  File "C:\Users\AYESHA RAHMAN\murf-livekit-starter\backend\.uv-python\cpython-3.13-windows-x86_64-none\Lib\asyncio\events.py", line 89, in _run
    self._context.run(self._callback, *self._args)
  File "C:\Users\AYESHA RAHMAN\murf-livekit-starter\backend\.venv\Lib\site-packages\livekit\agents\utils\log.py", line 17, in async_fn_logs
    return await fn(*args, **kwargs)
  File "C:\Users\AYESHA RAHMAN\murf-livekit-starter\backend\.venv\Lib\site-packages\livekit\agents\voice\generation.py", line 703, in _execute_tools_task
    logger.debug(
  File "C:\Users\AYESHA RAHMAN\murf-livekit-starter\backend\.uv-python\cpython-3.13-windows-x86_64-none\Lib\logging\__init__.py", line 1508, in debug
    self._log(DEBUG, msg, args, **kwargs)
  File "C:\Users\AYESHA RAHMAN\murf-livekit-starter\backend\.uv-python\cpython-3.13-windows-x86_64-none\Lib\logging\__init__.py", line 1665, in _log
    self.handle(record)
  File "C:\Users\AYESHA RAHMAN\murf-livekit-starter\backend\.uv-python\cpython-3.13-windows-x86_64-none\Lib\logging\__init__.py", line 1681, in handle
    self.callHandlers(record)
  File "C:\Users\AYESHA RAHMAN\murf-livekit-starter\backend\.uv-python\cpython-3.13-windows-x86_64-none\Lib\logging\__init__.py", line 1737, in callHandlers
    hdlr.handle(record)
  File "C:\Users\AYESHA RAHMAN\murf-livekit-starter\backend\.uv-python\cpython-3.13-windows-x86_64-none\Lib\logging\__init__.py", line 1027, in handle
    self.emit(record)
  File "C:\Users\AYESHA RAHMAN\murf-livekit-starter\backend\.venv\Lib\site-packages\livekit\agents\cli\cli.py", line 957, in emit
    self.handleError(record)
Message: 'tools execution completed'
Arguments: ()
--- Logging error ---
Traceback (most recent call last):
  File "C:\Users\AYESHA RAHMAN\murf-livekit-starter\backend\.venv\Lib\site-packages\livekit\agents\cli\cli.py", line 944, in emit
    self.c.console.print(output)
    ~~~~~~~~~~~~~~~~~~~~^^^^^^^^
  File "C:\Users\AYESHA RAHMAN\murf-livekit-starter\backend\.venv\Lib\site-packages\rich\console.py", line 1697, in print
    with self:
         ^^^^
  File "C:\Users\AYESHA RAHMAN\murf-livekit-starter\backend\.venv\Lib\site-packages\rich\console.py", line 870, in __exit__
    self._exit_buffer()
    ~~~~~~~~~~~~~~~~~^^
  File "C:\Users\AYESHA RAHMAN\murf-livekit-starter\backend\.venv\Lib\site-packages\rich\console.py", line 826, in _exit_buffer
    self._check_buffer()
    ~~~~~~~~~~~~~~~~~~^^
  File "C:\Users\AYESHA RAHMAN\murf-livekit-starter\backend\.venv\Lib\site-packages\rich\console.py", line 2042, in _check_buffer
    self._write_buffer()
    ~~~~~~~~~~~~~~~~~~^^
  File "C:\Users\AYESHA RAHMAN\murf-livekit-starter\backend\.venv\Lib\site-packages\rich\console.py", line 2078, in _write_buffer
    legacy_windows_render(buffer, LegacyWindowsTerm(self.file))
    ~~~~~~~~~~~~~~~~~~~~~^^^^^^^^^^^^^^^^^^^^^^^^^^^^^^^^^^^^^^
  File "C:\Users\AYESHA RAHMAN\murf-livekit-starter\backend\.venv\Lib\site-packages\rich\_windows_renderer.py", line 17, in legacy_windows_render
    term.write_styled(text, style)
    ~~~~~~~~~~~~~~~~~^^^^^^^^^^^^^
  File "C:\Users\AYESHA RAHMAN\murf-livekit-starter\backend\.venv\Lib\site-packages\rich\_win32_console.py", line 441, in write_styled
    self.write_text(text)
    ~~~~~~~~~~~~~~~^^^^^^
  File "C:\Users\AYESHA RAHMAN\murf-livekit-starter\backend\.venv\Lib\site-packages\rich\_win32_console.py", line 402, in write_text
    self.write(text)
    ~~~~~~~~~~^^^^^^
  File "C:\Users\AYESHA RAHMAN\murf-livekit-starter\backend\.uv-python\cpython-3.13-windows-x86_64-none\Lib\encodings\cp1252.py", line 19, in encode
    return codecs.charmap_encode(input,self.errors,encoding_table)[0]
           ~~~~~~~~~~~~~~~~~~~~~^^^^^^^^^^^^^^^^^^^^^^^^^^^^^^^^^^
UnicodeEncodeError: 'charmap' codec can't encode character '\u20b9' in position 28: character maps to <undefined>
Call stack:
  File "C:\Users\AYESHA RAHMAN\murf-livekit-starter\backend\.uv-python\cpython-3.13-windows-x86_64-none\Lib\threading.py", line 1015, in _bootstrap
    self._bootstrap_inner()
  File "C:\Users\AYESHA RAHMAN\murf-livekit-starter\backend\.uv-python\cpython-3.13-windows-x86_64-none\Lib\threading.py", line 1044, in _bootstrap_inner
    self.run()
  File "C:\Users\AYESHA RAHMAN\murf-livekit-starter\backend\.uv-python\cpython-3.13-windows-x86_64-none\Lib\threading.py", line 995, in run
    self._target(*self._args, **self._kwargs)
  File "C:\Users\AYESHA RAHMAN\murf-livekit-starter\backend\.venv\Lib\site-packages\livekit\agents\ipc\job_proc_lazy_main.py", line 418, in thread_main
    client.run()
  File "C:\Users\AYESHA RAHMAN\murf-livekit-starter\backend\.venv\Lib\site-packages\livekit\agents\ipc\proc_client.py", line 70, in run
    loop.run_until_complete(self._task)
  File "C:\Users\AYESHA RAHMAN\murf-livekit-starter\backend\.uv-python\cpython-3.13-windows-x86_64-none\Lib\asyncio\base_events.py", line 712, in run_until_complete
    self.run_forever()
  File "C:\Users\AYESHA RAHMAN\murf-livekit-starter\backend\.uv-python\cpython-3.13-windows-x86_64-none\Lib\asyncio\base_events.py", line 683, in run_forever
    self._run_once()
  File "C:\Users\AYESHA RAHMAN\murf-livekit-starter\backend\.uv-python\cpython-3.13-windows-x86_64-none\Lib\asyncio\base_events.py", line 2060, in _run_once
    handle._run()
  File "C:\Users\AYESHA RAHMAN\murf-livekit-starter\backend\.uv-python\cpython-3.13-windows-x86_64-none\Lib\asyncio\events.py", line 89, in _run
    self._context.run(self._callback, *self._args)
  File "C:\Users\AYESHA RAHMAN\murf-livekit-starter\backend\.venv\Lib\site-packages\livekit\agents\utils\log.py", line 17, in async_fn_logs
    return await fn(*args, **kwargs)
  File "C:\Users\AYESHA RAHMAN\murf-livekit-starter\backend\.venv\Lib\site-packages\livekit\agents\voice\generation.py", line 608, in _execute_tools_task
    logger.debug(
  File "C:\Users\AYESHA RAHMAN\murf-livekit-starter\backend\.uv-python\cpython-3.13-windows-x86_64-none\Lib\logging\__init__.py", line 1508, in debug
    self._log(DEBUG, msg, args, **kwargs)
  File "C:\Users\AYESHA RAHMAN\murf-livekit-starter\backend\.uv-python\cpython-3.13-windows-x86_64-none\Lib\logging\__init__.py", line 1665, in _log
    self.handle(record)
  File "C:\Users\AYESHA RAHMAN\murf-livekit-starter\backend\.uv-python\cpython-3.13-windows-x86_64-none\Lib\logging\__init__.py", line 1681, in handle
    self.callHandlers(record)
  File "C:\Users\AYESHA RAHMAN\murf-livekit-starter\backend\.uv-python\cpython-3.13-windows-x86_64-none\Lib\logging\__init__.py", line 1737, in callHandlers
    hdlr.handle(record)
  File "C:\Users\AYESHA RAHMAN\murf-livekit-starter\backend\.uv-python\cpython-3.13-windows-x86_64-none\Lib\logging\__init__.py", line 1027, in handle
    self.emit(record)
  File "C:\Users\AYESHA RAHMAN\murf-livekit-starter\backend\.venv\Lib\site-packages\livekit\agents\cli\cli.py", line 957, in emit
    self.handleError(record)
Message: 'executing tool'
Arguments: ()
--- Logging error ---
Traceback (most recent call last):
  File "C:\Users\AYESHA RAHMAN\murf-livekit-starter\backend\.venv\Lib\site-packages\livekit\agents\cli\cli.py", line 944, in emit
    self.c.console.print(output)
    ~~~~~~~~~~~~~~~~~~~~^^^^^^^^
  File "C:\Users\AYESHA RAHMAN\murf-livekit-starter\backend\.venv\Lib\site-packages\rich\console.py", line 1697, in print
    with self:
         ^^^^
  File "C:\Users\AYESHA RAHMAN\murf-livekit-starter\backend\.venv\Lib\site-packages\rich\console.py", line 870, in __exit__
    self._exit_buffer()
    ~~~~~~~~~~~~~~~~~^^
  File "C:\Users\AYESHA RAHMAN\murf-livekit-starter\backend\.venv\Lib\site-packages\rich\console.py", line 826, in _exit_buffer
    self._check_buffer()
    ~~~~~~~~~~~~~~~~~~^^
  File "C:\Users\AYESHA RAHMAN\murf-livekit-starter\backend\.venv\Lib\site-packages\rich\console.py", line 2042, in _check_buffer
    self._write_buffer()
    ~~~~~~~~~~~~~~~~~~^^
  File "C:\Users\AYESHA RAHMAN\murf-livekit-starter\backend\.venv\Lib\site-packages\rich\console.py", line 2078, in _write_buffer
    legacy_windows_render(buffer, LegacyWindowsTerm(self.file))
    ~~~~~~~~~~~~~~~~~~~~~^^^^^^^^^^^^^^^^^^^^^^^^^^^^^^^^^^^^^^
  File "C:\Users\AYESHA RAHMAN\murf-livekit-starter\backend\.venv\Lib\site-packages\rich\_windows_renderer.py", line 17, in legacy_windows_render
    term.write_styled(text, style)
    ~~~~~~~~~~~~~~~~~^^^^^^^^^^^^^
  File "C:\Users\AYESHA RAHMAN\murf-livekit-starter\backend\.venv\Lib\site-packages\rich\_win32_console.py", line 441, in write_styled
    self.write_text(text)
    ~~~~~~~~~~~~~~~^^^^^^
  File "C:\Users\AYESHA RAHMAN\murf-livekit-starter\backend\.venv\Lib\site-packages\rich\_win32_console.py", line 402, in write_text
    self.write(text)
    ~~~~~~~~~~^^^^^^
  File "C:\Users\AYESHA RAHMAN\murf-livekit-starter\backend\.uv-python\cpython-3.13-windows-x86_64-none\Lib\encodings\cp1252.py", line 19, in encode
    return codecs.charmap_encode(input,self.errors,encoding_table)[0]
           ~~~~~~~~~~~~~~~~~~~~~^^^^^^^^^^^^^^^^^^^^^^^^^^^^^^^^^^
UnicodeEncodeError: 'charmap' codec can't encode character '\u20b9' in position 28: character maps to <undefined>
Call stack:
  File "C:\Users\AYESHA RAHMAN\murf-livekit-starter\backend\.uv-python\cpython-3.13-windows-x86_64-none\Lib\threading.py", line 1015, in _bootstrap
    self._bootstrap_inner()
  File "C:\Users\AYESHA RAHMAN\murf-livekit-starter\backend\.uv-python\cpython-3.13-windows-x86_64-none\Lib\threading.py", line 1044, in _bootstrap_inner
    self.run()
  File "C:\Users\AYESHA RAHMAN\murf-livekit-starter\backend\.uv-python\cpython-3.13-windows-x86_64-none\Lib\threading.py", line 995, in run
    self._target(*self._args, **self._kwargs)
  File "C:\Users\AYESHA RAHMAN\murf-livekit-starter\backend\.venv\Lib\site-packages\livekit\agents\ipc\job_proc_lazy_main.py", line 418, in thread_main
    client.run()
  File "C:\Users\AYESHA RAHMAN\murf-livekit-starter\backend\.venv\Lib\site-packages\livekit\agents\ipc\proc_client.py", line 70, in run
    loop.run_until_complete(self._task)
  File "C:\Users\AYESHA RAHMAN\murf-livekit-starter\backend\.uv-python\cpython-3.13-windows-x86_64-none\Lib\asyncio\base_events.py", line 712, in run_until_complete
    self.run_forever()
  File "C:\Users\AYESHA RAHMAN\murf-livekit-starter\backend\.uv-python\cpython-3.13-windows-x86_64-none\Lib\asyncio\base_events.py", line 683, in run_forever
    self._run_once()
  File "C:\Users\AYESHA RAHMAN\murf-livekit-starter\backend\.uv-python\cpython-3.13-windows-x86_64-none\Lib\asyncio\base_events.py", line 2060, in _run_once
    handle._run()
  File "C:\Users\AYESHA RAHMAN\murf-livekit-starter\backend\.uv-python\cpython-3.13-windows-x86_64-none\Lib\asyncio\events.py", line 89, in _run
    self._context.run(self._callback, *self._args)
  File "C:\Users\AYESHA RAHMAN\murf-livekit-starter\backend\.venv\Lib\site-packages\livekit\agents\utils\log.py", line 17, in async_fn_logs
    return await fn(*args, **kwargs)
  File "C:\Users\AYESHA RAHMAN\murf-livekit-starter\backend\.venv\Lib\site-packages\livekit\agents\llm\llm.py", line 348, in _metrics_monitor_task
    self._llm.emit("metrics_collected", metrics)
  File "C:\Users\AYESHA RAHMAN\murf-livekit-starter\backend\.venv\Lib\site-packages\livekit\rtc\event_emitter.py", line 58, in emit
    callback(*callback_args)
  File "C:\Users\AYESHA RAHMAN\murf-livekit-starter\backend\.venv\Lib\site-packages\livekit\agents\voice\agent_activity.py", line 1162, in _on_metrics_collected
    self._session.emit("metrics_collected", MetricsCollectedEvent(metrics=ev))
  File "C:\Users\AYESHA RAHMAN\murf-livekit-starter\backend\.venv\Lib\site-packages\livekit\agents\voice\agent_session.py", line 428, in emit
    super().emit(event, arg)
  File "C:\Users\AYESHA RAHMAN\murf-livekit-starter\backend\.venv\Lib\site-packages\livekit\rtc\event_emitter.py", line 58, in emit
    callback(*callback_args)
  File "C:\Users\AYESHA RAHMAN\murf-livekit-starter\backend\src\agent.py", line 477, in on_metrics_collected
    logger.info(
  File "C:\Users\AYESHA RAHMAN\murf-livekit-starter\backend\.uv-python\cpython-3.13-windows-x86_64-none\Lib\logging\__init__.py", line 1520, in info
    self._log(INFO, msg, args, **kwargs)
  File "C:\Users\AYESHA RAHMAN\murf-livekit-starter\backend\.uv-python\cpython-3.13-windows-x86_64-none\Lib\logging\__init__.py", line 1665, in _log
    self.handle(record)
  File "C:\Users\AYESHA RAHMAN\murf-livekit-starter\backend\.uv-python\cpython-3.13-windows-x86_64-none\Lib\logging\__init__.py", line 1681, in handle
    self.callHandlers(record)
  File "C:\Users\AYESHA RAHMAN\murf-livekit-starter\backend\.uv-python\cpython-3.13-windows-x86_64-none\Lib\logging\__init__.py", line 1737, in callHandlers
    hdlr.handle(record)
  File "C:\Users\AYESHA RAHMAN\murf-livekit-starter\backend\.uv-python\cpython-3.13-windows-x86_64-none\Lib\logging\__init__.py", line 1027, in handle
    self.emit(record)
  File "C:\Users\AYESHA RAHMAN\murf-livekit-starter\backend\.venv\Lib\site-packages\livekit\agents\cli\cli.py", line 957, in emit
    self.handleError(record)
Message: '[DEBUG-%s] metrics=%s'
Arguments: ('LLM', LLMMetrics(type='llm_metrics', label='livekit.plugins.google.llm.LLM', request_id='53382d1f58bf', timestamp=1786731100.5047348, duration=0.7217012000000977, ttft=0.6834001000024728, cancelled=False, completion_tokens=14, prompt_tokens=753, prompt_cached_tokens=0, total_tokens=767, tokens_per_second=19.398609840191625, speech_id='speech_050272a9a507', metadata=Metadata(model_name='gemini-3.5-flash-lite', model_provider='Gemini')))
--- Logging error ---
Traceback (most recent call last):
  File "C:\Users\AYESHA RAHMAN\murf-livekit-starter\backend\.venv\Lib\site-packages\livekit\agents\cli\cli.py", line 944, in emit
    self.c.console.print(output)
    ~~~~~~~~~~~~~~~~~~~~^^^^^^^^
  File "C:\Users\AYESHA RAHMAN\murf-livekit-starter\backend\.venv\Lib\site-packages\rich\console.py", line 1697, in print
    with self:
         ^^^^
  File "C:\Users\AYESHA RAHMAN\murf-livekit-starter\backend\.venv\Lib\site-packages\rich\console.py", line 870, in __exit__
    self._exit_buffer()
    ~~~~~~~~~~~~~~~~~^^
  File "C:\Users\AYESHA RAHMAN\murf-livekit-starter\backend\.venv\Lib\site-packages\rich\console.py", line 826, in _exit_buffer
    self._check_buffer()
    ~~~~~~~~~~~~~~~~~~^^
  File "C:\Users\AYESHA RAHMAN\murf-livekit-starter\backend\.venv\Lib\site-packages\rich\console.py", line 2042, in _check_buffer
    self._write_buffer()
    ~~~~~~~~~~~~~~~~~~^^
  File "C:\Users\AYESHA RAHMAN\murf-livekit-starter\backend\.venv\Lib\site-packages\rich\console.py", line 2078, in _write_buffer
    legacy_windows_render(buffer, LegacyWindowsTerm(self.file))
    ~~~~~~~~~~~~~~~~~~~~~^^^^^^^^^^^^^^^^^^^^^^^^^^^^^^^^^^^^^^
  File "C:\Users\AYESHA RAHMAN\murf-livekit-starter\backend\.venv\Lib\site-packages\rich\_windows_renderer.py", line 17, in legacy_windows_render
    term.write_styled(text, style)
    ~~~~~~~~~~~~~~~~~^^^^^^^^^^^^^
  File "C:\Users\AYESHA RAHMAN\murf-livekit-starter\backend\.venv\Lib\site-packages\rich\_win32_console.py", line 441, in write_styled
    self.write_text(text)
    ~~~~~~~~~~~~~~~^^^^^^
  File "C:\Users\AYESHA RAHMAN\murf-livekit-starter\backend\.venv\Lib\site-packages\rich\_win32_console.py", line 402, in write_text
    self.write(text)
    ~~~~~~~~~~^^^^^^
  File "C:\Users\AYESHA RAHMAN\murf-livekit-starter\backend\.uv-python\cpython-3.13-windows-x86_64-none\Lib\encodings\cp1252.py", line 19, in encode
    return codecs.charmap_encode(input,self.errors,encoding_table)[0]
           ~~~~~~~~~~~~~~~~~~~~~^^^^^^^^^^^^^^^^^^^^^^^^^^^^^^^^^^
UnicodeEncodeError: 'charmap' codec can't encode character '\u20b9' in position 28: character maps to <undefined>
Call stack:
  File "C:\Users\AYESHA RAHMAN\murf-livekit-starter\backend\.uv-python\cpython-3.13-windows-x86_64-none\Lib\threading.py", line 1015, in _bootstrap
    self._bootstrap_inner()
  File "C:\Users\AYESHA RAHMAN\murf-livekit-starter\backend\.uv-python\cpython-3.13-windows-x86_64-none\Lib\threading.py", line 1044, in _bootstrap_inner
    self.run()
  File "C:\Users\AYESHA RAHMAN\murf-livekit-starter\backend\.uv-python\cpython-3.13-windows-x86_64-none\Lib\threading.py", line 995, in run
    self._target(*self._args, **self._kwargs)
  File "C:\Users\AYESHA RAHMAN\murf-livekit-starter\backend\.venv\Lib\site-packages\livekit\agents\ipc\job_proc_lazy_main.py", line 418, in thread_main
    client.run()
  File "C:\Users\AYESHA RAHMAN\murf-livekit-starter\backend\.venv\Lib\site-packages\livekit\agents\ipc\proc_client.py", line 70, in run
    loop.run_until_complete(self._task)
  File "C:\Users\AYESHA RAHMAN\murf-livekit-starter\backend\.uv-python\cpython-3.13-windows-x86_64-none\Lib\asyncio\base_events.py", line 712, in run_until_complete
    self.run_forever()
  File "C:\Users\AYESHA RAHMAN\murf-livekit-starter\backend\.uv-python\cpython-3.13-windows-x86_64-none\Lib\asyncio\base_events.py", line 683, in run_forever
    self._run_once()
  File "C:\Users\AYESHA RAHMAN\murf-livekit-starter\backend\.uv-python\cpython-3.13-windows-x86_64-none\Lib\asyncio\base_events.py", line 2060, in _run_once
    handle._run()
  File "C:\Users\AYESHA RAHMAN\murf-livekit-starter\backend\.uv-python\cpython-3.13-windows-x86_64-none\Lib\asyncio\events.py", line 89, in _run
    self._context.run(self._callback, *self._args)
  File "C:\Users\AYESHA RAHMAN\murf-livekit-starter\backend\.venv\Lib\site-packages\livekit\agents\stt\stt.py", line 322, in _main_task
    return await self._run()
  File "C:\Users\AYESHA RAHMAN\murf-livekit-starter\backend\.venv\Lib\site-packages\livekit\plugins\deepgram\stt.py", line 565, in _run
    ws = await self._connect_ws()
  File "C:\Users\AYESHA RAHMAN\murf-livekit-starter\backend\.venv\Lib\site-packages\livekit\plugins\deepgram\stt.py", line 637, in _connect_ws
    logger.debug(
  File "C:\Users\AYESHA RAHMAN\murf-livekit-starter\backend\.uv-python\cpython-3.13-windows-x86_64-none\Lib\logging\__init__.py", line 1508, in debug
    self._log(DEBUG, msg, args, **kwargs)
  File "C:\Users\AYESHA RAHMAN\murf-livekit-starter\backend\.uv-python\cpython-3.13-windows-x86_64-none\Lib\logging\__init__.py", line 1665, in _log
    self.handle(record)
  File "C:\Users\AYESHA RAHMAN\murf-livekit-starter\backend\.uv-python\cpython-3.13-windows-x86_64-none\Lib\logging\__init__.py", line 1681, in handle
    self.callHandlers(record)
  File "C:\Users\AYESHA RAHMAN\murf-livekit-starter\backend\.uv-python\cpython-3.13-windows-x86_64-none\Lib\logging\__init__.py", line 1737, in callHandlers
    hdlr.handle(record)
  File "C:\Users\AYESHA RAHMAN\murf-livekit-starter\backend\.uv-python\cpython-3.13-windows-x86_64-none\Lib\logging\__init__.py", line 1027, in handle
    self.emit(record)
  File "C:\Users\AYESHA RAHMAN\murf-livekit-starter\backend\.venv\Lib\site-packages\livekit\agents\cli\cli.py", line 957, in emit
    self.handleError(record)
Message: 'Established new Deepgram STT WebSocket connection:'
Arguments: ()
--- Logging error ---
Traceback (most recent call last):
  File "C:\Users\AYESHA RAHMAN\murf-livekit-starter\backend\.venv\Lib\site-packages\livekit\agents\cli\cli.py", line 944, in emit
    self.c.console.print(output)
    ~~~~~~~~~~~~~~~~~~~~^^^^^^^^
  File "C:\Users\AYESHA RAHMAN\murf-livekit-starter\backend\.venv\Lib\site-packages\rich\console.py", line 1697, in print
    with self:
         ^^^^
  File "C:\Users\AYESHA RAHMAN\murf-livekit-starter\backend\.venv\Lib\site-packages\rich\console.py", line 870, in __exit__
    self._exit_buffer()
    ~~~~~~~~~~~~~~~~~^^
  File "C:\Users\AYESHA RAHMAN\murf-livekit-starter\backend\.venv\Lib\site-packages\rich\console.py", line 826, in _exit_buffer
    self._check_buffer()
    ~~~~~~~~~~~~~~~~~~^^
  File "C:\Users\AYESHA RAHMAN\murf-livekit-starter\backend\.venv\Lib\site-packages\rich\console.py", line 2042, in _check_buffer
    self._write_buffer()
    ~~~~~~~~~~~~~~~~~~^^
  File "C:\Users\AYESHA RAHMAN\murf-livekit-starter\backend\.venv\Lib\site-packages\rich\console.py", line 2078, in _write_buffer
    legacy_windows_render(buffer, LegacyWindowsTerm(self.file))
    ~~~~~~~~~~~~~~~~~~~~~^^^^^^^^^^^^^^^^^^^^^^^^^^^^^^^^^^^^^^
  File "C:\Users\AYESHA RAHMAN\murf-livekit-starter\backend\.venv\Lib\site-packages\rich\_windows_renderer.py", line 17, in legacy_windows_render
    term.write_styled(text, style)
    ~~~~~~~~~~~~~~~~~^^^^^^^^^^^^^
  File "C:\Users\AYESHA RAHMAN\murf-livekit-starter\backend\.venv\Lib\site-packages\rich\_win32_console.py", line 441, in write_styled
    self.write_text(text)
    ~~~~~~~~~~~~~~~^^^^^^
  File "C:\Users\AYESHA RAHMAN\murf-livekit-starter\backend\.venv\Lib\site-packages\rich\_win32_console.py", line 402, in write_text
    self.write(text)
    ~~~~~~~~~~^^^^^^
  File "C:\Users\AYESHA RAHMAN\murf-livekit-starter\backend\.uv-python\cpython-3.13-windows-x86_64-none\Lib\encodings\cp1252.py", line 19, in encode
    return codecs.charmap_encode(input,self.errors,encoding_table)[0]
           ~~~~~~~~~~~~~~~~~~~~~^^^^^^^^^^^^^^^^^^^^^^^^^^^^^^^^^^
UnicodeEncodeError: 'charmap' codec can't encode character '\u20b9' in position 28: character maps to <undefined>
Call stack:
  File "C:\Users\AYESHA RAHMAN\murf-livekit-starter\backend\.uv-python\cpython-3.13-windows-x86_64-none\Lib\threading.py", line 1015, in _bootstrap
    self._bootstrap_inner()
  File "C:\Users\AYESHA RAHMAN\murf-livekit-starter\backend\.uv-python\cpython-3.13-windows-x86_64-none\Lib\threading.py", line 1044, in _bootstrap_inner
    self.run()
  File "C:\Users\AYESHA RAHMAN\murf-livekit-starter\backend\.uv-python\cpython-3.13-windows-x86_64-none\Lib\threading.py", line 995, in run
    self._target(*self._args, **self._kwargs)
  File "C:\Users\AYESHA RAHMAN\murf-livekit-starter\backend\.venv\Lib\site-packages\livekit\agents\ipc\job_proc_lazy_main.py", line 418, in thread_main
    client.run()
  File "C:\Users\AYESHA RAHMAN\murf-livekit-starter\backend\.venv\Lib\site-packages\livekit\agents\ipc\proc_client.py", line 70, in run
    loop.run_until_complete(self._task)
  File "C:\Users\AYESHA RAHMAN\murf-livekit-starter\backend\.uv-python\cpython-3.13-windows-x86_64-none\Lib\asyncio\base_events.py", line 712, in run_until_complete
    self.run_forever()
  File "C:\Users\AYESHA RAHMAN\murf-livekit-starter\backend\.uv-python\cpython-3.13-windows-x86_64-none\Lib\asyncio\base_events.py", line 683, in run_forever
    self._run_once()
  File "C:\Users\AYESHA RAHMAN\murf-livekit-starter\backend\.uv-python\cpython-3.13-windows-x86_64-none\Lib\asyncio\base_events.py", line 2060, in _run_once
    handle._run()
  File "C:\Users\AYESHA RAHMAN\murf-livekit-starter\backend\.uv-python\cpython-3.13-windows-x86_64-none\Lib\asyncio\events.py", line 89, in _run
    self._context.run(self._callback, *self._args)
  File "C:\Users\AYESHA RAHMAN\murf-livekit-starter\backend\.venv\Lib\site-packages\livekit\agents\tts\stream_pacer.py", line 149, in _send_task
    logger.debug(
  File "C:\Users\AYESHA RAHMAN\murf-livekit-starter\backend\.uv-python\cpython-3.13-windows-x86_64-none\Lib\logging\__init__.py", line 1508, in debug
    self._log(DEBUG, msg, args, **kwargs)
  File "C:\Users\AYESHA RAHMAN\murf-livekit-starter\backend\.uv-python\cpython-3.13-windows-x86_64-none\Lib\logging\__init__.py", line 1665, in _log
    self.handle(record)
  File "C:\Users\AYESHA RAHMAN\murf-livekit-starter\backend\.uv-python\cpython-3.13-windows-x86_64-none\Lib\logging\__init__.py", line 1681, in handle
    self.callHandlers(record)
  File "C:\Users\AYESHA RAHMAN\murf-livekit-starter\backend\.uv-python\cpython-3.13-windows-x86_64-none\Lib\logging\__init__.py", line 1737, in callHandlers
    hdlr.handle(record)
  File "C:\Users\AYESHA RAHMAN\murf-livekit-starter\backend\.uv-python\cpython-3.13-windows-x86_64-none\Lib\logging\__init__.py", line 1027, in handle
    self.emit(record)
  File "C:\Users\AYESHA RAHMAN\murf-livekit-starter\backend\.venv\Lib\site-packages\livekit\agents\cli\cli.py", line 957, in emit
    self.handleError(record)
Message: 'sent text to tts'
Arguments: ()
--- Logging error ---
Traceback (most recent call last):
  File "C:\Users\AYESHA RAHMAN\murf-livekit-starter\backend\.venv\Lib\site-packages\livekit\agents\cli\cli.py", line 944, in emit
    self.c.console.print(output)
    ~~~~~~~~~~~~~~~~~~~~^^^^^^^^
  File "C:\Users\AYESHA RAHMAN\murf-livekit-starter\backend\.venv\Lib\site-packages\rich\console.py", line 1697, in print
    with self:
         ^^^^
  File "C:\Users\AYESHA RAHMAN\murf-livekit-starter\backend\.venv\Lib\site-packages\rich\console.py", line 870, in __exit__
    self._exit_buffer()
    ~~~~~~~~~~~~~~~~~^^
  File "C:\Users\AYESHA RAHMAN\murf-livekit-starter\backend\.venv\Lib\site-packages\rich\console.py", line 826, in _exit_buffer
    self._check_buffer()
    ~~~~~~~~~~~~~~~~~~^^
  File "C:\Users\AYESHA RAHMAN\murf-livekit-starter\backend\.venv\Lib\site-packages\rich\console.py", line 2042, in _check_buffer
    self._write_buffer()
    ~~~~~~~~~~~~~~~~~~^^
  File "C:\Users\AYESHA RAHMAN\murf-livekit-starter\backend\.venv\Lib\site-packages\rich\console.py", line 2078, in _write_buffer
    legacy_windows_render(buffer, LegacyWindowsTerm(self.file))
    ~~~~~~~~~~~~~~~~~~~~~^^^^^^^^^^^^^^^^^^^^^^^^^^^^^^^^^^^^^^
  File "C:\Users\AYESHA RAHMAN\murf-livekit-starter\backend\.venv\Lib\site-packages\rich\_windows_renderer.py", line 17, in legacy_windows_render
    term.write_styled(text, style)
    ~~~~~~~~~~~~~~~~~^^^^^^^^^^^^^
  File "C:\Users\AYESHA RAHMAN\murf-livekit-starter\backend\.venv\Lib\site-packages\rich\_win32_console.py", line 441, in write_styled
    self.write_text(text)
    ~~~~~~~~~~~~~~~^^^^^^
  File "C:\Users\AYESHA RAHMAN\murf-livekit-starter\backend\.venv\Lib\site-packages\rich\_win32_console.py", line 402, in write_text
    self.write(text)
    ~~~~~~~~~~^^^^^^
  File "C:\Users\AYESHA RAHMAN\murf-livekit-starter\backend\.uv-python\cpython-3.13-windows-x86_64-none\Lib\encodings\cp1252.py", line 19, in encode
    return codecs.charmap_encode(input,self.errors,encoding_table)[0]
           ~~~~~~~~~~~~~~~~~~~~~^^^^^^^^^^^^^^^^^^^^^^^^^^^^^^^^^^
UnicodeEncodeError: 'charmap' codec can't encode character '\u20b9' in position 28: character maps to <undefined>
Call stack:
  File "C:\Users\AYESHA RAHMAN\murf-livekit-starter\backend\.uv-python\cpython-3.13-windows-x86_64-none\Lib\threading.py", line 1015, in _bootstrap
    self._bootstrap_inner()
  File "C:\Users\AYESHA RAHMAN\murf-livekit-starter\backend\.uv-python\cpython-3.13-windows-x86_64-none\Lib\threading.py", line 1044, in _bootstrap_inner
    self.run()
  File "C:\Users\AYESHA RAHMAN\murf-livekit-starter\backend\.uv-python\cpython-3.13-windows-x86_64-none\Lib\threading.py", line 995, in run
    self._target(*self._args, **self._kwargs)
  File "C:\Users\AYESHA RAHMAN\murf-livekit-starter\backend\.venv\Lib\site-packages\livekit\agents\ipc\job_proc_lazy_main.py", line 418, in thread_main
    client.run()
  File "C:\Users\AYESHA RAHMAN\murf-livekit-starter\backend\.venv\Lib\site-packages\livekit\agents\ipc\proc_client.py", line 70, in run
    loop.run_until_complete(self._task)
  File "C:\Users\AYESHA RAHMAN\murf-livekit-starter\backend\.uv-python\cpython-3.13-windows-x86_64-none\Lib\asyncio\base_events.py", line 712, in run_until_complete
    self.run_forever()
  File "C:\Users\AYESHA RAHMAN\murf-livekit-starter\backend\.uv-python\cpython-3.13-windows-x86_64-none\Lib\asyncio\base_events.py", line 683, in run_forever
    self._run_once()
  File "C:\Users\AYESHA RAHMAN\murf-livekit-starter\backend\.uv-python\cpython-3.13-windows-x86_64-none\Lib\asyncio\base_events.py", line 2060, in _run_once
    handle._run()
  File "C:\Users\AYESHA RAHMAN\murf-livekit-starter\backend\.uv-python\cpython-3.13-windows-x86_64-none\Lib\asyncio\events.py", line 89, in _run
    self._context.run(self._callback, *self._args)
  File "C:\Users\AYESHA RAHMAN\murf-livekit-starter\backend\.venv\Lib\site-packages\livekit\plugins\murf\tts.py", line 351, in _sentence_stream_task
    logger.info(
  File "C:\Users\AYESHA RAHMAN\murf-livekit-starter\backend\.uv-python\cpython-3.13-windows-x86_64-none\Lib\logging\__init__.py", line 1520, in info
    self._log(INFO, msg, args, **kwargs)
  File "C:\Users\AYESHA RAHMAN\murf-livekit-starter\backend\.uv-python\cpython-3.13-windows-x86_64-none\Lib\logging\__init__.py", line 1665, in _log
    self.handle(record)
  File "C:\Users\AYESHA RAHMAN\murf-livekit-starter\backend\.uv-python\cpython-3.13-windows-x86_64-none\Lib\logging\__init__.py", line 1681, in handle
    self.callHandlers(record)
  File "C:\Users\AYESHA RAHMAN\murf-livekit-starter\backend\.uv-python\cpython-3.13-windows-x86_64-none\Lib\logging\__init__.py", line 1737, in callHandlers
    hdlr.handle(record)
  File "C:\Users\AYESHA RAHMAN\murf-livekit-starter\backend\.uv-python\cpython-3.13-windows-x86_64-none\Lib\logging\__init__.py", line 1027, in handle
    self.emit(record)
  File "C:\Users\AYESHA RAHMAN\murf-livekit-starter\backend\.venv\Lib\site-packages\livekit\agents\cli\cli.py", line 957, in emit
    self.handleError(record)
Message: '[Murf TTS] Stream started - context_id=%s, voice=%s, style=%s, locale=%s, min_buffer_size=%d, max_buffer_delay_in_ms=%d, endpoint=%s'
Arguments: ('8b3e422dda12', 'Pooja', 'Conversation', None, 3, 0, 'https://global.api.murf.ai')
--- Logging error ---
Traceback (most recent call last):
  File "C:\Users\AYESHA RAHMAN\murf-livekit-starter\backend\.venv\Lib\site-packages\livekit\agents\cli\cli.py", line 944, in emit
    self.c.console.print(output)
    ~~~~~~~~~~~~~~~~~~~~^^^^^^^^
  File "C:\Users\AYESHA RAHMAN\murf-livekit-starter\backend\.venv\Lib\site-packages\rich\console.py", line 1697, in print
    with self:
         ^^^^
  File "C:\Users\AYESHA RAHMAN\murf-livekit-starter\backend\.venv\Lib\site-packages\rich\console.py", line 870, in __exit__
    self._exit_buffer()
    ~~~~~~~~~~~~~~~~~^^
  File "C:\Users\AYESHA RAHMAN\murf-livekit-starter\backend\.venv\Lib\site-packages\rich\console.py", line 826, in _exit_buffer
    self._check_buffer()
    ~~~~~~~~~~~~~~~~~~^^
  File "C:\Users\AYESHA RAHMAN\murf-livekit-starter\backend\.venv\Lib\site-packages\rich\console.py", line 2042, in _check_buffer
    self._write_buffer()
    ~~~~~~~~~~~~~~~~~~^^
  File "C:\Users\AYESHA RAHMAN\murf-livekit-starter\backend\.venv\Lib\site-packages\rich\console.py", line 2078, in _write_buffer
    legacy_windows_render(buffer, LegacyWindowsTerm(self.file))
    ~~~~~~~~~~~~~~~~~~~~~^^^^^^^^^^^^^^^^^^^^^^^^^^^^^^^^^^^^^^
  File "C:\Users\AYESHA RAHMAN\murf-livekit-starter\backend\.venv\Lib\site-packages\rich\_windows_renderer.py", line 17, in legacy_windows_render
    term.write_styled(text, style)
    ~~~~~~~~~~~~~~~~~^^^^^^^^^^^^^
  File "C:\Users\AYESHA RAHMAN\murf-livekit-starter\backend\.venv\Lib\site-packages\rich\_win32_console.py", line 441, in write_styled
    self.write_text(text)
    ~~~~~~~~~~~~~~~^^^^^^
  File "C:\Users\AYESHA RAHMAN\murf-livekit-starter\backend\.venv\Lib\site-packages\rich\_win32_console.py", line 402, in write_text
    self.write(text)
    ~~~~~~~~~~^^^^^^
  File "C:\Users\AYESHA RAHMAN\murf-livekit-starter\backend\.uv-python\cpython-3.13-windows-x86_64-none\Lib\encodings\cp1252.py", line 19, in encode
    return codecs.charmap_encode(input,self.errors,encoding_table)[0]
           ~~~~~~~~~~~~~~~~~~~~~^^^^^^^^^^^^^^^^^^^^^^^^^^^^^^^^^^
UnicodeEncodeError: 'charmap' codec can't encode character '\u20b9' in position 28: character maps to <undefined>
Call stack:
  File "C:\Users\AYESHA RAHMAN\murf-livekit-starter\backend\.uv-python\cpython-3.13-windows-x86_64-none\Lib\threading.py", line 1015, in _bootstrap
    self._bootstrap_inner()
  File "C:\Users\AYESHA RAHMAN\murf-livekit-starter\backend\.uv-python\cpython-3.13-windows-x86_64-none\Lib\threading.py", line 1044, in _bootstrap_inner
    self.run()
  File "C:\Users\AYESHA RAHMAN\murf-livekit-starter\backend\.uv-python\cpython-3.13-windows-x86_64-none\Lib\threading.py", line 995, in run
    self._target(*self._args, **self._kwargs)
  File "C:\Users\AYESHA RAHMAN\murf-livekit-starter\backend\.venv\Lib\site-packages\livekit\agents\ipc\job_proc_lazy_main.py", line 418, in thread_main
    client.run()
  File "C:\Users\AYESHA RAHMAN\murf-livekit-starter\backend\.venv\Lib\site-packages\livekit\agents\ipc\proc_client.py", line 70, in run
    loop.run_until_complete(self._task)
  File "C:\Users\AYESHA RAHMAN\murf-livekit-starter\backend\.uv-python\cpython-3.13-windows-x86_64-none\Lib\asyncio\base_events.py", line 712, in run_until_complete
    self.run_forever()
  File "C:\Users\AYESHA RAHMAN\murf-livekit-starter\backend\.uv-python\cpython-3.13-windows-x86_64-none\Lib\asyncio\base_events.py", line 683, in run_forever
    self._run_once()
  File "C:\Users\AYESHA RAHMAN\murf-livekit-starter\backend\.uv-python\cpython-3.13-windows-x86_64-none\Lib\asyncio\base_events.py", line 2060, in _run_once
    handle._run()
  File "C:\Users\AYESHA RAHMAN\murf-livekit-starter\backend\.uv-python\cpython-3.13-windows-x86_64-none\Lib\asyncio\events.py", line 89, in _run
    self._context.run(self._callback, *self._args)
  File "C:\Users\AYESHA RAHMAN\murf-livekit-starter\backend\.venv\Lib\site-packages\livekit\plugins\murf\tts.py", line 412, in _recv_task
    logger.info("[Murf TTS] Murf TTFB (first sentence to first audio): %.2f ms", ttfb_ms)
  File "C:\Users\AYESHA RAHMAN\murf-livekit-starter\backend\.uv-python\cpython-3.13-windows-x86_64-none\Lib\logging\__init__.py", line 1520, in info
    self._log(INFO, msg, args, **kwargs)
  File "C:\Users\AYESHA RAHMAN\murf-livekit-starter\backend\.uv-python\cpython-3.13-windows-x86_64-none\Lib\logging\__init__.py", line 1665, in _log
    self.handle(record)
  File "C:\Users\AYESHA RAHMAN\murf-livekit-starter\backend\.uv-python\cpython-3.13-windows-x86_64-none\Lib\logging\__init__.py", line 1681, in handle
    self.callHandlers(record)
  File "C:\Users\AYESHA RAHMAN\murf-livekit-starter\backend\.uv-python\cpython-3.13-windows-x86_64-none\Lib\logging\__init__.py", line 1737, in callHandlers
    hdlr.handle(record)
  File "C:\Users\AYESHA RAHMAN\murf-livekit-starter\backend\.uv-python\cpython-3.13-windows-x86_64-none\Lib\logging\__init__.py", line 1027, in handle
    self.emit(record)
  File "C:\Users\AYESHA RAHMAN\murf-livekit-starter\backend\.venv\Lib\site-packages\livekit\agents\cli\cli.py", line 957, in emit
    self.handleError(record)
Message: '[Murf TTS] Murf TTFB (first sentence to first audio): %.2f ms'
Arguments: (150.3013999972609,)
--- Logging error ---
Traceback (most recent call last):
  File "C:\Users\AYESHA RAHMAN\murf-livekit-starter\backend\.venv\Lib\site-packages\livekit\agents\cli\cli.py", line 944, in emit
    self.c.console.print(output)
    ~~~~~~~~~~~~~~~~~~~~^^^^^^^^
  File "C:\Users\AYESHA RAHMAN\murf-livekit-starter\backend\.venv\Lib\site-packages\rich\console.py", line 1697, in print
    with self:
         ^^^^
  File "C:\Users\AYESHA RAHMAN\murf-livekit-starter\backend\.venv\Lib\site-packages\rich\console.py", line 870, in __exit__
    self._exit_buffer()
    ~~~~~~~~~~~~~~~~~^^
  File "C:\Users\AYESHA RAHMAN\murf-livekit-starter\backend\.venv\Lib\site-packages\rich\console.py", line 826, in _exit_buffer
    self._check_buffer()
    ~~~~~~~~~~~~~~~~~~^^
  File "C:\Users\AYESHA RAHMAN\murf-livekit-starter\backend\.venv\Lib\site-packages\rich\console.py", line 2042, in _check_buffer
    self._write_buffer()
    ~~~~~~~~~~~~~~~~~~^^
  File "C:\Users\AYESHA RAHMAN\murf-livekit-starter\backend\.venv\Lib\site-packages\rich\console.py", line 2078, in _write_buffer
    legacy_windows_render(buffer, LegacyWindowsTerm(self.file))
    ~~~~~~~~~~~~~~~~~~~~~^^^^^^^^^^^^^^^^^^^^^^^^^^^^^^^^^^^^^^
  File "C:\Users\AYESHA RAHMAN\murf-livekit-starter\backend\.venv\Lib\site-packages\rich\_windows_renderer.py", line 17, in legacy_windows_render
    term.write_styled(text, style)
    ~~~~~~~~~~~~~~~~~^^^^^^^^^^^^^
  File "C:\Users\AYESHA RAHMAN\murf-livekit-starter\backend\.venv\Lib\site-packages\rich\_win32_console.py", line 441, in write_styled
    self.write_text(text)
    ~~~~~~~~~~~~~~~^^^^^^
  File "C:\Users\AYESHA RAHMAN\murf-livekit-starter\backend\.venv\Lib\site-packages\rich\_win32_console.py", line 402, in write_text
    self.write(text)
    ~~~~~~~~~~^^^^^^
  File "C:\Users\AYESHA RAHMAN\murf-livekit-starter\backend\.uv-python\cpython-3.13-windows-x86_64-none\Lib\encodings\cp1252.py", line 19, in encode
    return codecs.charmap_encode(input,self.errors,encoding_table)[0]
           ~~~~~~~~~~~~~~~~~~~~~^^^^^^^^^^^^^^^^^^^^^^^^^^^^^^^^^^
UnicodeEncodeError: 'charmap' codec can't encode character '\u20b9' in position 28: character maps to <undefined>
Call stack:
  File "C:\Users\AYESHA RAHMAN\murf-livekit-starter\backend\.uv-python\cpython-3.13-windows-x86_64-none\Lib\threading.py", line 1015, in _bootstrap
    self._bootstrap_inner()
  File "C:\Users\AYESHA RAHMAN\murf-livekit-starter\backend\.uv-python\cpython-3.13-windows-x86_64-none\Lib\threading.py", line 1044, in _bootstrap_inner
    self.run()
  File "C:\Users\AYESHA RAHMAN\murf-livekit-starter\backend\.uv-python\cpython-3.13-windows-x86_64-none\Lib\threading.py", line 995, in run
    self._target(*self._args, **self._kwargs)
  File "C:\Users\AYESHA RAHMAN\murf-livekit-starter\backend\.venv\Lib\site-packages\livekit\agents\ipc\job_proc_lazy_main.py", line 418, in thread_main
    client.run()
  File "C:\Users\AYESHA RAHMAN\murf-livekit-starter\backend\.venv\Lib\site-packages\livekit\agents\ipc\proc_client.py", line 70, in run
    loop.run_until_complete(self._task)
  File "C:\Users\AYESHA RAHMAN\murf-livekit-starter\backend\.uv-python\cpython-3.13-windows-x86_64-none\Lib\asyncio\base_events.py", line 712, in run_until_complete
    self.run_forever()
  File "C:\Users\AYESHA RAHMAN\murf-livekit-starter\backend\.uv-python\cpython-3.13-windows-x86_64-none\Lib\asyncio\base_events.py", line 683, in run_forever
    self._run_once()
  File "C:\Users\AYESHA RAHMAN\murf-livekit-starter\backend\.uv-python\cpython-3.13-windows-x86_64-none\Lib\asyncio\base_events.py", line 2060, in _run_once
    handle._run()
  File "C:\Users\AYESHA RAHMAN\murf-livekit-starter\backend\.uv-python\cpython-3.13-windows-x86_64-none\Lib\asyncio\events.py", line 89, in _run
    self._context.run(self._callback, *self._args)
  File "C:\Users\AYESHA RAHMAN\murf-livekit-starter\backend\.venv\Lib\site-packages\livekit\agents\tts\tts.py", line 570, in _metrics_monitor_task
    _emit_metrics()
  File "C:\Users\AYESHA RAHMAN\murf-livekit-starter\backend\.venv\Lib\site-packages\livekit\agents\tts\tts.py", line 554, in _emit_metrics
    self._tts.emit("metrics_collected", metrics)
  File "C:\Users\AYESHA RAHMAN\murf-livekit-starter\backend\.venv\Lib\site-packages\livekit\rtc\event_emitter.py", line 58, in emit
    callback(*callback_args)
  File "C:\Users\AYESHA RAHMAN\murf-livekit-starter\backend\.venv\Lib\site-packages\livekit\agents\voice\agent_activity.py", line 1162, in _on_metrics_collected
    self._session.emit("metrics_collected", MetricsCollectedEvent(metrics=ev))
  File "C:\Users\AYESHA RAHMAN\murf-livekit-starter\backend\.venv\Lib\site-packages\livekit\agents\voice\agent_session.py", line 428, in emit
    super().emit(event, arg)
  File "C:\Users\AYESHA RAHMAN\murf-livekit-starter\backend\.venv\Lib\site-packages\livekit\rtc\event_emitter.py", line 58, in emit
    callback(*callback_args)
  File "C:\Users\AYESHA RAHMAN\murf-livekit-starter\backend\src\agent.py", line 477, in on_metrics_collected
    logger.info(
  File "C:\Users\AYESHA RAHMAN\murf-livekit-starter\backend\.uv-python\cpython-3.13-windows-x86_64-none\Lib\logging\__init__.py", line 1520, in info
    self._log(INFO, msg, args, **kwargs)
  File "C:\Users\AYESHA RAHMAN\murf-livekit-starter\backend\.uv-python\cpython-3.13-windows-x86_64-none\Lib\logging\__init__.py", line 1665, in _log
    self.handle(record)
  File "C:\Users\AYESHA RAHMAN\murf-livekit-starter\backend\.uv-python\cpython-3.13-windows-x86_64-none\Lib\logging\__init__.py", line 1681, in handle
    self.callHandlers(record)
  File "C:\Users\AYESHA RAHMAN\murf-livekit-starter\backend\.uv-python\cpython-3.13-windows-x86_64-none\Lib\logging\__init__.py", line 1737, in callHandlers
    hdlr.handle(record)
  File "C:\Users\AYESHA RAHMAN\murf-livekit-starter\backend\.uv-python\cpython-3.13-windows-x86_64-none\Lib\logging\__init__.py", line 1027, in handle
    self.emit(record)
  File "C:\Users\AYESHA RAHMAN\murf-livekit-starter\backend\.venv\Lib\site-packages\livekit\agents\cli\cli.py", line 957, in emit
    self.handleError(record)
Message: '[DEBUG-%s] metrics=%s'
Arguments: ('TTS', TTSMetrics(type='tts_metrics', label='livekit.plugins.murf.tts.TTS', request_id='7927778bb139', timestamp=1786731101.2495081, ttfb=0.3622642000009364, duration=0.6089551000004576, audio_duration=3.0000000000000004, cancelled=False, characters_count=53, streamed=True, segment_id='8b3e422dda12', speech_id='speech_1a9db990ee0e', metadata=Metadata(model_name='FALCON', model_provider='Murf')))
--- Logging error ---
Traceback (most recent call last):
  File "C:\Users\AYESHA RAHMAN\murf-livekit-starter\backend\.venv\Lib\site-packages\livekit\agents\cli\cli.py", line 944, in emit
    self.c.console.print(output)
    ~~~~~~~~~~~~~~~~~~~~^^^^^^^^
  File "C:\Users\AYESHA RAHMAN\murf-livekit-starter\backend\.venv\Lib\site-packages\rich\console.py", line 1697, in print
    with self:
         ^^^^
  File "C:\Users\AYESHA RAHMAN\murf-livekit-starter\backend\.venv\Lib\site-packages\rich\console.py", line 870, in __exit__
    self._exit_buffer()
    ~~~~~~~~~~~~~~~~~^^
  File "C:\Users\AYESHA RAHMAN\murf-livekit-starter\backend\.venv\Lib\site-packages\rich\console.py", line 826, in _exit_buffer
    self._check_buffer()
    ~~~~~~~~~~~~~~~~~~^^
  File "C:\Users\AYESHA RAHMAN\murf-livekit-starter\backend\.venv\Lib\site-packages\rich\console.py", line 2042, in _check_buffer
    self._write_buffer()
    ~~~~~~~~~~~~~~~~~~^^
  File "C:\Users\AYESHA RAHMAN\murf-livekit-starter\backend\.venv\Lib\site-packages\rich\console.py", line 2078, in _write_buffer
    legacy_windows_render(buffer, LegacyWindowsTerm(self.file))
    ~~~~~~~~~~~~~~~~~~~~~^^^^^^^^^^^^^^^^^^^^^^^^^^^^^^^^^^^^^^
  File "C:\Users\AYESHA RAHMAN\murf-livekit-starter\backend\.venv\Lib\site-packages\rich\_windows_renderer.py", line 17, in legacy_windows_render
    term.write_styled(text, style)
    ~~~~~~~~~~~~~~~~~^^^^^^^^^^^^^
  File "C:\Users\AYESHA RAHMAN\murf-livekit-starter\backend\.venv\Lib\site-packages\rich\_win32_console.py", line 441, in write_styled
    self.write_text(text)
    ~~~~~~~~~~~~~~~^^^^^^
  File "C:\Users\AYESHA RAHMAN\murf-livekit-starter\backend\.venv\Lib\site-packages\rich\_win32_console.py", line 402, in write_text
    self.write(text)
    ~~~~~~~~~~^^^^^^
  File "C:\Users\AYESHA RAHMAN\murf-livekit-starter\backend\.uv-python\cpython-3.13-windows-x86_64-none\Lib\encodings\cp1252.py", line 19, in encode
    return codecs.charmap_encode(input,self.errors,encoding_table)[0]
           ~~~~~~~~~~~~~~~~~~~~~^^^^^^^^^^^^^^^^^^^^^^^^^^^^^^^^^^
UnicodeEncodeError: 'charmap' codec can't encode character '\u20b9' in position 28: character maps to <undefined>
Call stack:
  File "C:\Users\AYESHA RAHMAN\murf-livekit-starter\backend\.uv-python\cpython-3.13-windows-x86_64-none\Lib\threading.py", line 1015, in _bootstrap
    self._bootstrap_inner()
  File "C:\Users\AYESHA RAHMAN\murf-livekit-starter\backend\.uv-python\cpython-3.13-windows-x86_64-none\Lib\threading.py", line 1044, in _bootstrap_inner
    self.run()
  File "C:\Users\AYESHA RAHMAN\murf-livekit-starter\backend\.uv-python\cpython-3.13-windows-x86_64-none\Lib\threading.py", line 995, in run
    self._target(*self._args, **self._kwargs)
  File "C:\Users\AYESHA RAHMAN\murf-livekit-starter\backend\.venv\Lib\site-packages\livekit\agents\ipc\job_proc_lazy_main.py", line 418, in thread_main
    client.run()
  File "C:\Users\AYESHA RAHMAN\murf-livekit-starter\backend\.venv\Lib\site-packages\livekit\agents\ipc\proc_client.py", line 70, in run
    loop.run_until_complete(self._task)
  File "C:\Users\AYESHA RAHMAN\murf-livekit-starter\backend\.uv-python\cpython-3.13-windows-x86_64-none\Lib\asyncio\base_events.py", line 712, in run_until_complete
    self.run_forever()
  File "C:\Users\AYESHA RAHMAN\murf-livekit-starter\backend\.uv-python\cpython-3.13-windows-x86_64-none\Lib\asyncio\base_events.py", line 683, in run_forever
    self._run_once()
  File "C:\Users\AYESHA RAHMAN\murf-livekit-starter\backend\.uv-python\cpython-3.13-windows-x86_64-none\Lib\asyncio\base_events.py", line 2060, in _run_once
    handle._run()
  File "C:\Users\AYESHA RAHMAN\murf-livekit-starter\backend\.uv-python\cpython-3.13-windows-x86_64-none\Lib\asyncio\events.py", line 89, in _run
    self._context.run(self._callback, *self._args)
  File "C:\Users\AYESHA RAHMAN\murf-livekit-starter\backend\.venv\Lib\site-packages\livekit\agents\voice\agent_activity.py", line 434, in _context_aware_coro
    return await coro
  File "C:\Users\AYESHA RAHMAN\murf-livekit-starter\backend\.venv\Lib\site-packages\livekit\agents\utils\log.py", line 17, in async_fn_logs
    return await fn(*args, **kwargs)
  File "C:\Users\AYESHA RAHMAN\murf-livekit-starter\backend\.venv\Lib\site-packages\livekit\agents\voice\agent_activity.py", line 1708, in _tts_task
    await self._tts_task_impl(
  File "C:\Users\AYESHA RAHMAN\murf-livekit-starter\backend\.venv\Lib\site-packages\livekit\agents\voice\agent_activity.py", line 1884, in _tts_task_impl
    self._session._conversation_item_added(msg)
  File "C:\Users\AYESHA RAHMAN\murf-livekit-starter\backend\.venv\Lib\site-packages\livekit\agents\voice\agent_session.py", line 1409, in _conversation_item_added
    self.emit("conversation_item_added", ConversationItemAddedEvent(item=message))
  File "C:\Users\AYESHA RAHMAN\murf-livekit-starter\backend\.venv\Lib\site-packages\livekit\agents\voice\agent_session.py", line 428, in emit
    super().emit(event, arg)
  File "C:\Users\AYESHA RAHMAN\murf-livekit-starter\backend\.venv\Lib\site-packages\livekit\rtc\event_emitter.py", line 58, in emit
    callback(*callback_args)
  File "C:\Users\AYESHA RAHMAN\murf-livekit-starter\backend\src\agent.py", line 468, in on_conversation_item_added
    logger.info(
  File "C:\Users\AYESHA RAHMAN\murf-livekit-starter\backend\.uv-python\cpython-3.13-windows-x86_64-none\Lib\logging\__init__.py", line 1520, in info
    self._log(INFO, msg, args, **kwargs)
  File "C:\Users\AYESHA RAHMAN\murf-livekit-starter\backend\.uv-python\cpython-3.13-windows-x86_64-none\Lib\logging\__init__.py", line 1665, in _log
    self.handle(record)
  File "C:\Users\AYESHA RAHMAN\murf-livekit-starter\backend\.uv-python\cpython-3.13-windows-x86_64-none\Lib\logging\__init__.py", line 1681, in handle
    self.callHandlers(record)
  File "C:\Users\AYESHA RAHMAN\murf-livekit-starter\backend\.uv-python\cpython-3.13-windows-x86_64-none\Lib\logging\__init__.py", line 1737, in callHandlers
    hdlr.handle(record)
  File "C:\Users\AYESHA RAHMAN\murf-livekit-starter\backend\.uv-python\cpython-3.13-windows-x86_64-none\Lib\logging\__init__.py", line 1027, in handle
    self.emit(record)
  File "C:\Users\AYESHA RAHMAN\murf-livekit-starter\backend\.venv\Lib\site-packages\livekit\agents\cli\cli.py", line 957, in emit
    self.handleError(record)
Message: '[DEBUG-LLM] assistant text committed after playout=%r'
Arguments: ("I'll connect you back to the main assistant for that.",)
--- Logging error ---
Traceback (most recent call last):
  File "C:\Users\AYESHA RAHMAN\murf-livekit-starter\backend\.venv\Lib\site-packages\livekit\agents\cli\cli.py", line 944, in emit
    self.c.console.print(output)
    ~~~~~~~~~~~~~~~~~~~~^^^^^^^^
  File "C:\Users\AYESHA RAHMAN\murf-livekit-starter\backend\.venv\Lib\site-packages\rich\console.py", line 1697, in print
    with self:
         ^^^^
  File "C:\Users\AYESHA RAHMAN\murf-livekit-starter\backend\.venv\Lib\site-packages\rich\console.py", line 870, in __exit__
    self._exit_buffer()
    ~~~~~~~~~~~~~~~~~^^
  File "C:\Users\AYESHA RAHMAN\murf-livekit-starter\backend\.venv\Lib\site-packages\rich\console.py", line 826, in _exit_buffer
    self._check_buffer()
    ~~~~~~~~~~~~~~~~~~^^
  File "C:\Users\AYESHA RAHMAN\murf-livekit-starter\backend\.venv\Lib\site-packages\rich\console.py", line 2042, in _check_buffer
    self._write_buffer()
    ~~~~~~~~~~~~~~~~~~^^
  File "C:\Users\AYESHA RAHMAN\murf-livekit-starter\backend\.venv\Lib\site-packages\rich\console.py", line 2078, in _write_buffer
    legacy_windows_render(buffer, LegacyWindowsTerm(self.file))
    ~~~~~~~~~~~~~~~~~~~~~^^^^^^^^^^^^^^^^^^^^^^^^^^^^^^^^^^^^^^
  File "C:\Users\AYESHA RAHMAN\murf-livekit-starter\backend\.venv\Lib\site-packages\rich\_windows_renderer.py", line 17, in legacy_windows_render
    term.write_styled(text, style)
    ~~~~~~~~~~~~~~~~~^^^^^^^^^^^^^
  File "C:\Users\AYESHA RAHMAN\murf-livekit-starter\backend\.venv\Lib\site-packages\rich\_win32_console.py", line 441, in write_styled
    self.write_text(text)
    ~~~~~~~~~~~~~~~^^^^^^
  File "C:\Users\AYESHA RAHMAN\murf-livekit-starter\backend\.venv\Lib\site-packages\rich\_win32_console.py", line 402, in write_text
    self.write(text)
    ~~~~~~~~~~^^^^^^
  File "C:\Users\AYESHA RAHMAN\murf-livekit-starter\backend\.uv-python\cpython-3.13-windows-x86_64-none\Lib\encodings\cp1252.py", line 19, in encode
    return codecs.charmap_encode(input,self.errors,encoding_table)[0]
           ~~~~~~~~~~~~~~~~~~~~~^^^^^^^^^^^^^^^^^^^^^^^^^^^^^^^^^^
UnicodeEncodeError: 'charmap' codec can't encode character '\u20b9' in position 28: character maps to <undefined>
Call stack:
  File "C:\Users\AYESHA RAHMAN\murf-livekit-starter\backend\.uv-python\cpython-3.13-windows-x86_64-none\Lib\threading.py", line 1015, in _bootstrap
    self._bootstrap_inner()
  File "C:\Users\AYESHA RAHMAN\murf-livekit-starter\backend\.uv-python\cpython-3.13-windows-x86_64-none\Lib\threading.py", line 1044, in _bootstrap_inner
    self.run()
  File "C:\Users\AYESHA RAHMAN\murf-livekit-starter\backend\.uv-python\cpython-3.13-windows-x86_64-none\Lib\threading.py", line 995, in run
    self._target(*self._args, **self._kwargs)
  File "C:\Users\AYESHA RAHMAN\murf-livekit-starter\backend\.venv\Lib\site-packages\livekit\agents\ipc\job_proc_lazy_main.py", line 418, in thread_main
    client.run()
  File "C:\Users\AYESHA RAHMAN\murf-livekit-starter\backend\.venv\Lib\site-packages\livekit\agents\ipc\proc_client.py", line 70, in run
    loop.run_until_complete(self._task)
  File "C:\Users\AYESHA RAHMAN\murf-livekit-starter\backend\.uv-python\cpython-3.13-windows-x86_64-none\Lib\asyncio\base_events.py", line 712, in run_until_complete
    self.run_forever()
  File "C:\Users\AYESHA RAHMAN\murf-livekit-starter\backend\.uv-python\cpython-3.13-windows-x86_64-none\Lib\asyncio\base_events.py", line 683, in run_forever
    self._run_once()
  File "C:\Users\AYESHA RAHMAN\murf-livekit-starter\backend\.uv-python\cpython-3.13-windows-x86_64-none\Lib\asyncio\base_events.py", line 2060, in _run_once
    handle._run()
  File "C:\Users\AYESHA RAHMAN\murf-livekit-starter\backend\.uv-python\cpython-3.13-windows-x86_64-none\Lib\asyncio\events.py", line 89, in _run
    self._context.run(self._callback, *self._args)
  File "C:\Users\AYESHA RAHMAN\murf-livekit-starter\backend\.venv\Lib\site-packages\livekit\agents\utils\log.py", line 17, in async_fn_logs
    return await fn(*args, **kwargs)
  File "C:\Users\AYESHA RAHMAN\murf-livekit-starter\backend\.venv\Lib\site-packages\livekit\agents\voice\generation.py", line 703, in _execute_tools_task
    logger.debug(
  File "C:\Users\AYESHA RAHMAN\murf-livekit-starter\backend\.uv-python\cpython-3.13-windows-x86_64-none\Lib\logging\__init__.py", line 1508, in debug
    self._log(DEBUG, msg, args, **kwargs)
  File "C:\Users\AYESHA RAHMAN\murf-livekit-starter\backend\.uv-python\cpython-3.13-windows-x86_64-none\Lib\logging\__init__.py", line 1665, in _log
    self.handle(record)
  File "C:\Users\AYESHA RAHMAN\murf-livekit-starter\backend\.uv-python\cpython-3.13-windows-x86_64-none\Lib\logging\__init__.py", line 1681, in handle
    self.callHandlers(record)
  File "C:\Users\AYESHA RAHMAN\murf-livekit-starter\backend\.uv-python\cpython-3.13-windows-x86_64-none\Lib\logging\__init__.py", line 1737, in callHandlers
    hdlr.handle(record)
  File "C:\Users\AYESHA RAHMAN\murf-livekit-starter\backend\.uv-python\cpython-3.13-windows-x86_64-none\Lib\logging\__init__.py", line 1027, in handle
    self.emit(record)
  File "C:\Users\AYESHA RAHMAN\murf-livekit-starter\backend\.venv\Lib\site-packages\livekit\agents\cli\cli.py", line 957, in emit
    self.handleError(record)
Message: 'tools execution completed'
Arguments: ()
--- Logging error ---
Traceback (most recent call last):
  File "C:\Users\AYESHA RAHMAN\murf-livekit-starter\backend\.venv\Lib\site-packages\livekit\agents\cli\cli.py", line 944, in emit
    self.c.console.print(output)
    ~~~~~~~~~~~~~~~~~~~~^^^^^^^^
  File "C:\Users\AYESHA RAHMAN\murf-livekit-starter\backend\.venv\Lib\site-packages\rich\console.py", line 1697, in print
    with self:
         ^^^^
  File "C:\Users\AYESHA RAHMAN\murf-livekit-starter\backend\.venv\Lib\site-packages\rich\console.py", line 870, in __exit__
    self._exit_buffer()
    ~~~~~~~~~~~~~~~~~^^
  File "C:\Users\AYESHA RAHMAN\murf-livekit-starter\backend\.venv\Lib\site-packages\rich\console.py", line 826, in _exit_buffer
    self._check_buffer()
    ~~~~~~~~~~~~~~~~~~^^
  File "C:\Users\AYESHA RAHMAN\murf-livekit-starter\backend\.venv\Lib\site-packages\rich\console.py", line 2042, in _check_buffer
    self._write_buffer()
    ~~~~~~~~~~~~~~~~~~^^
  File "C:\Users\AYESHA RAHMAN\murf-livekit-starter\backend\.venv\Lib\site-packages\rich\console.py", line 2078, in _write_buffer
    legacy_windows_render(buffer, LegacyWindowsTerm(self.file))
    ~~~~~~~~~~~~~~~~~~~~~^^^^^^^^^^^^^^^^^^^^^^^^^^^^^^^^^^^^^^
  File "C:\Users\AYESHA RAHMAN\murf-livekit-starter\backend\.venv\Lib\site-packages\rich\_windows_renderer.py", line 17, in legacy_windows_render
    term.write_styled(text, style)
    ~~~~~~~~~~~~~~~~~^^^^^^^^^^^^^
  File "C:\Users\AYESHA RAHMAN\murf-livekit-starter\backend\.venv\Lib\site-packages\rich\_win32_console.py", line 441, in write_styled
    self.write_text(text)
    ~~~~~~~~~~~~~~~^^^^^^
  File "C:\Users\AYESHA RAHMAN\murf-livekit-starter\backend\.venv\Lib\site-packages\rich\_win32_console.py", line 402, in write_text
    self.write(text)
    ~~~~~~~~~~^^^^^^
  File "C:\Users\AYESHA RAHMAN\murf-livekit-starter\backend\.uv-python\cpython-3.13-windows-x86_64-none\Lib\encodings\cp1252.py", line 19, in encode
    return codecs.charmap_encode(input,self.errors,encoding_table)[0]
           ~~~~~~~~~~~~~~~~~~~~~^^^^^^^^^^^^^^^^^^^^^^^^^^^^^^^^^^
UnicodeEncodeError: 'charmap' codec can't encode character '\u20b9' in position 28: character maps to <undefined>
Call stack:
  File "C:\Users\AYESHA RAHMAN\murf-livekit-starter\backend\.uv-python\cpython-3.13-windows-x86_64-none\Lib\threading.py", line 1015, in _bootstrap
    self._bootstrap_inner()
  File "C:\Users\AYESHA RAHMAN\murf-livekit-starter\backend\.uv-python\cpython-3.13-windows-x86_64-none\Lib\threading.py", line 1044, in _bootstrap_inner
    self.run()
  File "C:\Users\AYESHA RAHMAN\murf-livekit-starter\backend\.uv-python\cpython-3.13-windows-x86_64-none\Lib\threading.py", line 995, in run
    self._target(*self._args, **self._kwargs)
  File "C:\Users\AYESHA RAHMAN\murf-livekit-starter\backend\.venv\Lib\site-packages\livekit\agents\ipc\job_proc_lazy_main.py", line 418, in thread_main
    client.run()
  File "C:\Users\AYESHA RAHMAN\murf-livekit-starter\backend\.venv\Lib\site-packages\livekit\agents\ipc\proc_client.py", line 70, in run
    loop.run_until_complete(self._task)
  File "C:\Users\AYESHA RAHMAN\murf-livekit-starter\backend\.uv-python\cpython-3.13-windows-x86_64-none\Lib\asyncio\base_events.py", line 712, in run_until_complete
    self.run_forever()
  File "C:\Users\AYESHA RAHMAN\murf-livekit-starter\backend\.uv-python\cpython-3.13-windows-x86_64-none\Lib\asyncio\base_events.py", line 683, in run_forever
    self._run_once()
  File "C:\Users\AYESHA RAHMAN\murf-livekit-starter\backend\.uv-python\cpython-3.13-windows-x86_64-none\Lib\asyncio\base_events.py", line 2060, in _run_once
    handle._run()
  File "C:\Users\AYESHA RAHMAN\murf-livekit-starter\backend\.uv-python\cpython-3.13-windows-x86_64-none\Lib\asyncio\events.py", line 89, in _run
    self._context.run(self._callback, *self._args)
  File "C:\Users\AYESHA RAHMAN\murf-livekit-starter\backend\.venv\Lib\site-packages\livekit\agents\stt\stt.py", line 322, in _main_task
    return await self._run()
  File "C:\Users\AYESHA RAHMAN\murf-livekit-starter\backend\.venv\Lib\site-packages\livekit\plugins\deepgram\stt.py", line 565, in _run
    ws = await self._connect_ws()
  File "C:\Users\AYESHA RAHMAN\murf-livekit-starter\backend\.venv\Lib\site-packages\livekit\plugins\deepgram\stt.py", line 637, in _connect_ws
    logger.debug(
  File "C:\Users\AYESHA RAHMAN\murf-livekit-starter\backend\.uv-python\cpython-3.13-windows-x86_64-none\Lib\logging\__init__.py", line 1508, in debug
    self._log(DEBUG, msg, args, **kwargs)
  File "C:\Users\AYESHA RAHMAN\murf-livekit-starter\backend\.uv-python\cpython-3.13-windows-x86_64-none\Lib\logging\__init__.py", line 1665, in _log
    self.handle(record)
  File "C:\Users\AYESHA RAHMAN\murf-livekit-starter\backend\.uv-python\cpython-3.13-windows-x86_64-none\Lib\logging\__init__.py", line 1681, in handle
    self.callHandlers(record)
  File "C:\Users\AYESHA RAHMAN\murf-livekit-starter\backend\.uv-python\cpython-3.13-windows-x86_64-none\Lib\logging\__init__.py", line 1737, in callHandlers
    hdlr.handle(record)
  File "C:\Users\AYESHA RAHMAN\murf-livekit-starter\backend\.uv-python\cpython-3.13-windows-x86_64-none\Lib\logging\__init__.py", line 1027, in handle
    self.emit(record)
  File "C:\Users\AYESHA RAHMAN\murf-livekit-starter\backend\.venv\Lib\site-packages\livekit\agents\cli\cli.py", line 957, in emit
    self.handleError(record)
Message: 'Established new Deepgram STT WebSocket connection:'
Arguments: ()
--- Logging error ---
Traceback (most recent call last):
  File "C:\Users\AYESHA RAHMAN\murf-livekit-starter\backend\.venv\Lib\site-packages\livekit\agents\cli\cli.py", line 944, in emit
    self.c.console.print(output)
    ~~~~~~~~~~~~~~~~~~~~^^^^^^^^
  File "C:\Users\AYESHA RAHMAN\murf-livekit-starter\backend\.venv\Lib\site-packages\rich\console.py", line 1697, in print
    with self:
         ^^^^
  File "C:\Users\AYESHA RAHMAN\murf-livekit-starter\backend\.venv\Lib\site-packages\rich\console.py", line 870, in __exit__
    self._exit_buffer()
    ~~~~~~~~~~~~~~~~~^^
  File "C:\Users\AYESHA RAHMAN\murf-livekit-starter\backend\.venv\Lib\site-packages\rich\console.py", line 826, in _exit_buffer
    self._check_buffer()
    ~~~~~~~~~~~~~~~~~~^^
  File "C:\Users\AYESHA RAHMAN\murf-livekit-starter\backend\.venv\Lib\site-packages\rich\console.py", line 2042, in _check_buffer
    self._write_buffer()
    ~~~~~~~~~~~~~~~~~~^^
  File "C:\Users\AYESHA RAHMAN\murf-livekit-starter\backend\.venv\Lib\site-packages\rich\console.py", line 2078, in _write_buffer
    legacy_windows_render(buffer, LegacyWindowsTerm(self.file))
    ~~~~~~~~~~~~~~~~~~~~~^^^^^^^^^^^^^^^^^^^^^^^^^^^^^^^^^^^^^^
  File "C:\Users\AYESHA RAHMAN\murf-livekit-starter\backend\.venv\Lib\site-packages\rich\_windows_renderer.py", line 17, in legacy_windows_render
    term.write_styled(text, style)
    ~~~~~~~~~~~~~~~~~^^^^^^^^^^^^^
  File "C:\Users\AYESHA RAHMAN\murf-livekit-starter\backend\.venv\Lib\site-packages\rich\_win32_console.py", line 441, in write_styled
    self.write_text(text)
    ~~~~~~~~~~~~~~~^^^^^^
  File "C:\Users\AYESHA RAHMAN\murf-livekit-starter\backend\.venv\Lib\site-packages\rich\_win32_console.py", line 402, in write_text
    self.write(text)
    ~~~~~~~~~~^^^^^^
  File "C:\Users\AYESHA RAHMAN\murf-livekit-starter\backend\.uv-python\cpython-3.13-windows-x86_64-none\Lib\encodings\cp1252.py", line 19, in encode
    return codecs.charmap_encode(input,self.errors,encoding_table)[0]
           ~~~~~~~~~~~~~~~~~~~~~^^^^^^^^^^^^^^^^^^^^^^^^^^^^^^^^^^
UnicodeEncodeError: 'charmap' codec can't encode character '\u20b9' in position 28: character maps to <undefined>
Call stack:
  File "C:\Users\AYESHA RAHMAN\murf-livekit-starter\backend\.uv-python\cpython-3.13-windows-x86_64-none\Lib\threading.py", line 1015, in _bootstrap
    self._bootstrap_inner()
  File "C:\Users\AYESHA RAHMAN\murf-livekit-starter\backend\.uv-python\cpython-3.13-windows-x86_64-none\Lib\threading.py", line 1044, in _bootstrap_inner
    self.run()
  File "C:\Users\AYESHA RAHMAN\murf-livekit-starter\backend\.uv-python\cpython-3.13-windows-x86_64-none\Lib\threading.py", line 995, in run
    self._target(*self._args, **self._kwargs)
  File "C:\Users\AYESHA RAHMAN\murf-livekit-starter\backend\.venv\Lib\site-packages\livekit\agents\ipc\job_proc_lazy_main.py", line 418, in thread_main
    client.run()
  File "C:\Users\AYESHA RAHMAN\murf-livekit-starter\backend\.venv\Lib\site-packages\livekit\agents\ipc\proc_client.py", line 70, in run
    loop.run_until_complete(self._task)
  File "C:\Users\AYESHA RAHMAN\murf-livekit-starter\backend\.uv-python\cpython-3.13-windows-x86_64-none\Lib\asyncio\base_events.py", line 712, in run_until_complete
    self.run_forever()
  File "C:\Users\AYESHA RAHMAN\murf-livekit-starter\backend\.uv-python\cpython-3.13-windows-x86_64-none\Lib\asyncio\base_events.py", line 683, in run_forever
    self._run_once()
  File "C:\Users\AYESHA RAHMAN\murf-livekit-starter\backend\.uv-python\cpython-3.13-windows-x86_64-none\Lib\asyncio\base_events.py", line 2060, in _run_once
    handle._run()
  File "C:\Users\AYESHA RAHMAN\murf-livekit-starter\backend\.uv-python\cpython-3.13-windows-x86_64-none\Lib\asyncio\events.py", line 89, in _run
    self._context.run(self._callback, *self._args)
  File "C:\Users\AYESHA RAHMAN\murf-livekit-starter\backend\.venv\Lib\site-packages\livekit\agents\stt\stt.py", line 384, in _metrics_monitor_task
    self._stt.emit("metrics_collected", stt_metrics)
  File "C:\Users\AYESHA RAHMAN\murf-livekit-starter\backend\.venv\Lib\site-packages\livekit\rtc\event_emitter.py", line 58, in emit
    callback(*callback_args)
  File "C:\Users\AYESHA RAHMAN\murf-livekit-starter\backend\.venv\Lib\site-packages\livekit\agents\voice\agent_activity.py", line 1162, in _on_metrics_collected
    self._session.emit("metrics_collected", MetricsCollectedEvent(metrics=ev))
  File "C:\Users\AYESHA RAHMAN\murf-livekit-starter\backend\.venv\Lib\site-packages\livekit\agents\voice\agent_session.py", line 428, in emit
    super().emit(event, arg)
  File "C:\Users\AYESHA RAHMAN\murf-livekit-starter\backend\.venv\Lib\site-packages\livekit\rtc\event_emitter.py", line 58, in emit
    callback(*callback_args)
  File "C:\Users\AYESHA RAHMAN\murf-livekit-starter\backend\src\agent.py", line 477, in on_metrics_collected
    logger.info(
  File "C:\Users\AYESHA RAHMAN\murf-livekit-starter\backend\.uv-python\cpython-3.13-windows-x86_64-none\Lib\logging\__init__.py", line 1520, in info
    self._log(INFO, msg, args, **kwargs)
  File "C:\Users\AYESHA RAHMAN\murf-livekit-starter\backend\.uv-python\cpython-3.13-windows-x86_64-none\Lib\logging\__init__.py", line 1665, in _log
    self.handle(record)
  File "C:\Users\AYESHA RAHMAN\murf-livekit-starter\backend\.uv-python\cpython-3.13-windows-x86_64-none\Lib\logging\__init__.py", line 1681, in handle
    self.callHandlers(record)
  File "C:\Users\AYESHA RAHMAN\murf-livekit-starter\backend\.uv-python\cpython-3.13-windows-x86_64-none\Lib\logging\__init__.py", line 1737, in callHandlers
    hdlr.handle(record)
  File "C:\Users\AYESHA RAHMAN\murf-livekit-starter\backend\.uv-python\cpython-3.13-windows-x86_64-none\Lib\logging\__init__.py", line 1027, in handle
    self.emit(record)
  File "C:\Users\AYESHA RAHMAN\murf-livekit-starter\backend\.venv\Lib\site-packages\livekit\agents\cli\cli.py", line 957, in emit
    self.handleError(record)
Message: '[DEBUG-%s] metrics=%s'
Arguments: ('STT', STTMetrics(type='stt_metrics', label='livekit.plugins.deepgram.stt.STT', request_id='01a00179-1c9d-7080-a4de-6af52a3d88f8', timestamp=1786731109.1074803, duration=0.0, audio_duration=4.99999999999999, streamed=True, metadata=Metadata(model_name='nova-3', model_provider='Deepgram')))
--- Logging error ---
Traceback (most recent call last):
  File "C:\Users\AYESHA RAHMAN\murf-livekit-starter\backend\.venv\Lib\site-packages\livekit\agents\cli\cli.py", line 944, in emit
    self.c.console.print(output)
    ~~~~~~~~~~~~~~~~~~~~^^^^^^^^
  File "C:\Users\AYESHA RAHMAN\murf-livekit-starter\backend\.venv\Lib\site-packages\rich\console.py", line 1697, in print
    with self:
         ^^^^
  File "C:\Users\AYESHA RAHMAN\murf-livekit-starter\backend\.venv\Lib\site-packages\rich\console.py", line 870, in __exit__
    self._exit_buffer()
    ~~~~~~~~~~~~~~~~~^^
  File "C:\Users\AYESHA RAHMAN\murf-livekit-starter\backend\.venv\Lib\site-packages\rich\console.py", line 826, in _exit_buffer
    self._check_buffer()
    ~~~~~~~~~~~~~~~~~~^^
  File "C:\Users\AYESHA RAHMAN\murf-livekit-starter\backend\.venv\Lib\site-packages\rich\console.py", line 2042, in _check_buffer
    self._write_buffer()
    ~~~~~~~~~~~~~~~~~~^^
  File "C:\Users\AYESHA RAHMAN\murf-livekit-starter\backend\.venv\Lib\site-packages\rich\console.py", line 2078, in _write_buffer
    legacy_windows_render(buffer, LegacyWindowsTerm(self.file))
    ~~~~~~~~~~~~~~~~~~~~~^^^^^^^^^^^^^^^^^^^^^^^^^^^^^^^^^^^^^^
  File "C:\Users\AYESHA RAHMAN\murf-livekit-starter\backend\.venv\Lib\site-packages\rich\_windows_renderer.py", line 17, in legacy_windows_render
    term.write_styled(text, style)
    ~~~~~~~~~~~~~~~~~^^^^^^^^^^^^^
  File "C:\Users\AYESHA RAHMAN\murf-livekit-starter\backend\.venv\Lib\site-packages\rich\_win32_console.py", line 441, in write_styled
    self.write_text(text)
    ~~~~~~~~~~~~~~~^^^^^^
  File "C:\Users\AYESHA RAHMAN\murf-livekit-starter\backend\.venv\Lib\site-packages\rich\_win32_console.py", line 402, in write_text
    self.write(text)
    ~~~~~~~~~~^^^^^^
  File "C:\Users\AYESHA RAHMAN\murf-livekit-starter\backend\.uv-python\cpython-3.13-windows-x86_64-none\Lib\encodings\cp1252.py", line 19, in encode
    return codecs.charmap_encode(input,self.errors,encoding_table)[0]
           ~~~~~~~~~~~~~~~~~~~~~^^^^^^^^^^^^^^^^^^^^^^^^^^^^^^^^^^
UnicodeEncodeError: 'charmap' codec can't encode character '\u20b9' in position 28: character maps to <undefined>
Call stack:
  File "C:\Users\AYESHA RAHMAN\murf-livekit-starter\backend\.uv-python\cpython-3.13-windows-x86_64-none\Lib\threading.py", line 1015, in _bootstrap
    self._bootstrap_inner()
  File "C:\Users\AYESHA RAHMAN\murf-livekit-starter\backend\.uv-python\cpython-3.13-windows-x86_64-none\Lib\threading.py", line 1044, in _bootstrap_inner
    self.run()
  File "C:\Users\AYESHA RAHMAN\murf-livekit-starter\backend\.uv-python\cpython-3.13-windows-x86_64-none\Lib\threading.py", line 995, in run
    self._target(*self._args, **self._kwargs)
  File "C:\Users\AYESHA RAHMAN\murf-livekit-starter\backend\.venv\Lib\site-packages\livekit\agents\ipc\job_proc_lazy_main.py", line 418, in thread_main
    client.run()
  File "C:\Users\AYESHA RAHMAN\murf-livekit-starter\backend\.venv\Lib\site-packages\livekit\agents\ipc\proc_client.py", line 70, in run
    loop.run_until_complete(self._task)
  File "C:\Users\AYESHA RAHMAN\murf-livekit-starter\backend\.uv-python\cpython-3.13-windows-x86_64-none\Lib\asyncio\base_events.py", line 712, in run_until_complete
    self.run_forever()
  File "C:\Users\AYESHA RAHMAN\murf-livekit-starter\backend\.uv-python\cpython-3.13-windows-x86_64-none\Lib\asyncio\base_events.py", line 683, in run_forever
    self._run_once()
  File "C:\Users\AYESHA RAHMAN\murf-livekit-starter\backend\.uv-python\cpython-3.13-windows-x86_64-none\Lib\asyncio\base_events.py", line 2060, in _run_once
    handle._run()
  File "C:\Users\AYESHA RAHMAN\murf-livekit-starter\backend\.uv-python\cpython-3.13-windows-x86_64-none\Lib\asyncio\events.py", line 89, in _run
    self._context.run(self._callback, *self._args)
  File "C:\Users\AYESHA RAHMAN\murf-livekit-starter\backend\.venv\Lib\site-packages\livekit\agents\stt\stt.py", line 384, in _metrics_monitor_task
    self._stt.emit("metrics_collected", stt_metrics)
  File "C:\Users\AYESHA RAHMAN\murf-livekit-starter\backend\.venv\Lib\site-packages\livekit\rtc\event_emitter.py", line 58, in emit
    callback(*callback_args)
  File "C:\Users\AYESHA RAHMAN\murf-livekit-starter\backend\.venv\Lib\site-packages\livekit\agents\voice\agent_activity.py", line 1162, in _on_metrics_collected
    self._session.emit("metrics_collected", MetricsCollectedEvent(metrics=ev))
  File "C:\Users\AYESHA RAHMAN\murf-livekit-starter\backend\.venv\Lib\site-packages\livekit\agents\voice\agent_session.py", line 428, in emit
    super().emit(event, arg)
  File "C:\Users\AYESHA RAHMAN\murf-livekit-starter\backend\.venv\Lib\site-packages\livekit\rtc\event_emitter.py", line 58, in emit
    callback(*callback_args)
  File "C:\Users\AYESHA RAHMAN\murf-livekit-starter\backend\src\agent.py", line 477, in on_metrics_collected
    logger.info(
  File "C:\Users\AYESHA RAHMAN\murf-livekit-starter\backend\.uv-python\cpython-3.13-windows-x86_64-none\Lib\logging\__init__.py", line 1520, in info
    self._log(INFO, msg, args, **kwargs)
  File "C:\Users\AYESHA RAHMAN\murf-livekit-starter\backend\.uv-python\cpython-3.13-windows-x86_64-none\Lib\logging\__init__.py", line 1665, in _log
    self.handle(record)
  File "C:\Users\AYESHA RAHMAN\murf-livekit-starter\backend\.uv-python\cpython-3.13-windows-x86_64-none\Lib\logging\__init__.py", line 1681, in handle
    self.callHandlers(record)
  File "C:\Users\AYESHA RAHMAN\murf-livekit-starter\backend\.uv-python\cpython-3.13-windows-x86_64-none\Lib\logging\__init__.py", line 1737, in callHandlers
    hdlr.handle(record)
  File "C:\Users\AYESHA RAHMAN\murf-livekit-starter\backend\.uv-python\cpython-3.13-windows-x86_64-none\Lib\logging\__init__.py", line 1027, in handle
    self.emit(record)
  File "C:\Users\AYESHA RAHMAN\murf-livekit-starter\backend\.venv\Lib\site-packages\livekit\agents\cli\cli.py", line 957, in emit
    self.handleError(record)
Message: '[DEBUG-%s] metrics=%s'
Arguments: ('STT', STTMetrics(type='stt_metrics', label='livekit.plugins.deepgram.stt.STT', request_id='01a00179-1c9d-7080-a4de-6af52a3d88f8', timestamp=1786731114.1658072, duration=0.0, audio_duration=5.04999999999999, streamed=True, metadata=Metadata(model_name='nova-3', model_provider='Deepgram')))
--- Logging error ---
Traceback (most recent call last):
  File "C:\Users\AYESHA RAHMAN\murf-livekit-starter\backend\.venv\Lib\site-packages\livekit\agents\cli\cli.py", line 944, in emit
    self.c.console.print(output)
    ~~~~~~~~~~~~~~~~~~~~^^^^^^^^
  File "C:\Users\AYESHA RAHMAN\murf-livekit-starter\backend\.venv\Lib\site-packages\rich\console.py", line 1697, in print
    with self:
         ^^^^
  File "C:\Users\AYESHA RAHMAN\murf-livekit-starter\backend\.venv\Lib\site-packages\rich\console.py", line 870, in __exit__
    self._exit_buffer()
    ~~~~~~~~~~~~~~~~~^^
  File "C:\Users\AYESHA RAHMAN\murf-livekit-starter\backend\.venv\Lib\site-packages\rich\console.py", line 826, in _exit_buffer
    self._check_buffer()
    ~~~~~~~~~~~~~~~~~~^^
  File "C:\Users\AYESHA RAHMAN\murf-livekit-starter\backend\.venv\Lib\site-packages\rich\console.py", line 2042, in _check_buffer
    self._write_buffer()
    ~~~~~~~~~~~~~~~~~~^^
  File "C:\Users\AYESHA RAHMAN\murf-livekit-starter\backend\.venv\Lib\site-packages\rich\console.py", line 2078, in _write_buffer
    legacy_windows_render(buffer, LegacyWindowsTerm(self.file))
    ~~~~~~~~~~~~~~~~~~~~~^^^^^^^^^^^^^^^^^^^^^^^^^^^^^^^^^^^^^^
  File "C:\Users\AYESHA RAHMAN\murf-livekit-starter\backend\.venv\Lib\site-packages\rich\_windows_renderer.py", line 17, in legacy_windows_render
    term.write_styled(text, style)
    ~~~~~~~~~~~~~~~~~^^^^^^^^^^^^^
  File "C:\Users\AYESHA RAHMAN\murf-livekit-starter\backend\.venv\Lib\site-packages\rich\_win32_console.py", line 441, in write_styled
    self.write_text(text)
    ~~~~~~~~~~~~~~~^^^^^^
  File "C:\Users\AYESHA RAHMAN\murf-livekit-starter\backend\.venv\Lib\site-packages\rich\_win32_console.py", line 402, in write_text
    self.write(text)
    ~~~~~~~~~~^^^^^^
  File "C:\Users\AYESHA RAHMAN\murf-livekit-starter\backend\.uv-python\cpython-3.13-windows-x86_64-none\Lib\encodings\cp1252.py", line 19, in encode
    return codecs.charmap_encode(input,self.errors,encoding_table)[0]
           ~~~~~~~~~~~~~~~~~~~~~^^^^^^^^^^^^^^^^^^^^^^^^^^^^^^^^^^
UnicodeEncodeError: 'charmap' codec can't encode character '\u20b9' in position 28: character maps to <undefined>
Call stack:
  File "C:\Users\AYESHA RAHMAN\murf-livekit-starter\backend\.uv-python\cpython-3.13-windows-x86_64-none\Lib\threading.py", line 1015, in _bootstrap
    self._bootstrap_inner()
  File "C:\Users\AYESHA RAHMAN\murf-livekit-starter\backend\.uv-python\cpython-3.13-windows-x86_64-none\Lib\threading.py", line 1044, in _bootstrap_inner
    self.run()
  File "C:\Users\AYESHA RAHMAN\murf-livekit-starter\backend\.uv-python\cpython-3.13-windows-x86_64-none\Lib\threading.py", line 995, in run
    self._target(*self._args, **self._kwargs)
  File "C:\Users\AYESHA RAHMAN\murf-livekit-starter\backend\.venv\Lib\site-packages\livekit\agents\ipc\job_proc_lazy_main.py", line 418, in thread_main
    client.run()
  File "C:\Users\AYESHA RAHMAN\murf-livekit-starter\backend\.venv\Lib\site-packages\livekit\agents\ipc\proc_client.py", line 70, in run
    loop.run_until_complete(self._task)
  File "C:\Users\AYESHA RAHMAN\murf-livekit-starter\backend\.uv-python\cpython-3.13-windows-x86_64-none\Lib\asyncio\base_events.py", line 712, in run_until_complete
    self.run_forever()
  File "C:\Users\AYESHA RAHMAN\murf-livekit-starter\backend\.uv-python\cpython-3.13-windows-x86_64-none\Lib\asyncio\base_events.py", line 683, in run_forever
    self._run_once()
  File "C:\Users\AYESHA RAHMAN\murf-livekit-starter\backend\.uv-python\cpython-3.13-windows-x86_64-none\Lib\asyncio\base_events.py", line 2060, in _run_once
    handle._run()
  File "C:\Users\AYESHA RAHMAN\murf-livekit-starter\backend\.uv-python\cpython-3.13-windows-x86_64-none\Lib\asyncio\events.py", line 89, in _run
    self._context.run(self._callback, *self._args)
  File "C:\Users\AYESHA RAHMAN\murf-livekit-starter\backend\.venv\Lib\site-packages\livekit\rtc\room.py", line 615, in _listen_task
    self._on_room_event(event.room_event)
  File "C:\Users\AYESHA RAHMAN\murf-livekit-starter\backend\.venv\Lib\site-packages\livekit\rtc\room.py", line 659, in _on_room_event
    self.emit("participant_disconnected", rparticipant)
  File "C:\Users\AYESHA RAHMAN\murf-livekit-starter\backend\.venv\Lib\site-packages\livekit\rtc\event_emitter.py", line 58, in emit
    callback(*callback_args)
  File "C:\Users\AYESHA RAHMAN\murf-livekit-starter\backend\.venv\Lib\site-packages\livekit\agents\voice\room_io\room_io.py", line 388, in _on_participant_disconnected
    logger.info(
  File "C:\Users\AYESHA RAHMAN\murf-livekit-starter\backend\.uv-python\cpython-3.13-windows-x86_64-none\Lib\logging\__init__.py", line 1520, in info
    self._log(INFO, msg, args, **kwargs)
  File "C:\Users\AYESHA RAHMAN\murf-livekit-starter\backend\.uv-python\cpython-3.13-windows-x86_64-none\Lib\logging\__init__.py", line 1665, in _log
    self.handle(record)
  File "C:\Users\AYESHA RAHMAN\murf-livekit-starter\backend\.uv-python\cpython-3.13-windows-x86_64-none\Lib\logging\__init__.py", line 1681, in handle
    self.callHandlers(record)
  File "C:\Users\AYESHA RAHMAN\murf-livekit-starter\backend\.uv-python\cpython-3.13-windows-x86_64-none\Lib\logging\__init__.py", line 1737, in callHandlers
    hdlr.handle(record)
  File "C:\Users\AYESHA RAHMAN\murf-livekit-starter\backend\.uv-python\cpython-3.13-windows-x86_64-none\Lib\logging\__init__.py", line 1027, in handle
    self.emit(record)
  File "C:\Users\AYESHA RAHMAN\murf-livekit-starter\backend\.venv\Lib\site-packages\livekit\agents\cli\cli.py", line 957, in emit
    self.handleError(record)
Message: 'closing agent session due to participant disconnect (disable via `RoomInputOptions.close_on_disconnect=False`)'
Arguments: ()
--- Logging error ---
Traceback (most recent call last):
  File "C:\Users\AYESHA RAHMAN\murf-livekit-starter\backend\.venv\Lib\site-packages\livekit\agents\cli\cli.py", line 944, in emit
    self.c.console.print(output)
    ~~~~~~~~~~~~~~~~~~~~^^^^^^^^
  File "C:\Users\AYESHA RAHMAN\murf-livekit-starter\backend\.venv\Lib\site-packages\rich\console.py", line 1697, in print
    with self:
         ^^^^
  File "C:\Users\AYESHA RAHMAN\murf-livekit-starter\backend\.venv\Lib\site-packages\rich\console.py", line 870, in __exit__
    self._exit_buffer()
    ~~~~~~~~~~~~~~~~~^^
  File "C:\Users\AYESHA RAHMAN\murf-livekit-starter\backend\.venv\Lib\site-packages\rich\console.py", line 826, in _exit_buffer
    self._check_buffer()
    ~~~~~~~~~~~~~~~~~~^^
  File "C:\Users\AYESHA RAHMAN\murf-livekit-starter\backend\.venv\Lib\site-packages\rich\console.py", line 2042, in _check_buffer
    self._write_buffer()
    ~~~~~~~~~~~~~~~~~~^^
  File "C:\Users\AYESHA RAHMAN\murf-livekit-starter\backend\.venv\Lib\site-packages\rich\console.py", line 2078, in _write_buffer
    legacy_windows_render(buffer, LegacyWindowsTerm(self.file))
    ~~~~~~~~~~~~~~~~~~~~~^^^^^^^^^^^^^^^^^^^^^^^^^^^^^^^^^^^^^^
  File "C:\Users\AYESHA RAHMAN\murf-livekit-starter\backend\.venv\Lib\site-packages\rich\_windows_renderer.py", line 17, in legacy_windows_render
    term.write_styled(text, style)
    ~~~~~~~~~~~~~~~~~^^^^^^^^^^^^^
  File "C:\Users\AYESHA RAHMAN\murf-livekit-starter\backend\.venv\Lib\site-packages\rich\_win32_console.py", line 441, in write_styled
    self.write_text(text)
    ~~~~~~~~~~~~~~~^^^^^^
  File "C:\Users\AYESHA RAHMAN\murf-livekit-starter\backend\.venv\Lib\site-packages\rich\_win32_console.py", line 402, in write_text
    self.write(text)
    ~~~~~~~~~~^^^^^^
  File "C:\Users\AYESHA RAHMAN\murf-livekit-starter\backend\.uv-python\cpython-3.13-windows-x86_64-none\Lib\encodings\cp1252.py", line 19, in encode
    return codecs.charmap_encode(input,self.errors,encoding_table)[0]
           ~~~~~~~~~~~~~~~~~~~~~^^^^^^^^^^^^^^^^^^^^^^^^^^^^^^^^^^
UnicodeEncodeError: 'charmap' codec can't encode character '\u20b9' in position 28: character maps to <undefined>
Call stack:
  File "C:\Users\AYESHA RAHMAN\murf-livekit-starter\backend\.uv-python\cpython-3.13-windows-x86_64-none\Lib\threading.py", line 1015, in _bootstrap
    self._bootstrap_inner()
  File "C:\Users\AYESHA RAHMAN\murf-livekit-starter\backend\.uv-python\cpython-3.13-windows-x86_64-none\Lib\threading.py", line 1044, in _bootstrap_inner
    self.run()
  File "C:\Users\AYESHA RAHMAN\murf-livekit-starter\backend\.uv-python\cpython-3.13-windows-x86_64-none\Lib\threading.py", line 995, in run
    self._target(*self._args, **self._kwargs)
  File "C:\Users\AYESHA RAHMAN\murf-livekit-starter\backend\.venv\Lib\site-packages\livekit\agents\ipc\job_proc_lazy_main.py", line 418, in thread_main
    client.run()
  File "C:\Users\AYESHA RAHMAN\murf-livekit-starter\backend\.venv\Lib\site-packages\livekit\agents\ipc\proc_client.py", line 70, in run
    loop.run_until_complete(self._task)
  File "C:\Users\AYESHA RAHMAN\murf-livekit-starter\backend\.uv-python\cpython-3.13-windows-x86_64-none\Lib\asyncio\base_events.py", line 712, in run_until_complete
    self.run_forever()
  File "C:\Users\AYESHA RAHMAN\murf-livekit-starter\backend\.uv-python\cpython-3.13-windows-x86_64-none\Lib\asyncio\base_events.py", line 683, in run_forever
    self._run_once()
  File "C:\Users\AYESHA RAHMAN\murf-livekit-starter\backend\.uv-python\cpython-3.13-windows-x86_64-none\Lib\asyncio\base_events.py", line 2060, in _run_once
    handle._run()
  File "C:\Users\AYESHA RAHMAN\murf-livekit-starter\backend\.uv-python\cpython-3.13-windows-x86_64-none\Lib\asyncio\events.py", line 89, in _run
    self._context.run(self._callback, *self._args)
  File "C:\Users\AYESHA RAHMAN\murf-livekit-starter\backend\.venv\Lib\site-packages\livekit\agents\voice\room_io\_input.py", line 326, in _forward_task
    await super()._forward_task(old_task, stream, publication, participant)
  File "C:\Users\AYESHA RAHMAN\murf-livekit-starter\backend\.venv\Lib\site-packages\livekit\agents\utils\log.py", line 17, in async_fn_logs
    return await fn(*args, **kwargs)
  File "C:\Users\AYESHA RAHMAN\murf-livekit-starter\backend\.venv\Lib\site-packages\livekit\agents\voice\room_io\_input.py", line 154, in _forward_task
    logger.debug("stream closed", extra=extra)
  File "C:\Users\AYESHA RAHMAN\murf-livekit-starter\backend\.uv-python\cpython-3.13-windows-x86_64-none\Lib\logging\__init__.py", line 1508, in debug
    self._log(DEBUG, msg, args, **kwargs)
  File "C:\Users\AYESHA RAHMAN\murf-livekit-starter\backend\.uv-python\cpython-3.13-windows-x86_64-none\Lib\logging\__init__.py", line 1665, in _log
    self.handle(record)
  File "C:\Users\AYESHA RAHMAN\murf-livekit-starter\backend\.uv-python\cpython-3.13-windows-x86_64-none\Lib\logging\__init__.py", line 1681, in handle
    self.callHandlers(record)
  File "C:\Users\AYESHA RAHMAN\murf-livekit-starter\backend\.uv-python\cpython-3.13-windows-x86_64-none\Lib\logging\__init__.py", line 1737, in callHandlers
    hdlr.handle(record)
  File "C:\Users\AYESHA RAHMAN\murf-livekit-starter\backend\.uv-python\cpython-3.13-windows-x86_64-none\Lib\logging\__init__.py", line 1027, in handle
    self.emit(record)
  File "C:\Users\AYESHA RAHMAN\murf-livekit-starter\backend\.venv\Lib\site-packages\livekit\agents\cli\cli.py", line 957, in emit
    self.handleError(record)
Message: 'stream closed'
Arguments: ()
--- Logging error ---
Traceback (most recent call last):
  File "C:\Users\AYESHA RAHMAN\murf-livekit-starter\backend\.venv\Lib\site-packages\livekit\agents\cli\cli.py", line 944, in emit
    self.c.console.print(output)
    ~~~~~~~~~~~~~~~~~~~~^^^^^^^^
  File "C:\Users\AYESHA RAHMAN\murf-livekit-starter\backend\.venv\Lib\site-packages\rich\console.py", line 1697, in print
    with self:
         ^^^^
  File "C:\Users\AYESHA RAHMAN\murf-livekit-starter\backend\.venv\Lib\site-packages\rich\console.py", line 870, in __exit__
    self._exit_buffer()
    ~~~~~~~~~~~~~~~~~^^
  File "C:\Users\AYESHA RAHMAN\murf-livekit-starter\backend\.venv\Lib\site-packages\rich\console.py", line 826, in _exit_buffer
    self._check_buffer()
    ~~~~~~~~~~~~~~~~~~^^
  File "C:\Users\AYESHA RAHMAN\murf-livekit-starter\backend\.venv\Lib\site-packages\rich\console.py", line 2042, in _check_buffer
    self._write_buffer()
    ~~~~~~~~~~~~~~~~~~^^
  File "C:\Users\AYESHA RAHMAN\murf-livekit-starter\backend\.venv\Lib\site-packages\rich\console.py", line 2078, in _write_buffer
    legacy_windows_render(buffer, LegacyWindowsTerm(self.file))
    ~~~~~~~~~~~~~~~~~~~~~^^^^^^^^^^^^^^^^^^^^^^^^^^^^^^^^^^^^^^
  File "C:\Users\AYESHA RAHMAN\murf-livekit-starter\backend\.venv\Lib\site-packages\rich\_windows_renderer.py", line 17, in legacy_windows_render
    term.write_styled(text, style)
    ~~~~~~~~~~~~~~~~~^^^^^^^^^^^^^
  File "C:\Users\AYESHA RAHMAN\murf-livekit-starter\backend\.venv\Lib\site-packages\rich\_win32_console.py", line 441, in write_styled
    self.write_text(text)
    ~~~~~~~~~~~~~~~^^^^^^
  File "C:\Users\AYESHA RAHMAN\murf-livekit-starter\backend\.venv\Lib\site-packages\rich\_win32_console.py", line 402, in write_text
    self.write(text)
    ~~~~~~~~~~^^^^^^
  File "C:\Users\AYESHA RAHMAN\murf-livekit-starter\backend\.uv-python\cpython-3.13-windows-x86_64-none\Lib\encodings\cp1252.py", line 19, in encode
    return codecs.charmap_encode(input,self.errors,encoding_table)[0]
           ~~~~~~~~~~~~~~~~~~~~~^^^^^^^^^^^^^^^^^^^^^^^^^^^^^^^^^^
UnicodeEncodeError: 'charmap' codec can't encode character '\u20b9' in position 28: character maps to <undefined>
Call stack:
  File "C:\Users\AYESHA RAHMAN\murf-livekit-starter\backend\.uv-python\cpython-3.13-windows-x86_64-none\Lib\threading.py", line 1015, in _bootstrap
    self._bootstrap_inner()
  File "C:\Users\AYESHA RAHMAN\murf-livekit-starter\backend\.uv-python\cpython-3.13-windows-x86_64-none\Lib\threading.py", line 1044, in _bootstrap_inner
    self.run()
  File "C:\Users\AYESHA RAHMAN\murf-livekit-starter\backend\.uv-python\cpython-3.13-windows-x86_64-none\Lib\threading.py", line 995, in run
    self._target(*self._args, **self._kwargs)
  File "C:\Users\AYESHA RAHMAN\murf-livekit-starter\backend\.venv\Lib\site-packages\livekit\agents\ipc\job_proc_lazy_main.py", line 418, in thread_main
    client.run()
  File "C:\Users\AYESHA RAHMAN\murf-livekit-starter\backend\.venv\Lib\site-packages\livekit\agents\ipc\proc_client.py", line 70, in run
    loop.run_until_complete(self._task)
  File "C:\Users\AYESHA RAHMAN\murf-livekit-starter\backend\.uv-python\cpython-3.13-windows-x86_64-none\Lib\asyncio\base_events.py", line 712, in run_until_complete
    self.run_forever()
  File "C:\Users\AYESHA RAHMAN\murf-livekit-starter\backend\.uv-python\cpython-3.13-windows-x86_64-none\Lib\asyncio\base_events.py", line 683, in run_forever
    self._run_once()
  File "C:\Users\AYESHA RAHMAN\murf-livekit-starter\backend\.uv-python\cpython-3.13-windows-x86_64-none\Lib\asyncio\base_events.py", line 2060, in _run_once
    handle._run()
  File "C:\Users\AYESHA RAHMAN\murf-livekit-starter\backend\.uv-python\cpython-3.13-windows-x86_64-none\Lib\asyncio\events.py", line 89, in _run
    self._context.run(self._callback, *self._args)
  File "C:\Users\AYESHA RAHMAN\murf-livekit-starter\backend\.venv\Lib\site-packages\livekit\agents\utils\log.py", line 17, in async_fn_logs
    return await fn(*args, **kwargs)
  File "C:\Users\AYESHA RAHMAN\murf-livekit-starter\backend\.venv\Lib\site-packages\livekit\agents\voice\agent_session.py", line 879, in _aclose_impl
    self.input.audio = None
  File "C:\Users\AYESHA RAHMAN\murf-livekit-starter\backend\.venv\Lib\site-packages\livekit\agents\voice\io.py", line 429, in audio
    self._audio_stream.on_detached()
  File "C:\Users\AYESHA RAHMAN\murf-livekit-starter\backend\.venv\Lib\site-packages\livekit\agents\voice\room_io\_input.py", line 83, in on_detached
    logger.debug(
  File "C:\Users\AYESHA RAHMAN\murf-livekit-starter\backend\.uv-python\cpython-3.13-windows-x86_64-none\Lib\logging\__init__.py", line 1508, in debug
    self._log(DEBUG, msg, args, **kwargs)
  File "C:\Users\AYESHA RAHMAN\murf-livekit-starter\backend\.uv-python\cpython-3.13-windows-x86_64-none\Lib\logging\__init__.py", line 1665, in _log
    self.handle(record)
  File "C:\Users\AYESHA RAHMAN\murf-livekit-starter\backend\.uv-python\cpython-3.13-windows-x86_64-none\Lib\logging\__init__.py", line 1681, in handle
    self.callHandlers(record)
  File "C:\Users\AYESHA RAHMAN\murf-livekit-starter\backend\.uv-python\cpython-3.13-windows-x86_64-none\Lib\logging\__init__.py", line 1737, in callHandlers
    hdlr.handle(record)
  File "C:\Users\AYESHA RAHMAN\murf-livekit-starter\backend\.uv-python\cpython-3.13-windows-x86_64-none\Lib\logging\__init__.py", line 1027, in handle
    self.emit(record)
  File "C:\Users\AYESHA RAHMAN\murf-livekit-starter\backend\.venv\Lib\site-packages\livekit\agents\cli\cli.py", line 957, in emit
    self.handleError(record)
Message: 'input stream detached'
Arguments: ()
--- Logging error ---
Traceback (most recent call last):
  File "C:\Users\AYESHA RAHMAN\murf-livekit-starter\backend\.venv\Lib\site-packages\livekit\agents\cli\cli.py", line 944, in emit
    self.c.console.print(output)
    ~~~~~~~~~~~~~~~~~~~~^^^^^^^^
  File "C:\Users\AYESHA RAHMAN\murf-livekit-starter\backend\.venv\Lib\site-packages\rich\console.py", line 1697, in print
    with self:
         ^^^^
  File "C:\Users\AYESHA RAHMAN\murf-livekit-starter\backend\.venv\Lib\site-packages\rich\console.py", line 870, in __exit__
    self._exit_buffer()
    ~~~~~~~~~~~~~~~~~^^
  File "C:\Users\AYESHA RAHMAN\murf-livekit-starter\backend\.venv\Lib\site-packages\rich\console.py", line 826, in _exit_buffer
    self._check_buffer()
    ~~~~~~~~~~~~~~~~~~^^
  File "C:\Users\AYESHA RAHMAN\murf-livekit-starter\backend\.venv\Lib\site-packages\rich\console.py", line 2042, in _check_buffer
    self._write_buffer()
    ~~~~~~~~~~~~~~~~~~^^
  File "C:\Users\AYESHA RAHMAN\murf-livekit-starter\backend\.venv\Lib\site-packages\rich\console.py", line 2078, in _write_buffer
    legacy_windows_render(buffer, LegacyWindowsTerm(self.file))
    ~~~~~~~~~~~~~~~~~~~~~^^^^^^^^^^^^^^^^^^^^^^^^^^^^^^^^^^^^^^
  File "C:\Users\AYESHA RAHMAN\murf-livekit-starter\backend\.venv\Lib\site-packages\rich\_windows_renderer.py", line 17, in legacy_windows_render
    term.write_styled(text, style)
    ~~~~~~~~~~~~~~~~~^^^^^^^^^^^^^
  File "C:\Users\AYESHA RAHMAN\murf-livekit-starter\backend\.venv\Lib\site-packages\rich\_win32_console.py", line 441, in write_styled
    self.write_text(text)
    ~~~~~~~~~~~~~~~^^^^^^
  File "C:\Users\AYESHA RAHMAN\murf-livekit-starter\backend\.venv\Lib\site-packages\rich\_win32_console.py", line 402, in write_text
    self.write(text)
    ~~~~~~~~~~^^^^^^
  File "C:\Users\AYESHA RAHMAN\murf-livekit-starter\backend\.uv-python\cpython-3.13-windows-x86_64-none\Lib\encodings\cp1252.py", line 19, in encode
    return codecs.charmap_encode(input,self.errors,encoding_table)[0]
           ~~~~~~~~~~~~~~~~~~~~~^^^^^^^^^^^^^^^^^^^^^^^^^^^^^^^^^^
UnicodeEncodeError: 'charmap' codec can't encode character '\u20b9' in position 28: character maps to <undefined>
Call stack:
  File "C:\Users\AYESHA RAHMAN\murf-livekit-starter\backend\.uv-python\cpython-3.13-windows-x86_64-none\Lib\threading.py", line 1015, in _bootstrap
    self._bootstrap_inner()
  File "C:\Users\AYESHA RAHMAN\murf-livekit-starter\backend\.uv-python\cpython-3.13-windows-x86_64-none\Lib\threading.py", line 1044, in _bootstrap_inner
    self.run()
  File "C:\Users\AYESHA RAHMAN\murf-livekit-starter\backend\.uv-python\cpython-3.13-windows-x86_64-none\Lib\threading.py", line 995, in run
    self._target(*self._args, **self._kwargs)
  File "C:\Users\AYESHA RAHMAN\murf-livekit-starter\backend\.venv\Lib\site-packages\livekit\agents\ipc\job_proc_lazy_main.py", line 418, in thread_main
    client.run()
  File "C:\Users\AYESHA RAHMAN\murf-livekit-starter\backend\.venv\Lib\site-packages\livekit\agents\ipc\proc_client.py", line 70, in run
    loop.run_until_complete(self._task)
  File "C:\Users\AYESHA RAHMAN\murf-livekit-starter\backend\.uv-python\cpython-3.13-windows-x86_64-none\Lib\asyncio\base_events.py", line 712, in run_until_complete
    self.run_forever()
  File "C:\Users\AYESHA RAHMAN\murf-livekit-starter\backend\.uv-python\cpython-3.13-windows-x86_64-none\Lib\asyncio\base_events.py", line 683, in run_forever
    self._run_once()
  File "C:\Users\AYESHA RAHMAN\murf-livekit-starter\backend\.uv-python\cpython-3.13-windows-x86_64-none\Lib\asyncio\base_events.py", line 2060, in _run_once
    handle._run()
  File "C:\Users\AYESHA RAHMAN\murf-livekit-starter\backend\.uv-python\cpython-3.13-windows-x86_64-none\Lib\asyncio\events.py", line 89, in _run
    self._context.run(self._callback, *self._args)
  File "C:\Users\AYESHA RAHMAN\murf-livekit-starter\backend\.venv\Lib\site-packages\livekit\agents\utils\log.py", line 17, in async_fn_logs
    return await fn(*args, **kwargs)
  File "C:\Users\AYESHA RAHMAN\murf-livekit-starter\backend\.venv\Lib\site-packages\livekit\agents\voice\agent_session.py", line 936, in _aclose_impl
    logger.debug("session closed", extra={"reason": reason.value, "error": error})
  File "C:\Users\AYESHA RAHMAN\murf-livekit-starter\backend\.uv-python\cpython-3.13-windows-x86_64-none\Lib\logging\__init__.py", line 1508, in debug
    self._log(DEBUG, msg, args, **kwargs)
  File "C:\Users\AYESHA RAHMAN\murf-livekit-starter\backend\.uv-python\cpython-3.13-windows-x86_64-none\Lib\logging\__init__.py", line 1665, in _log
    self.handle(record)
  File "C:\Users\AYESHA RAHMAN\murf-livekit-starter\backend\.uv-python\cpython-3.13-windows-x86_64-none\Lib\logging\__init__.py", line 1681, in handle
    self.callHandlers(record)
  File "C:\Users\AYESHA RAHMAN\murf-livekit-starter\backend\.uv-python\cpython-3.13-windows-x86_64-none\Lib\logging\__init__.py", line 1737, in callHandlers
    hdlr.handle(record)
  File "C:\Users\AYESHA RAHMAN\murf-livekit-starter\backend\.uv-python\cpython-3.13-windows-x86_64-none\Lib\logging\__init__.py", line 1027, in handle
    self.emit(record)
  File "C:\Users\AYESHA RAHMAN\murf-livekit-starter\backend\.venv\Lib\site-packages\livekit\agents\cli\cli.py", line 957, in emit
    self.handleError(record)
Message: 'session closed'
Arguments: ()
--- Logging error ---
Traceback (most recent call last):
  File "C:\Users\AYESHA RAHMAN\murf-livekit-starter\backend\.venv\Lib\site-packages\livekit\agents\cli\cli.py", line 944, in emit
    self.c.console.print(output)
    ~~~~~~~~~~~~~~~~~~~~^^^^^^^^
  File "C:\Users\AYESHA RAHMAN\murf-livekit-starter\backend\.venv\Lib\site-packages\rich\console.py", line 1697, in print
    with self:
         ^^^^
  File "C:\Users\AYESHA RAHMAN\murf-livekit-starter\backend\.venv\Lib\site-packages\rich\console.py", line 870, in __exit__
    self._exit_buffer()
    ~~~~~~~~~~~~~~~~~^^
  File "C:\Users\AYESHA RAHMAN\murf-livekit-starter\backend\.venv\Lib\site-packages\rich\console.py", line 826, in _exit_buffer
    self._check_buffer()
    ~~~~~~~~~~~~~~~~~~^^
  File "C:\Users\AYESHA RAHMAN\murf-livekit-starter\backend\.venv\Lib\site-packages\rich\console.py", line 2042, in _check_buffer
    self._write_buffer()
    ~~~~~~~~~~~~~~~~~~^^
  File "C:\Users\AYESHA RAHMAN\murf-livekit-starter\backend\.venv\Lib\site-packages\rich\console.py", line 2078, in _write_buffer
    legacy_windows_render(buffer, LegacyWindowsTerm(self.file))
    ~~~~~~~~~~~~~~~~~~~~~^^^^^^^^^^^^^^^^^^^^^^^^^^^^^^^^^^^^^^
  File "C:\Users\AYESHA RAHMAN\murf-livekit-starter\backend\.venv\Lib\site-packages\rich\_windows_renderer.py", line 17, in legacy_windows_render
    term.write_styled(text, style)
    ~~~~~~~~~~~~~~~~~^^^^^^^^^^^^^
  File "C:\Users\AYESHA RAHMAN\murf-livekit-starter\backend\.venv\Lib\site-packages\rich\_win32_console.py", line 441, in write_styled
    self.write_text(text)
    ~~~~~~~~~~~~~~~^^^^^^
  File "C:\Users\AYESHA RAHMAN\murf-livekit-starter\backend\.venv\Lib\site-packages\rich\_win32_console.py", line 402, in write_text
    self.write(text)
    ~~~~~~~~~~^^^^^^
  File "C:\Users\AYESHA RAHMAN\murf-livekit-starter\backend\.uv-python\cpython-3.13-windows-x86_64-none\Lib\encodings\cp1252.py", line 19, in encode
    return codecs.charmap_encode(input,self.errors,encoding_table)[0]
           ~~~~~~~~~~~~~~~~~~~~~^^^^^^^^^^^^^^^^^^^^^^^^^^^^^^^^^^
UnicodeEncodeError: 'charmap' codec can't encode character '\u20b9' in position 28: character maps to <undefined>
Call stack:
  File "C:\Users\AYESHA RAHMAN\murf-livekit-starter\backend\.uv-python\cpython-3.13-windows-x86_64-none\Lib\threading.py", line 1015, in _bootstrap
    self._bootstrap_inner()
  File "C:\Users\AYESHA RAHMAN\murf-livekit-starter\backend\.uv-python\cpython-3.13-windows-x86_64-none\Lib\threading.py", line 1044, in _bootstrap_inner
    self.run()
  File "C:\Users\AYESHA RAHMAN\murf-livekit-starter\backend\.uv-python\cpython-3.13-windows-x86_64-none\Lib\threading.py", line 995, in run
    self._target(*self._args, **self._kwargs)
  File "C:\Users\AYESHA RAHMAN\murf-livekit-starter\backend\.venv\Lib\site-packages\livekit\agents\ipc\job_proc_lazy_main.py", line 418, in thread_main
    client.run()
  File "C:\Users\AYESHA RAHMAN\murf-livekit-starter\backend\.venv\Lib\site-packages\livekit\agents\ipc\proc_client.py", line 70, in run
    loop.run_until_complete(self._task)
  File "C:\Users\AYESHA RAHMAN\murf-livekit-starter\backend\.uv-python\cpython-3.13-windows-x86_64-none\Lib\asyncio\base_events.py", line 712, in run_until_complete
    self.run_forever()
  File "C:\Users\AYESHA RAHMAN\murf-livekit-starter\backend\.uv-python\cpython-3.13-windows-x86_64-none\Lib\asyncio\base_events.py", line 683, in run_forever
    self._run_once()
  File "C:\Users\AYESHA RAHMAN\murf-livekit-starter\backend\.uv-python\cpython-3.13-windows-x86_64-none\Lib\asyncio\base_events.py", line 2060, in _run_once
    handle._run()
  File "C:\Users\AYESHA RAHMAN\murf-livekit-starter\backend\.uv-python\cpython-3.13-windows-x86_64-none\Lib\asyncio\events.py", line 89, in _run
    self._context.run(self._callback, *self._args)
  File "C:\Users\AYESHA RAHMAN\murf-livekit-starter\backend\.venv\Lib\site-packages\livekit\agents\utils\log.py", line 17, in async_fn_logs
    return await fn(*args, **kwargs)
  File "C:\Users\AYESHA RAHMAN\murf-livekit-starter\backend\.venv\Lib\site-packages\livekit\agents\ipc\job_proc_lazy_main.py", line 363, in _run_job_task
    logger.debug(
  File "C:\Users\AYESHA RAHMAN\murf-livekit-starter\backend\.uv-python\cpython-3.13-windows-x86_64-none\Lib\logging\__init__.py", line 1508, in debug
    self._log(DEBUG, msg, args, **kwargs)
  File "C:\Users\AYESHA RAHMAN\murf-livekit-starter\backend\.uv-python\cpython-3.13-windows-x86_64-none\Lib\logging\__init__.py", line 1665, in _log
    self.handle(record)
  File "C:\Users\AYESHA RAHMAN\murf-livekit-starter\backend\.uv-python\cpython-3.13-windows-x86_64-none\Lib\logging\__init__.py", line 1681, in handle
    self.callHandlers(record)
  File "C:\Users\AYESHA RAHMAN\murf-livekit-starter\backend\.uv-python\cpython-3.13-windows-x86_64-none\Lib\logging\__init__.py", line 1737, in callHandlers
    hdlr.handle(record)
  File "C:\Users\AYESHA RAHMAN\murf-livekit-starter\backend\.uv-python\cpython-3.13-windows-x86_64-none\Lib\logging\__init__.py", line 1027, in handle
    self.emit(record)
  File "C:\Users\AYESHA RAHMAN\murf-livekit-starter\backend\.venv\Lib\site-packages\livekit\agents\cli\cli.py", line 957, in emit
    self.handleError(record)
Message: 'shutting down job task'
Arguments: ()
--- Logging error ---
Traceback (most recent call last):
  File "C:\Users\AYESHA RAHMAN\murf-livekit-starter\backend\.venv\Lib\site-packages\livekit\agents\cli\cli.py", line 944, in emit
    self.c.console.print(output)
    ~~~~~~~~~~~~~~~~~~~~^^^^^^^^
  File "C:\Users\AYESHA RAHMAN\murf-livekit-starter\backend\.venv\Lib\site-packages\rich\console.py", line 1697, in print
    with self:
         ^^^^
  File "C:\Users\AYESHA RAHMAN\murf-livekit-starter\backend\.venv\Lib\site-packages\rich\console.py", line 870, in __exit__
    self._exit_buffer()
    ~~~~~~~~~~~~~~~~~^^
  File "C:\Users\AYESHA RAHMAN\murf-livekit-starter\backend\.venv\Lib\site-packages\rich\console.py", line 826, in _exit_buffer
    self._check_buffer()
    ~~~~~~~~~~~~~~~~~~^^
  File "C:\Users\AYESHA RAHMAN\murf-livekit-starter\backend\.venv\Lib\site-packages\rich\console.py", line 2042, in _check_buffer
    self._write_buffer()
    ~~~~~~~~~~~~~~~~~~^^
  File "C:\Users\AYESHA RAHMAN\murf-livekit-starter\backend\.venv\Lib\site-packages\rich\console.py", line 2078, in _write_buffer
    legacy_windows_render(buffer, LegacyWindowsTerm(self.file))
    ~~~~~~~~~~~~~~~~~~~~~^^^^^^^^^^^^^^^^^^^^^^^^^^^^^^^^^^^^^^
  File "C:\Users\AYESHA RAHMAN\murf-livekit-starter\backend\.venv\Lib\site-packages\rich\_windows_renderer.py", line 17, in legacy_windows_render
    term.write_styled(text, style)
    ~~~~~~~~~~~~~~~~~^^^^^^^^^^^^^
  File "C:\Users\AYESHA RAHMAN\murf-livekit-starter\backend\.venv\Lib\site-packages\rich\_win32_console.py", line 441, in write_styled
    self.write_text(text)
    ~~~~~~~~~~~~~~~^^^^^^
  File "C:\Users\AYESHA RAHMAN\murf-livekit-starter\backend\.venv\Lib\site-packages\rich\_win32_console.py", line 402, in write_text
    self.write(text)
    ~~~~~~~~~~^^^^^^
  File "C:\Users\AYESHA RAHMAN\murf-livekit-starter\backend\.uv-python\cpython-3.13-windows-x86_64-none\Lib\encodings\cp1252.py", line 19, in encode
    return codecs.charmap_encode(input,self.errors,encoding_table)[0]
           ~~~~~~~~~~~~~~~~~~~~~^^^^^^^^^^^^^^^^^^^^^^^^^^^^^^^^^^
UnicodeEncodeError: 'charmap' codec can't encode character '\u20b9' in position 28: character maps to <undefined>
Call stack:
  File "C:\Users\AYESHA RAHMAN\murf-livekit-starter\backend\.uv-python\cpython-3.13-windows-x86_64-none\Lib\threading.py", line 1015, in _bootstrap
    self._bootstrap_inner()
  File "C:\Users\AYESHA RAHMAN\murf-livekit-starter\backend\.uv-python\cpython-3.13-windows-x86_64-none\Lib\threading.py", line 1044, in _bootstrap_inner
    self.run()
  File "C:\Users\AYESHA RAHMAN\murf-livekit-starter\backend\.uv-python\cpython-3.13-windows-x86_64-none\Lib\threading.py", line 995, in run
    self._target(*self._args, **self._kwargs)
  File "C:\Users\AYESHA RAHMAN\murf-livekit-starter\backend\.venv\Lib\site-packages\livekit\agents\ipc\job_proc_lazy_main.py", line 418, in thread_main
    client.run()
  File "C:\Users\AYESHA RAHMAN\murf-livekit-starter\backend\.venv\Lib\site-packages\livekit\agents\ipc\proc_client.py", line 70, in run
    loop.run_until_complete(self._task)
  File "C:\Users\AYESHA RAHMAN\murf-livekit-starter\backend\.uv-python\cpython-3.13-windows-x86_64-none\Lib\asyncio\base_events.py", line 712, in run_until_complete
    self.run_forever()
  File "C:\Users\AYESHA RAHMAN\murf-livekit-starter\backend\.uv-python\cpython-3.13-windows-x86_64-none\Lib\asyncio\base_events.py", line 683, in run_forever
    self._run_once()
  File "C:\Users\AYESHA RAHMAN\murf-livekit-starter\backend\.uv-python\cpython-3.13-windows-x86_64-none\Lib\asyncio\base_events.py", line 2060, in _run_once
    handle._run()
  File "C:\Users\AYESHA RAHMAN\murf-livekit-starter\backend\.uv-python\cpython-3.13-windows-x86_64-none\Lib\asyncio\events.py", line 89, in _run
    self._context.run(self._callback, *self._args)
  File "C:\Users\AYESHA RAHMAN\murf-livekit-starter\backend\.venv\Lib\site-packages\livekit\agents\utils\log.py", line 17, in async_fn_logs
    return await fn(*args, **kwargs)
  File "C:\Users\AYESHA RAHMAN\murf-livekit-starter\backend\.venv\Lib\site-packages\livekit\agents\ipc\job_proc_lazy_main.py", line 387, in _run_job_task
    await http_context._close_http_ctx()
  File "C:\Users\AYESHA RAHMAN\murf-livekit-starter\backend\.venv\Lib\site-packages\livekit\agents\utils\http_context.py", line 57, in _close_http_ctx
    logger.debug("http_session(): closing the httpclient ctx")
  File "C:\Users\AYESHA RAHMAN\murf-livekit-starter\backend\.uv-python\cpython-3.13-windows-x86_64-none\Lib\logging\__init__.py", line 1508, in debug
    self._log(DEBUG, msg, args, **kwargs)
  File "C:\Users\AYESHA RAHMAN\murf-livekit-starter\backend\.uv-python\cpython-3.13-windows-x86_64-none\Lib\logging\__init__.py", line 1665, in _log
    self.handle(record)
  File "C:\Users\AYESHA RAHMAN\murf-livekit-starter\backend\.uv-python\cpython-3.13-windows-x86_64-none\Lib\logging\__init__.py", line 1681, in handle
    self.callHandlers(record)
  File "C:\Users\AYESHA RAHMAN\murf-livekit-starter\backend\.uv-python\cpython-3.13-windows-x86_64-none\Lib\logging\__init__.py", line 1737, in callHandlers
    hdlr.handle(record)
  File "C:\Users\AYESHA RAHMAN\murf-livekit-starter\backend\.uv-python\cpython-3.13-windows-x86_64-none\Lib\logging\__init__.py", line 1027, in handle
    self.emit(record)
  File "C:\Users\AYESHA RAHMAN\murf-livekit-starter\backend\.venv\Lib\site-packages\livekit\agents\cli\cli.py", line 957, in emit
    self.handleError(record)
Message: 'http_session(): closing the httpclient ctx'
Arguments: ()
--- Logging error ---
Traceback (most recent call last):
  File "C:\Users\AYESHA RAHMAN\murf-livekit-starter\backend\.venv\Lib\site-packages\livekit\agents\cli\cli.py", line 951, in emit
    self.c.console.print(extra_line)
    ~~~~~~~~~~~~~~~~~~~~^^^^^^^^^^^^
  File "C:\Users\AYESHA RAHMAN\murf-livekit-starter\backend\.venv\Lib\site-packages\rich\console.py", line 1697, in print
    with self:
         ^^^^
  File "C:\Users\AYESHA RAHMAN\murf-livekit-starter\backend\.venv\Lib\site-packages\rich\console.py", line 870, in __exit__
    self._exit_buffer()
    ~~~~~~~~~~~~~~~~~^^
  File "C:\Users\AYESHA RAHMAN\murf-livekit-starter\backend\.venv\Lib\site-packages\rich\console.py", line 826, in _exit_buffer
    self._check_buffer()
    ~~~~~~~~~~~~~~~~~~^^
  File "C:\Users\AYESHA RAHMAN\murf-livekit-starter\backend\.venv\Lib\site-packages\rich\console.py", line 2042, in _check_buffer
    self._write_buffer()
    ~~~~~~~~~~~~~~~~~~^^
  File "C:\Users\AYESHA RAHMAN\murf-livekit-starter\backend\.venv\Lib\site-packages\rich\console.py", line 2078, in _write_buffer
    legacy_windows_render(buffer, LegacyWindowsTerm(self.file))
    ~~~~~~~~~~~~~~~~~~~~~^^^^^^^^^^^^^^^^^^^^^^^^^^^^^^^^^^^^^^
  File "C:\Users\AYESHA RAHMAN\murf-livekit-starter\backend\.venv\Lib\site-packages\rich\_windows_renderer.py", line 17, in legacy_windows_render
    term.write_styled(text, style)
    ~~~~~~~~~~~~~~~~~^^^^^^^^^^^^^
  File "C:\Users\AYESHA RAHMAN\murf-livekit-starter\backend\.venv\Lib\site-packages\rich\_win32_console.py", line 441, in write_styled
    self.write_text(text)
    ~~~~~~~~~~~~~~~^^^^^^
  File "C:\Users\AYESHA RAHMAN\murf-livekit-starter\backend\.venv\Lib\site-packages\rich\_win32_console.py", line 402, in write_text
    self.write(text)
    ~~~~~~~~~~^^^^^^
  File "C:\Users\AYESHA RAHMAN\murf-livekit-starter\backend\.uv-python\cpython-3.13-windows-x86_64-none\Lib\encodings\cp1252.py", line 19, in encode
    return codecs.charmap_encode(input,self.errors,encoding_table)[0]
           ~~~~~~~~~~~~~~~~~~~~~^^^^^^^^^^^^^^^^^^^^^^^^^^^^^^^^^^
UnicodeEncodeError: 'charmap' codec can't encode characters in position 55-58: character maps to <undefined>
Call stack:
  File "C:\Users\AYESHA RAHMAN\murf-livekit-starter\backend\.uv-python\cpython-3.13-windows-x86_64-none\Lib\threading.py", line 1015, in _bootstrap
    self._bootstrap_inner()
  File "C:\Users\AYESHA RAHMAN\murf-livekit-starter\backend\.uv-python\cpython-3.13-windows-x86_64-none\Lib\threading.py", line 1044, in _bootstrap_inner
    self.run()
  File "C:\Users\AYESHA RAHMAN\murf-livekit-starter\backend\.uv-python\cpython-3.13-windows-x86_64-none\Lib\threading.py", line 995, in run
    self._target(*self._args, **self._kwargs)
  File "C:\Users\AYESHA RAHMAN\murf-livekit-starter\backend\.venv\Lib\site-packages\livekit\agents\ipc\job_proc_lazy_main.py", line 418, in thread_main
    client.run()
  File "C:\Users\AYESHA RAHMAN\murf-livekit-starter\backend\.venv\Lib\site-packages\livekit\agents\ipc\proc_client.py", line 70, in run
    loop.run_until_complete(self._task)
  File "C:\Users\AYESHA RAHMAN\murf-livekit-starter\backend\.uv-python\cpython-3.13-windows-x86_64-none\Lib\asyncio\base_events.py", line 712, in run_until_complete
    self.run_forever()
  File "C:\Users\AYESHA RAHMAN\murf-livekit-starter\backend\.uv-python\cpython-3.13-windows-x86_64-none\Lib\asyncio\base_events.py", line 683, in run_forever
    self._run_once()
  File "C:\Users\AYESHA RAHMAN\murf-livekit-starter\backend\.uv-python\cpython-3.13-windows-x86_64-none\Lib\asyncio\base_events.py", line 2060, in _run_once
    handle._run()
  File "C:\Users\AYESHA RAHMAN\murf-livekit-starter\backend\.uv-python\cpython-3.13-windows-x86_64-none\Lib\asyncio\events.py", line 89, in _run
    self._context.run(self._callback, *self._args)
  File "C:\Users\AYESHA RAHMAN\murf-livekit-starter\backend\.venv\Lib\site-packages\livekit\agents\tts\stream_pacer.py", line 149, in _send_task
    logger.debug(
  File "C:\Users\AYESHA RAHMAN\murf-livekit-starter\backend\.uv-python\cpython-3.13-windows-x86_64-none\Lib\logging\__init__.py", line 1508, in debug
    self._log(DEBUG, msg, args, **kwargs)
  File "C:\Users\AYESHA RAHMAN\murf-livekit-starter\backend\.uv-python\cpython-3.13-windows-x86_64-none\Lib\logging\__init__.py", line 1665, in _log
    self.handle(record)
  File "C:\Users\AYESHA RAHMAN\murf-livekit-starter\backend\.uv-python\cpython-3.13-windows-x86_64-none\Lib\logging\__init__.py", line 1681, in handle
    self.callHandlers(record)
  File "C:\Users\AYESHA RAHMAN\murf-livekit-starter\backend\.uv-python\cpython-3.13-windows-x86_64-none\Lib\logging\__init__.py", line 1737, in callHandlers
    hdlr.handle(record)
  File "C:\Users\AYESHA RAHMAN\murf-livekit-starter\backend\.uv-python\cpython-3.13-windows-x86_64-none\Lib\logging\__init__.py", line 1027, in handle
    self.emit(record)
  File "C:\Users\AYESHA RAHMAN\murf-livekit-starter\backend\.venv\Lib\site-packages\livekit\agents\cli\cli.py", line 957, in emit
    self.handleError(record)
Message: 'sent text to tts'
Arguments: ()
--- Logging error ---
Traceback (most recent call last):
  File "C:\Users\AYESHA RAHMAN\murf-livekit-starter\backend\.venv\Lib\site-packages\livekit\agents\cli\cli.py", line 944, in emit
    self.c.console.print(output)
    ~~~~~~~~~~~~~~~~~~~~^^^^^^^^
  File "C:\Users\AYESHA RAHMAN\murf-livekit-starter\backend\.venv\Lib\site-packages\rich\console.py", line 1697, in print
    with self:
         ^^^^
  File "C:\Users\AYESHA RAHMAN\murf-livekit-starter\backend\.venv\Lib\site-packages\rich\console.py", line 870, in __exit__
    self._exit_buffer()
    ~~~~~~~~~~~~~~~~~^^
  File "C:\Users\AYESHA RAHMAN\murf-livekit-starter\backend\.venv\Lib\site-packages\rich\console.py", line 826, in _exit_buffer
    self._check_buffer()
    ~~~~~~~~~~~~~~~~~~^^
  File "C:\Users\AYESHA RAHMAN\murf-livekit-starter\backend\.venv\Lib\site-packages\rich\console.py", line 2042, in _check_buffer
    self._write_buffer()
    ~~~~~~~~~~~~~~~~~~^^
  File "C:\Users\AYESHA RAHMAN\murf-livekit-starter\backend\.venv\Lib\site-packages\rich\console.py", line 2078, in _write_buffer
    legacy_windows_render(buffer, LegacyWindowsTerm(self.file))
    ~~~~~~~~~~~~~~~~~~~~~^^^^^^^^^^^^^^^^^^^^^^^^^^^^^^^^^^^^^^
  File "C:\Users\AYESHA RAHMAN\murf-livekit-starter\backend\.venv\Lib\site-packages\rich\_windows_renderer.py", line 17, in legacy_windows_render
    term.write_styled(text, style)
    ~~~~~~~~~~~~~~~~~^^^^^^^^^^^^^
  File "C:\Users\AYESHA RAHMAN\murf-livekit-starter\backend\.venv\Lib\site-packages\rich\_win32_console.py", line 441, in write_styled
    self.write_text(text)
    ~~~~~~~~~~~~~~~^^^^^^
  File "C:\Users\AYESHA RAHMAN\murf-livekit-starter\backend\.venv\Lib\site-packages\rich\_win32_console.py", line 402, in write_text
    self.write(text)
    ~~~~~~~~~~^^^^^^
  File "C:\Users\AYESHA RAHMAN\murf-livekit-starter\backend\.uv-python\cpython-3.13-windows-x86_64-none\Lib\encodings\cp1252.py", line 19, in encode
    return codecs.charmap_encode(input,self.errors,encoding_table)[0]
           ~~~~~~~~~~~~~~~~~~~~~^^^^^^^^^^^^^^^^^^^^^^^^^^^^^^^^^^
UnicodeEncodeError: 'charmap' codec can't encode characters in position 55-58: character maps to <undefined>
Call stack:
  File "C:\Users\AYESHA RAHMAN\murf-livekit-starter\backend\.uv-python\cpython-3.13-windows-x86_64-none\Lib\threading.py", line 1015, in _bootstrap
    self._bootstrap_inner()
  File "C:\Users\AYESHA RAHMAN\murf-livekit-starter\backend\.uv-python\cpython-3.13-windows-x86_64-none\Lib\threading.py", line 1044, in _bootstrap_inner
    self.run()
  File "C:\Users\AYESHA RAHMAN\murf-livekit-starter\backend\.uv-python\cpython-3.13-windows-x86_64-none\Lib\threading.py", line 995, in run
    self._target(*self._args, **self._kwargs)
  File "C:\Users\AYESHA RAHMAN\murf-livekit-starter\backend\.venv\Lib\site-packages\livekit\agents\ipc\job_proc_lazy_main.py", line 418, in thread_main
    client.run()
  File "C:\Users\AYESHA RAHMAN\murf-livekit-starter\backend\.venv\Lib\site-packages\livekit\agents\ipc\proc_client.py", line 70, in run
    loop.run_until_complete(self._task)
  File "C:\Users\AYESHA RAHMAN\murf-livekit-starter\backend\.uv-python\cpython-3.13-windows-x86_64-none\Lib\asyncio\base_events.py", line 712, in run_until_complete
    self.run_forever()
  File "C:\Users\AYESHA RAHMAN\murf-livekit-starter\backend\.uv-python\cpython-3.13-windows-x86_64-none\Lib\asyncio\base_events.py", line 683, in run_forever
    self._run_once()
  File "C:\Users\AYESHA RAHMAN\murf-livekit-starter\backend\.uv-python\cpython-3.13-windows-x86_64-none\Lib\asyncio\base_events.py", line 2060, in _run_once
    handle._run()
  File "C:\Users\AYESHA RAHMAN\murf-livekit-starter\backend\.uv-python\cpython-3.13-windows-x86_64-none\Lib\asyncio\events.py", line 89, in _run
    self._context.run(self._callback, *self._args)
  File "C:\Users\AYESHA RAHMAN\murf-livekit-starter\backend\.venv\Lib\site-packages\livekit\plugins\murf\tts.py", line 351, in _sentence_stream_task
    logger.info(
  File "C:\Users\AYESHA RAHMAN\murf-livekit-starter\backend\.uv-python\cpython-3.13-windows-x86_64-none\Lib\logging\__init__.py", line 1520, in info
    self._log(INFO, msg, args, **kwargs)
  File "C:\Users\AYESHA RAHMAN\murf-livekit-starter\backend\.uv-python\cpython-3.13-windows-x86_64-none\Lib\logging\__init__.py", line 1665, in _log
    self.handle(record)
  File "C:\Users\AYESHA RAHMAN\murf-livekit-starter\backend\.uv-python\cpython-3.13-windows-x86_64-none\Lib\logging\__init__.py", line 1681, in handle
    self.callHandlers(record)
  File "C:\Users\AYESHA RAHMAN\murf-livekit-starter\backend\.uv-python\cpython-3.13-windows-x86_64-none\Lib\logging\__init__.py", line 1737, in callHandlers
    hdlr.handle(record)
  File "C:\Users\AYESHA RAHMAN\murf-livekit-starter\backend\.uv-python\cpython-3.13-windows-x86_64-none\Lib\logging\__init__.py", line 1027, in handle
    self.emit(record)
  File "C:\Users\AYESHA RAHMAN\murf-livekit-starter\backend\.venv\Lib\site-packages\livekit\agents\cli\cli.py", line 957, in emit
    self.handleError(record)
Message: '[Murf TTS] Stream started - context_id=%s, voice=%s, style=%s, locale=%s, min_buffer_size=%d, max_buffer_delay_in_ms=%d, endpoint=%s'
Arguments: ('763338857de7', 'Anisha', 'Conversation', None, 3, 0, 'https://global.api.murf.ai')
--- Logging error ---
Traceback (most recent call last):
  File "C:\Users\AYESHA RAHMAN\murf-livekit-starter\backend\.venv\Lib\site-packages\livekit\agents\cli\cli.py", line 944, in emit
    self.c.console.print(output)
    ~~~~~~~~~~~~~~~~~~~~^^^^^^^^
  File "C:\Users\AYESHA RAHMAN\murf-livekit-starter\backend\.venv\Lib\site-packages\rich\console.py", line 1697, in print
    with self:
         ^^^^
  File "C:\Users\AYESHA RAHMAN\murf-livekit-starter\backend\.venv\Lib\site-packages\rich\console.py", line 870, in __exit__
    self._exit_buffer()
    ~~~~~~~~~~~~~~~~~^^
  File "C:\Users\AYESHA RAHMAN\murf-livekit-starter\backend\.venv\Lib\site-packages\rich\console.py", line 826, in _exit_buffer
    self._check_buffer()
    ~~~~~~~~~~~~~~~~~~^^
  File "C:\Users\AYESHA RAHMAN\murf-livekit-starter\backend\.venv\Lib\site-packages\rich\console.py", line 2042, in _check_buffer
    self._write_buffer()
    ~~~~~~~~~~~~~~~~~~^^
  File "C:\Users\AYESHA RAHMAN\murf-livekit-starter\backend\.venv\Lib\site-packages\rich\console.py", line 2078, in _write_buffer
    legacy_windows_render(buffer, LegacyWindowsTerm(self.file))
    ~~~~~~~~~~~~~~~~~~~~~^^^^^^^^^^^^^^^^^^^^^^^^^^^^^^^^^^^^^^
  File "C:\Users\AYESHA RAHMAN\murf-livekit-starter\backend\.venv\Lib\site-packages\rich\_windows_renderer.py", line 17, in legacy_windows_render
    term.write_styled(text, style)
    ~~~~~~~~~~~~~~~~~^^^^^^^^^^^^^
  File "C:\Users\AYESHA RAHMAN\murf-livekit-starter\backend\.venv\Lib\site-packages\rich\_win32_console.py", line 441, in write_styled
    self.write_text(text)
    ~~~~~~~~~~~~~~~^^^^^^
  File "C:\Users\AYESHA RAHMAN\murf-livekit-starter\backend\.venv\Lib\site-packages\rich\_win32_console.py", line 402, in write_text
    self.write(text)
    ~~~~~~~~~~^^^^^^
  File "C:\Users\AYESHA RAHMAN\murf-livekit-starter\backend\.uv-python\cpython-3.13-windows-x86_64-none\Lib\encodings\cp1252.py", line 19, in encode
    return codecs.charmap_encode(input,self.errors,encoding_table)[0]
           ~~~~~~~~~~~~~~~~~~~~~^^^^^^^^^^^^^^^^^^^^^^^^^^^^^^^^^^
UnicodeEncodeError: 'charmap' codec can't encode characters in position 55-58: character maps to <undefined>
Call stack:
  File "C:\Users\AYESHA RAHMAN\murf-livekit-starter\backend\.uv-python\cpython-3.13-windows-x86_64-none\Lib\threading.py", line 1015, in _bootstrap
    self._bootstrap_inner()
  File "C:\Users\AYESHA RAHMAN\murf-livekit-starter\backend\.uv-python\cpython-3.13-windows-x86_64-none\Lib\threading.py", line 1044, in _bootstrap_inner
    self.run()
  File "C:\Users\AYESHA RAHMAN\murf-livekit-starter\backend\.uv-python\cpython-3.13-windows-x86_64-none\Lib\threading.py", line 995, in run
    self._target(*self._args, **self._kwargs)
  File "C:\Users\AYESHA RAHMAN\murf-livekit-starter\backend\.venv\Lib\site-packages\livekit\agents\ipc\job_proc_lazy_main.py", line 418, in thread_main
    client.run()
  File "C:\Users\AYESHA RAHMAN\murf-livekit-starter\backend\.venv\Lib\site-packages\livekit\agents\ipc\proc_client.py", line 70, in run
    loop.run_until_complete(self._task)
  File "C:\Users\AYESHA RAHMAN\murf-livekit-starter\backend\.uv-python\cpython-3.13-windows-x86_64-none\Lib\asyncio\base_events.py", line 712, in run_until_complete
    self.run_forever()
  File "C:\Users\AYESHA RAHMAN\murf-livekit-starter\backend\.uv-python\cpython-3.13-windows-x86_64-none\Lib\asyncio\base_events.py", line 683, in run_forever
    self._run_once()
  File "C:\Users\AYESHA RAHMAN\murf-livekit-starter\backend\.uv-python\cpython-3.13-windows-x86_64-none\Lib\asyncio\base_events.py", line 2060, in _run_once
    handle._run()
  File "C:\Users\AYESHA RAHMAN\murf-livekit-starter\backend\.uv-python\cpython-3.13-windows-x86_64-none\Lib\asyncio\events.py", line 89, in _run
    self._context.run(self._callback, *self._args)
  File "C:\Users\AYESHA RAHMAN\murf-livekit-starter\backend\.venv\Lib\site-packages\livekit\plugins\murf\tts.py", line 412, in _recv_task
    logger.info("[Murf TTS] Murf TTFB (first sentence to first audio): %.2f ms", ttfb_ms)
  File "C:\Users\AYESHA RAHMAN\murf-livekit-starter\backend\.uv-python\cpython-3.13-windows-x86_64-none\Lib\logging\__init__.py", line 1520, in info
    self._log(INFO, msg, args, **kwargs)
  File "C:\Users\AYESHA RAHMAN\murf-livekit-starter\backend\.uv-python\cpython-3.13-windows-x86_64-none\Lib\logging\__init__.py", line 1665, in _log
    self.handle(record)
  File "C:\Users\AYESHA RAHMAN\murf-livekit-starter\backend\.uv-python\cpython-3.13-windows-x86_64-none\Lib\logging\__init__.py", line 1681, in handle
    self.callHandlers(record)
  File "C:\Users\AYESHA RAHMAN\murf-livekit-starter\backend\.uv-python\cpython-3.13-windows-x86_64-none\Lib\logging\__init__.py", line 1737, in callHandlers
    hdlr.handle(record)
  File "C:\Users\AYESHA RAHMAN\murf-livekit-starter\backend\.uv-python\cpython-3.13-windows-x86_64-none\Lib\logging\__init__.py", line 1027, in handle
    self.emit(record)
  File "C:\Users\AYESHA RAHMAN\murf-livekit-starter\backend\.venv\Lib\site-packages\livekit\agents\cli\cli.py", line 957, in emit
    self.handleError(record)
Message: '[Murf TTS] Murf TTFB (first sentence to first audio): %.2f ms'
Arguments: (165.43230000024778,)
--- Logging error ---
Traceback (most recent call last):
  File "C:\Users\AYESHA RAHMAN\murf-livekit-starter\backend\.venv\Lib\site-packages\livekit\agents\cli\cli.py", line 944, in emit
    self.c.console.print(output)
    ~~~~~~~~~~~~~~~~~~~~^^^^^^^^
  File "C:\Users\AYESHA RAHMAN\murf-livekit-starter\backend\.venv\Lib\site-packages\rich\console.py", line 1697, in print
    with self:
         ^^^^
  File "C:\Users\AYESHA RAHMAN\murf-livekit-starter\backend\.venv\Lib\site-packages\rich\console.py", line 870, in __exit__
    self._exit_buffer()
    ~~~~~~~~~~~~~~~~~^^
  File "C:\Users\AYESHA RAHMAN\murf-livekit-starter\backend\.venv\Lib\site-packages\rich\console.py", line 826, in _exit_buffer
    self._check_buffer()
    ~~~~~~~~~~~~~~~~~~^^
  File "C:\Users\AYESHA RAHMAN\murf-livekit-starter\backend\.venv\Lib\site-packages\rich\console.py", line 2042, in _check_buffer
    self._write_buffer()
    ~~~~~~~~~~~~~~~~~~^^
  File "C:\Users\AYESHA RAHMAN\murf-livekit-starter\backend\.venv\Lib\site-packages\rich\console.py", line 2078, in _write_buffer
    legacy_windows_render(buffer, LegacyWindowsTerm(self.file))
    ~~~~~~~~~~~~~~~~~~~~~^^^^^^^^^^^^^^^^^^^^^^^^^^^^^^^^^^^^^^
  File "C:\Users\AYESHA RAHMAN\murf-livekit-starter\backend\.venv\Lib\site-packages\rich\_windows_renderer.py", line 17, in legacy_windows_render
    term.write_styled(text, style)
    ~~~~~~~~~~~~~~~~~^^^^^^^^^^^^^
  File "C:\Users\AYESHA RAHMAN\murf-livekit-starter\backend\.venv\Lib\site-packages\rich\_win32_console.py", line 441, in write_styled
    self.write_text(text)
    ~~~~~~~~~~~~~~~^^^^^^
  File "C:\Users\AYESHA RAHMAN\murf-livekit-starter\backend\.venv\Lib\site-packages\rich\_win32_console.py", line 402, in write_text
    self.write(text)
    ~~~~~~~~~~^^^^^^
  File "C:\Users\AYESHA RAHMAN\murf-livekit-starter\backend\.uv-python\cpython-3.13-windows-x86_64-none\Lib\encodings\cp1252.py", line 19, in encode
    return codecs.charmap_encode(input,self.errors,encoding_table)[0]
           ~~~~~~~~~~~~~~~~~~~~~^^^^^^^^^^^^^^^^^^^^^^^^^^^^^^^^^^
UnicodeEncodeError: 'charmap' codec can't encode characters in position 55-58: character maps to <undefined>
Call stack:
  File "C:\Users\AYESHA RAHMAN\murf-livekit-starter\backend\.uv-python\cpython-3.13-windows-x86_64-none\Lib\threading.py", line 1015, in _bootstrap
    self._bootstrap_inner()
  File "C:\Users\AYESHA RAHMAN\murf-livekit-starter\backend\.uv-python\cpython-3.13-windows-x86_64-none\Lib\threading.py", line 1044, in _bootstrap_inner
    self.run()
  File "C:\Users\AYESHA RAHMAN\murf-livekit-starter\backend\.uv-python\cpython-3.13-windows-x86_64-none\Lib\threading.py", line 995, in run
    self._target(*self._args, **self._kwargs)
  File "C:\Users\AYESHA RAHMAN\murf-livekit-starter\backend\.venv\Lib\site-packages\livekit\agents\ipc\job_proc_lazy_main.py", line 418, in thread_main
    client.run()
  File "C:\Users\AYESHA RAHMAN\murf-livekit-starter\backend\.venv\Lib\site-packages\livekit\agents\ipc\proc_client.py", line 70, in run
    loop.run_until_complete(self._task)
  File "C:\Users\AYESHA RAHMAN\murf-livekit-starter\backend\.uv-python\cpython-3.13-windows-x86_64-none\Lib\asyncio\base_events.py", line 712, in run_until_complete
    self.run_forever()
  File "C:\Users\AYESHA RAHMAN\murf-livekit-starter\backend\.uv-python\cpython-3.13-windows-x86_64-none\Lib\asyncio\base_events.py", line 683, in run_forever
    self._run_once()
  File "C:\Users\AYESHA RAHMAN\murf-livekit-starter\backend\.uv-python\cpython-3.13-windows-x86_64-none\Lib\asyncio\base_events.py", line 2060, in _run_once
    handle._run()
  File "C:\Users\AYESHA RAHMAN\murf-livekit-starter\backend\.uv-python\cpython-3.13-windows-x86_64-none\Lib\asyncio\events.py", line 89, in _run
    self._context.run(self._callback, *self._args)
  File "C:\Users\AYESHA RAHMAN\murf-livekit-starter\backend\.venv\Lib\site-packages\livekit\agents\tts\tts.py", line 570, in _metrics_monitor_task
    _emit_metrics()
  File "C:\Users\AYESHA RAHMAN\murf-livekit-starter\backend\.venv\Lib\site-packages\livekit\agents\tts\tts.py", line 554, in _emit_metrics
    self._tts.emit("metrics_collected", metrics)
  File "C:\Users\AYESHA RAHMAN\murf-livekit-starter\backend\.venv\Lib\site-packages\livekit\rtc\event_emitter.py", line 58, in emit
    callback(*callback_args)
  File "C:\Users\AYESHA RAHMAN\murf-livekit-starter\backend\.venv\Lib\site-packages\livekit\agents\voice\agent_activity.py", line 1162, in _on_metrics_collected
    self._session.emit("metrics_collected", MetricsCollectedEvent(metrics=ev))
  File "C:\Users\AYESHA RAHMAN\murf-livekit-starter\backend\.venv\Lib\site-packages\livekit\agents\voice\agent_session.py", line 428, in emit
    super().emit(event, arg)
  File "C:\Users\AYESHA RAHMAN\murf-livekit-starter\backend\.venv\Lib\site-packages\livekit\rtc\event_emitter.py", line 58, in emit
    callback(*callback_args)
  File "C:\Users\AYESHA RAHMAN\murf-livekit-starter\backend\src\agent.py", line 477, in on_metrics_collected
    logger.info(
  File "C:\Users\AYESHA RAHMAN\murf-livekit-starter\backend\.uv-python\cpython-3.13-windows-x86_64-none\Lib\logging\__init__.py", line 1520, in info
    self._log(INFO, msg, args, **kwargs)
  File "C:\Users\AYESHA RAHMAN\murf-livekit-starter\backend\.uv-python\cpython-3.13-windows-x86_64-none\Lib\logging\__init__.py", line 1665, in _log
    self.handle(record)
  File "C:\Users\AYESHA RAHMAN\murf-livekit-starter\backend\.uv-python\cpython-3.13-windows-x86_64-none\Lib\logging\__init__.py", line 1681, in handle
    self.callHandlers(record)
  File "C:\Users\AYESHA RAHMAN\murf-livekit-starter\backend\.uv-python\cpython-3.13-windows-x86_64-none\Lib\logging\__init__.py", line 1737, in callHandlers
    hdlr.handle(record)
  File "C:\Users\AYESHA RAHMAN\murf-livekit-starter\backend\.uv-python\cpython-3.13-windows-x86_64-none\Lib\logging\__init__.py", line 1027, in handle
    self.emit(record)
  File "C:\Users\AYESHA RAHMAN\murf-livekit-starter\backend\.venv\Lib\site-packages\livekit\agents\cli\cli.py", line 957, in emit
    self.handleError(record)
Message: '[DEBUG-%s] metrics=%s'
Arguments: ('TTS', TTSMetrics(type='tts_metrics', label='livekit.plugins.murf.tts.TTS', request_id='242325b76345', timestamp=1786731714.951041, ttfb=0.22398679999969318, duration=2.724043199999869, audio_duration=22.83999999999995, cancelled=False, characters_count=411, streamed=True, segment_id='763338857de7', speech_id='speech_a2b13a68387b', metadata=Metadata(model_name='FALCON', model_provider='Murf')))
--- Logging error ---
Traceback (most recent call last):
  File "C:\Users\AYESHA RAHMAN\murf-livekit-starter\backend\.venv\Lib\site-packages\livekit\agents\cli\cli.py", line 944, in emit
    self.c.console.print(output)
    ~~~~~~~~~~~~~~~~~~~~^^^^^^^^
  File "C:\Users\AYESHA RAHMAN\murf-livekit-starter\backend\.venv\Lib\site-packages\rich\console.py", line 1697, in print
    with self:
         ^^^^
  File "C:\Users\AYESHA RAHMAN\murf-livekit-starter\backend\.venv\Lib\site-packages\rich\console.py", line 870, in __exit__
    self._exit_buffer()
    ~~~~~~~~~~~~~~~~~^^
  File "C:\Users\AYESHA RAHMAN\murf-livekit-starter\backend\.venv\Lib\site-packages\rich\console.py", line 826, in _exit_buffer
    self._check_buffer()
    ~~~~~~~~~~~~~~~~~~^^
  File "C:\Users\AYESHA RAHMAN\murf-livekit-starter\backend\.venv\Lib\site-packages\rich\console.py", line 2042, in _check_buffer
    self._write_buffer()
    ~~~~~~~~~~~~~~~~~~^^
  File "C:\Users\AYESHA RAHMAN\murf-livekit-starter\backend\.venv\Lib\site-packages\rich\console.py", line 2078, in _write_buffer
    legacy_windows_render(buffer, LegacyWindowsTerm(self.file))
    ~~~~~~~~~~~~~~~~~~~~~^^^^^^^^^^^^^^^^^^^^^^^^^^^^^^^^^^^^^^
  File "C:\Users\AYESHA RAHMAN\murf-livekit-starter\backend\.venv\Lib\site-packages\rich\_windows_renderer.py", line 17, in legacy_windows_render
    term.write_styled(text, style)
    ~~~~~~~~~~~~~~~~~^^^^^^^^^^^^^
  File "C:\Users\AYESHA RAHMAN\murf-livekit-starter\backend\.venv\Lib\site-packages\rich\_win32_console.py", line 441, in write_styled
    self.write_text(text)
    ~~~~~~~~~~~~~~~^^^^^^
  File "C:\Users\AYESHA RAHMAN\murf-livekit-starter\backend\.venv\Lib\site-packages\rich\_win32_console.py", line 402, in write_text
    self.write(text)
    ~~~~~~~~~~^^^^^^
  File "C:\Users\AYESHA RAHMAN\murf-livekit-starter\backend\.uv-python\cpython-3.13-windows-x86_64-none\Lib\encodings\cp1252.py", line 19, in encode
    return codecs.charmap_encode(input,self.errors,encoding_table)[0]
           ~~~~~~~~~~~~~~~~~~~~~^^^^^^^^^^^^^^^^^^^^^^^^^^^^^^^^^^
UnicodeEncodeError: 'charmap' codec can't encode characters in position 55-58: character maps to <undefined>
Call stack:
  File "C:\Users\AYESHA RAHMAN\murf-livekit-starter\backend\.uv-python\cpython-3.13-windows-x86_64-none\Lib\threading.py", line 1015, in _bootstrap
    self._bootstrap_inner()
  File "C:\Users\AYESHA RAHMAN\murf-livekit-starter\backend\.uv-python\cpython-3.13-windows-x86_64-none\Lib\threading.py", line 1044, in _bootstrap_inner
    self.run()
  File "C:\Users\AYESHA RAHMAN\murf-livekit-starter\backend\.uv-python\cpython-3.13-windows-x86_64-none\Lib\threading.py", line 995, in run
    self._target(*self._args, **self._kwargs)
  File "C:\Users\AYESHA RAHMAN\murf-livekit-starter\backend\.venv\Lib\site-packages\livekit\agents\ipc\job_proc_lazy_main.py", line 418, in thread_main
    client.run()
  File "C:\Users\AYESHA RAHMAN\murf-livekit-starter\backend\.venv\Lib\site-packages\livekit\agents\ipc\proc_client.py", line 70, in run
    loop.run_until_complete(self._task)
  File "C:\Users\AYESHA RAHMAN\murf-livekit-starter\backend\.uv-python\cpython-3.13-windows-x86_64-none\Lib\asyncio\base_events.py", line 712, in run_until_complete
    self.run_forever()
  File "C:\Users\AYESHA RAHMAN\murf-livekit-starter\backend\.uv-python\cpython-3.13-windows-x86_64-none\Lib\asyncio\base_events.py", line 683, in run_forever
    self._run_once()
  File "C:\Users\AYESHA RAHMAN\murf-livekit-starter\backend\.uv-python\cpython-3.13-windows-x86_64-none\Lib\asyncio\base_events.py", line 2060, in _run_once
    handle._run()
  File "C:\Users\AYESHA RAHMAN\murf-livekit-starter\backend\.uv-python\cpython-3.13-windows-x86_64-none\Lib\asyncio\events.py", line 89, in _run
    self._context.run(self._callback, *self._args)
  File "C:\Users\AYESHA RAHMAN\murf-livekit-starter\backend\.venv\Lib\site-packages\livekit\agents\stt\stt.py", line 384, in _metrics_monitor_task
    self._stt.emit("metrics_collected", stt_metrics)
  File "C:\Users\AYESHA RAHMAN\murf-livekit-starter\backend\.venv\Lib\site-packages\livekit\rtc\event_emitter.py", line 58, in emit
    callback(*callback_args)
  File "C:\Users\AYESHA RAHMAN\murf-livekit-starter\backend\.venv\Lib\site-packages\livekit\agents\voice\agent_activity.py", line 1162, in _on_metrics_collected
    self._session.emit("metrics_collected", MetricsCollectedEvent(metrics=ev))
  File "C:\Users\AYESHA RAHMAN\murf-livekit-starter\backend\.venv\Lib\site-packages\livekit\agents\voice\agent_session.py", line 428, in emit
    super().emit(event, arg)
  File "C:\Users\AYESHA RAHMAN\murf-livekit-starter\backend\.venv\Lib\site-packages\livekit\rtc\event_emitter.py", line 58, in emit
    callback(*callback_args)
  File "C:\Users\AYESHA RAHMAN\murf-livekit-starter\backend\src\agent.py", line 477, in on_metrics_collected
    logger.info(
  File "C:\Users\AYESHA RAHMAN\murf-livekit-starter\backend\.uv-python\cpython-3.13-windows-x86_64-none\Lib\logging\__init__.py", line 1520, in info
    self._log(INFO, msg, args, **kwargs)
  File "C:\Users\AYESHA RAHMAN\murf-livekit-starter\backend\.uv-python\cpython-3.13-windows-x86_64-none\Lib\logging\__init__.py", line 1665, in _log
    self.handle(record)
  File "C:\Users\AYESHA RAHMAN\murf-livekit-starter\backend\.uv-python\cpython-3.13-windows-x86_64-none\Lib\logging\__init__.py", line 1681, in handle
    self.callHandlers(record)
  File "C:\Users\AYESHA RAHMAN\murf-livekit-starter\backend\.uv-python\cpython-3.13-windows-x86_64-none\Lib\logging\__init__.py", line 1737, in callHandlers
    hdlr.handle(record)
  File "C:\Users\AYESHA RAHMAN\murf-livekit-starter\backend\.uv-python\cpython-3.13-windows-x86_64-none\Lib\logging\__init__.py", line 1027, in handle
    self.emit(record)
  File "C:\Users\AYESHA RAHMAN\murf-livekit-starter\backend\.venv\Lib\site-packages\livekit\agents\cli\cli.py", line 957, in emit
    self.handleError(record)
Message: '[DEBUG-%s] metrics=%s'
Arguments: ('STT', STTMetrics(type='stt_metrics', label='livekit.plugins.deepgram.stt.STT', request_id='01a00182-14db-7843-bbd2-002d2de27237', timestamp=1786731716.553213, duration=0.0, audio_duration=4.99999999999999, streamed=True, metadata=Metadata(model_name='nova-3', model_provider='Deepgram')))
--- Logging error ---
Traceback (most recent call last):
  File "C:\Users\AYESHA RAHMAN\murf-livekit-starter\backend\.venv\Lib\site-packages\livekit\agents\cli\cli.py", line 944, in emit
    self.c.console.print(output)
    ~~~~~~~~~~~~~~~~~~~~^^^^^^^^
  File "C:\Users\AYESHA RAHMAN\murf-livekit-starter\backend\.venv\Lib\site-packages\rich\console.py", line 1697, in print
    with self:
         ^^^^
  File "C:\Users\AYESHA RAHMAN\murf-livekit-starter\backend\.venv\Lib\site-packages\rich\console.py", line 870, in __exit__
    self._exit_buffer()
    ~~~~~~~~~~~~~~~~~^^
  File "C:\Users\AYESHA RAHMAN\murf-livekit-starter\backend\.venv\Lib\site-packages\rich\console.py", line 826, in _exit_buffer
    self._check_buffer()
    ~~~~~~~~~~~~~~~~~~^^
  File "C:\Users\AYESHA RAHMAN\murf-livekit-starter\backend\.venv\Lib\site-packages\rich\console.py", line 2042, in _check_buffer
    self._write_buffer()
    ~~~~~~~~~~~~~~~~~~^^
  File "C:\Users\AYESHA RAHMAN\murf-livekit-starter\backend\.venv\Lib\site-packages\rich\console.py", line 2078, in _write_buffer
    legacy_windows_render(buffer, LegacyWindowsTerm(self.file))
    ~~~~~~~~~~~~~~~~~~~~~^^^^^^^^^^^^^^^^^^^^^^^^^^^^^^^^^^^^^^
  File "C:\Users\AYESHA RAHMAN\murf-livekit-starter\backend\.venv\Lib\site-packages\rich\_windows_renderer.py", line 17, in legacy_windows_render
    term.write_styled(text, style)
    ~~~~~~~~~~~~~~~~~^^^^^^^^^^^^^
  File "C:\Users\AYESHA RAHMAN\murf-livekit-starter\backend\.venv\Lib\site-packages\rich\_win32_console.py", line 441, in write_styled
    self.write_text(text)
    ~~~~~~~~~~~~~~~^^^^^^
  File "C:\Users\AYESHA RAHMAN\murf-livekit-starter\backend\.venv\Lib\site-packages\rich\_win32_console.py", line 402, in write_text
    self.write(text)
    ~~~~~~~~~~^^^^^^
  File "C:\Users\AYESHA RAHMAN\murf-livekit-starter\backend\.uv-python\cpython-3.13-windows-x86_64-none\Lib\encodings\cp1252.py", line 19, in encode
    return codecs.charmap_encode(input,self.errors,encoding_table)[0]
           ~~~~~~~~~~~~~~~~~~~~~^^^^^^^^^^^^^^^^^^^^^^^^^^^^^^^^^^
UnicodeEncodeError: 'charmap' codec can't encode characters in position 55-58: character maps to <undefined>
Call stack:
  File "C:\Users\AYESHA RAHMAN\murf-livekit-starter\backend\.uv-python\cpython-3.13-windows-x86_64-none\Lib\threading.py", line 1015, in _bootstrap
    self._bootstrap_inner()
  File "C:\Users\AYESHA RAHMAN\murf-livekit-starter\backend\.uv-python\cpython-3.13-windows-x86_64-none\Lib\threading.py", line 1044, in _bootstrap_inner
    self.run()
  File "C:\Users\AYESHA RAHMAN\murf-livekit-starter\backend\.uv-python\cpython-3.13-windows-x86_64-none\Lib\threading.py", line 995, in run
    self._target(*self._args, **self._kwargs)
  File "C:\Users\AYESHA RAHMAN\murf-livekit-starter\backend\.venv\Lib\site-packages\livekit\agents\ipc\job_proc_lazy_main.py", line 418, in thread_main
    client.run()
  File "C:\Users\AYESHA RAHMAN\murf-livekit-starter\backend\.venv\Lib\site-packages\livekit\agents\ipc\proc_client.py", line 70, in run
    loop.run_until_complete(self._task)
  File "C:\Users\AYESHA RAHMAN\murf-livekit-starter\backend\.uv-python\cpython-3.13-windows-x86_64-none\Lib\asyncio\base_events.py", line 712, in run_until_complete
    self.run_forever()
  File "C:\Users\AYESHA RAHMAN\murf-livekit-starter\backend\.uv-python\cpython-3.13-windows-x86_64-none\Lib\asyncio\base_events.py", line 683, in run_forever
    self._run_once()
  File "C:\Users\AYESHA RAHMAN\murf-livekit-starter\backend\.uv-python\cpython-3.13-windows-x86_64-none\Lib\asyncio\base_events.py", line 2060, in _run_once
    handle._run()
  File "C:\Users\AYESHA RAHMAN\murf-livekit-starter\backend\.uv-python\cpython-3.13-windows-x86_64-none\Lib\asyncio\events.py", line 89, in _run
    self._context.run(self._callback, *self._args)
  File "C:\Users\AYESHA RAHMAN\murf-livekit-starter\backend\.venv\Lib\site-packages\livekit\agents\stt\stt.py", line 384, in _metrics_monitor_task
    self._stt.emit("metrics_collected", stt_metrics)
  File "C:\Users\AYESHA RAHMAN\murf-livekit-starter\backend\.venv\Lib\site-packages\livekit\rtc\event_emitter.py", line 58, in emit
    callback(*callback_args)
  File "C:\Users\AYESHA RAHMAN\murf-livekit-starter\backend\.venv\Lib\site-packages\livekit\agents\voice\agent_activity.py", line 1162, in _on_metrics_collected
    self._session.emit("metrics_collected", MetricsCollectedEvent(metrics=ev))
  File "C:\Users\AYESHA RAHMAN\murf-livekit-starter\backend\.venv\Lib\site-packages\livekit\agents\voice\agent_session.py", line 428, in emit
    super().emit(event, arg)
  File "C:\Users\AYESHA RAHMAN\murf-livekit-starter\backend\.venv\Lib\site-packages\livekit\rtc\event_emitter.py", line 58, in emit
    callback(*callback_args)
  File "C:\Users\AYESHA RAHMAN\murf-livekit-starter\backend\src\agent.py", line 477, in on_metrics_collected
    logger.info(
  File "C:\Users\AYESHA RAHMAN\murf-livekit-starter\backend\.uv-python\cpython-3.13-windows-x86_64-none\Lib\logging\__init__.py", line 1520, in info
    self._log(INFO, msg, args, **kwargs)
  File "C:\Users\AYESHA RAHMAN\murf-livekit-starter\backend\.uv-python\cpython-3.13-windows-x86_64-none\Lib\logging\__init__.py", line 1665, in _log
    self.handle(record)
  File "C:\Users\AYESHA RAHMAN\murf-livekit-starter\backend\.uv-python\cpython-3.13-windows-x86_64-none\Lib\logging\__init__.py", line 1681, in handle
    self.callHandlers(record)
  File "C:\Users\AYESHA RAHMAN\murf-livekit-starter\backend\.uv-python\cpython-3.13-windows-x86_64-none\Lib\logging\__init__.py", line 1737, in callHandlers
    hdlr.handle(record)
  File "C:\Users\AYESHA RAHMAN\murf-livekit-starter\backend\.uv-python\cpython-3.13-windows-x86_64-none\Lib\logging\__init__.py", line 1027, in handle
    self.emit(record)
  File "C:\Users\AYESHA RAHMAN\murf-livekit-starter\backend\.venv\Lib\site-packages\livekit\agents\cli\cli.py", line 957, in emit
    self.handleError(record)
Message: '[DEBUG-%s] metrics=%s'
Arguments: ('STT', STTMetrics(type='stt_metrics', label='livekit.plugins.deepgram.stt.STT', request_id='01a00182-14db-7843-bbd2-002d2de27237', timestamp=1786731721.5975718, duration=0.0, audio_duration=5.04999999999999, streamed=True, metadata=Metadata(model_name='nova-3', model_provider='Deepgram')))
--- Logging error ---
Traceback (most recent call last):
  File "C:\Users\AYESHA RAHMAN\murf-livekit-starter\backend\.venv\Lib\site-packages\livekit\agents\cli\cli.py", line 944, in emit
    self.c.console.print(output)
    ~~~~~~~~~~~~~~~~~~~~^^^^^^^^
  File "C:\Users\AYESHA RAHMAN\murf-livekit-starter\backend\.venv\Lib\site-packages\rich\console.py", line 1697, in print
    with self:
         ^^^^
  File "C:\Users\AYESHA RAHMAN\murf-livekit-starter\backend\.venv\Lib\site-packages\rich\console.py", line 870, in __exit__
    self._exit_buffer()
    ~~~~~~~~~~~~~~~~~^^
  File "C:\Users\AYESHA RAHMAN\murf-livekit-starter\backend\.venv\Lib\site-packages\rich\console.py", line 826, in _exit_buffer
    self._check_buffer()
    ~~~~~~~~~~~~~~~~~~^^
  File "C:\Users\AYESHA RAHMAN\murf-livekit-starter\backend\.venv\Lib\site-packages\rich\console.py", line 2042, in _check_buffer
    self._write_buffer()
    ~~~~~~~~~~~~~~~~~~^^
  File "C:\Users\AYESHA RAHMAN\murf-livekit-starter\backend\.venv\Lib\site-packages\rich\console.py", line 2078, in _write_buffer
    legacy_windows_render(buffer, LegacyWindowsTerm(self.file))
    ~~~~~~~~~~~~~~~~~~~~~^^^^^^^^^^^^^^^^^^^^^^^^^^^^^^^^^^^^^^
  File "C:\Users\AYESHA RAHMAN\murf-livekit-starter\backend\.venv\Lib\site-packages\rich\_windows_renderer.py", line 17, in legacy_windows_render
    term.write_styled(text, style)
    ~~~~~~~~~~~~~~~~~^^^^^^^^^^^^^
  File "C:\Users\AYESHA RAHMAN\murf-livekit-starter\backend\.venv\Lib\site-packages\rich\_win32_console.py", line 441, in write_styled
    self.write_text(text)
    ~~~~~~~~~~~~~~~^^^^^^
  File "C:\Users\AYESHA RAHMAN\murf-livekit-starter\backend\.venv\Lib\site-packages\rich\_win32_console.py", line 402, in write_text
    self.write(text)
    ~~~~~~~~~~^^^^^^
  File "C:\Users\AYESHA RAHMAN\murf-livekit-starter\backend\.uv-python\cpython-3.13-windows-x86_64-none\Lib\encodings\cp1252.py", line 19, in encode
    return codecs.charmap_encode(input,self.errors,encoding_table)[0]
           ~~~~~~~~~~~~~~~~~~~~~^^^^^^^^^^^^^^^^^^^^^^^^^^^^^^^^^^
UnicodeEncodeError: 'charmap' codec can't encode characters in position 55-58: character maps to <undefined>
Call stack:
  File "C:\Users\AYESHA RAHMAN\murf-livekit-starter\backend\.uv-python\cpython-3.13-windows-x86_64-none\Lib\threading.py", line 1015, in _bootstrap
    self._bootstrap_inner()
  File "C:\Users\AYESHA RAHMAN\murf-livekit-starter\backend\.uv-python\cpython-3.13-windows-x86_64-none\Lib\threading.py", line 1044, in _bootstrap_inner
    self.run()
  File "C:\Users\AYESHA RAHMAN\murf-livekit-starter\backend\.uv-python\cpython-3.13-windows-x86_64-none\Lib\threading.py", line 995, in run
    self._target(*self._args, **self._kwargs)
  File "C:\Users\AYESHA RAHMAN\murf-livekit-starter\backend\.venv\Lib\site-packages\livekit\agents\ipc\job_proc_lazy_main.py", line 418, in thread_main
    client.run()
  File "C:\Users\AYESHA RAHMAN\murf-livekit-starter\backend\.venv\Lib\site-packages\livekit\agents\ipc\proc_client.py", line 70, in run
    loop.run_until_complete(self._task)
  File "C:\Users\AYESHA RAHMAN\murf-livekit-starter\backend\.uv-python\cpython-3.13-windows-x86_64-none\Lib\asyncio\base_events.py", line 712, in run_until_complete
    self.run_forever()
  File "C:\Users\AYESHA RAHMAN\murf-livekit-starter\backend\.uv-python\cpython-3.13-windows-x86_64-none\Lib\asyncio\base_events.py", line 683, in run_forever
    self._run_once()
  File "C:\Users\AYESHA RAHMAN\murf-livekit-starter\backend\.uv-python\cpython-3.13-windows-x86_64-none\Lib\asyncio\base_events.py", line 2060, in _run_once
    handle._run()
  File "C:\Users\AYESHA RAHMAN\murf-livekit-starter\backend\.uv-python\cpython-3.13-windows-x86_64-none\Lib\asyncio\events.py", line 89, in _run
    self._context.run(self._callback, *self._args)
  File "C:\Users\AYESHA RAHMAN\murf-livekit-starter\backend\.venv\Lib\site-packages\livekit\agents\stt\stt.py", line 384, in _metrics_monitor_task
    self._stt.emit("metrics_collected", stt_metrics)
  File "C:\Users\AYESHA RAHMAN\murf-livekit-starter\backend\.venv\Lib\site-packages\livekit\rtc\event_emitter.py", line 58, in emit
    callback(*callback_args)
  File "C:\Users\AYESHA RAHMAN\murf-livekit-starter\backend\.venv\Lib\site-packages\livekit\agents\voice\agent_activity.py", line 1162, in _on_metrics_collected
    self._session.emit("metrics_collected", MetricsCollectedEvent(metrics=ev))
  File "C:\Users\AYESHA RAHMAN\murf-livekit-starter\backend\.venv\Lib\site-packages\livekit\agents\voice\agent_session.py", line 428, in emit
    super().emit(event, arg)
  File "C:\Users\AYESHA RAHMAN\murf-livekit-starter\backend\.venv\Lib\site-packages\livekit\rtc\event_emitter.py", line 58, in emit
    callback(*callback_args)
  File "C:\Users\AYESHA RAHMAN\murf-livekit-starter\backend\src\agent.py", line 477, in on_metrics_collected
    logger.info(
  File "C:\Users\AYESHA RAHMAN\murf-livekit-starter\backend\.uv-python\cpython-3.13-windows-x86_64-none\Lib\logging\__init__.py", line 1520, in info
    self._log(INFO, msg, args, **kwargs)
  File "C:\Users\AYESHA RAHMAN\murf-livekit-starter\backend\.uv-python\cpython-3.13-windows-x86_64-none\Lib\logging\__init__.py", line 1665, in _log
    self.handle(record)
  File "C:\Users\AYESHA RAHMAN\murf-livekit-starter\backend\.uv-python\cpython-3.13-windows-x86_64-none\Lib\logging\__init__.py", line 1681, in handle
    self.callHandlers(record)
  File "C:\Users\AYESHA RAHMAN\murf-livekit-starter\backend\.uv-python\cpython-3.13-windows-x86_64-none\Lib\logging\__init__.py", line 1737, in callHandlers
    hdlr.handle(record)
  File "C:\Users\AYESHA RAHMAN\murf-livekit-starter\backend\.uv-python\cpython-3.13-windows-x86_64-none\Lib\logging\__init__.py", line 1027, in handle
    self.emit(record)
  File "C:\Users\AYESHA RAHMAN\murf-livekit-starter\backend\.venv\Lib\site-packages\livekit\agents\cli\cli.py", line 957, in emit
    self.handleError(record)
Message: '[DEBUG-%s] metrics=%s'
Arguments: ('STT', STTMetrics(type='stt_metrics', label='livekit.plugins.deepgram.stt.STT', request_id='01a00182-14db-7843-bbd2-002d2de27237', timestamp=1786731726.6554995, duration=0.0, audio_duration=5.04999999999999, streamed=True, metadata=Metadata(model_name='nova-3', model_provider='Deepgram')))
--- Logging error ---
Traceback (most recent call last):
  File "C:\Users\AYESHA RAHMAN\murf-livekit-starter\backend\.venv\Lib\site-packages\livekit\agents\cli\cli.py", line 944, in emit
    self.c.console.print(output)
    ~~~~~~~~~~~~~~~~~~~~^^^^^^^^
  File "C:\Users\AYESHA RAHMAN\murf-livekit-starter\backend\.venv\Lib\site-packages\rich\console.py", line 1697, in print
    with self:
         ^^^^
  File "C:\Users\AYESHA RAHMAN\murf-livekit-starter\backend\.venv\Lib\site-packages\rich\console.py", line 870, in __exit__
    self._exit_buffer()
    ~~~~~~~~~~~~~~~~~^^
  File "C:\Users\AYESHA RAHMAN\murf-livekit-starter\backend\.venv\Lib\site-packages\rich\console.py", line 826, in _exit_buffer
    self._check_buffer()
    ~~~~~~~~~~~~~~~~~~^^
  File "C:\Users\AYESHA RAHMAN\murf-livekit-starter\backend\.venv\Lib\site-packages\rich\console.py", line 2042, in _check_buffer
    self._write_buffer()
    ~~~~~~~~~~~~~~~~~~^^
  File "C:\Users\AYESHA RAHMAN\murf-livekit-starter\backend\.venv\Lib\site-packages\rich\console.py", line 2078, in _write_buffer
    legacy_windows_render(buffer, LegacyWindowsTerm(self.file))
    ~~~~~~~~~~~~~~~~~~~~~^^^^^^^^^^^^^^^^^^^^^^^^^^^^^^^^^^^^^^
  File "C:\Users\AYESHA RAHMAN\murf-livekit-starter\backend\.venv\Lib\site-packages\rich\_windows_renderer.py", line 17, in legacy_windows_render
    term.write_styled(text, style)
    ~~~~~~~~~~~~~~~~~^^^^^^^^^^^^^
  File "C:\Users\AYESHA RAHMAN\murf-livekit-starter\backend\.venv\Lib\site-packages\rich\_win32_console.py", line 441, in write_styled
    self.write_text(text)
    ~~~~~~~~~~~~~~~^^^^^^
  File "C:\Users\AYESHA RAHMAN\murf-livekit-starter\backend\.venv\Lib\site-packages\rich\_win32_console.py", line 402, in write_text
    self.write(text)
    ~~~~~~~~~~^^^^^^
  File "C:\Users\AYESHA RAHMAN\murf-livekit-starter\backend\.uv-python\cpython-3.13-windows-x86_64-none\Lib\encodings\cp1252.py", line 19, in encode
    return codecs.charmap_encode(input,self.errors,encoding_table)[0]
           ~~~~~~~~~~~~~~~~~~~~~^^^^^^^^^^^^^^^^^^^^^^^^^^^^^^^^^^
UnicodeEncodeError: 'charmap' codec can't encode characters in position 55-58: character maps to <undefined>
Call stack:
  File "C:\Users\AYESHA RAHMAN\murf-livekit-starter\backend\.uv-python\cpython-3.13-windows-x86_64-none\Lib\threading.py", line 1015, in _bootstrap
    self._bootstrap_inner()
  File "C:\Users\AYESHA RAHMAN\murf-livekit-starter\backend\.uv-python\cpython-3.13-windows-x86_64-none\Lib\threading.py", line 1044, in _bootstrap_inner
    self.run()
  File "C:\Users\AYESHA RAHMAN\murf-livekit-starter\backend\.uv-python\cpython-3.13-windows-x86_64-none\Lib\threading.py", line 995, in run
    self._target(*self._args, **self._kwargs)
  File "C:\Users\AYESHA RAHMAN\murf-livekit-starter\backend\.venv\Lib\site-packages\livekit\agents\ipc\job_proc_lazy_main.py", line 418, in thread_main
    client.run()
  File "C:\Users\AYESHA RAHMAN\murf-livekit-starter\backend\.venv\Lib\site-packages\livekit\agents\ipc\proc_client.py", line 70, in run
    loop.run_until_complete(self._task)
  File "C:\Users\AYESHA RAHMAN\murf-livekit-starter\backend\.uv-python\cpython-3.13-windows-x86_64-none\Lib\asyncio\base_events.py", line 712, in run_until_complete
    self.run_forever()
  File "C:\Users\AYESHA RAHMAN\murf-livekit-starter\backend\.uv-python\cpython-3.13-windows-x86_64-none\Lib\asyncio\base_events.py", line 683, in run_forever
    self._run_once()
  File "C:\Users\AYESHA RAHMAN\murf-livekit-starter\backend\.uv-python\cpython-3.13-windows-x86_64-none\Lib\asyncio\base_events.py", line 2060, in _run_once
    handle._run()
  File "C:\Users\AYESHA RAHMAN\murf-livekit-starter\backend\.uv-python\cpython-3.13-windows-x86_64-none\Lib\asyncio\events.py", line 89, in _run
    self._context.run(self._callback, *self._args)
  File "C:\Users\AYESHA RAHMAN\murf-livekit-starter\backend\.venv\Lib\site-packages\livekit\rtc\room.py", line 615, in _listen_task
    self._on_room_event(event.room_event)
  File "C:\Users\AYESHA RAHMAN\murf-livekit-starter\backend\.venv\Lib\site-packages\livekit\rtc\room.py", line 659, in _on_room_event
    self.emit("participant_disconnected", rparticipant)
  File "C:\Users\AYESHA RAHMAN\murf-livekit-starter\backend\.venv\Lib\site-packages\livekit\rtc\event_emitter.py", line 58, in emit
    callback(*callback_args)
  File "C:\Users\AYESHA RAHMAN\murf-livekit-starter\backend\.venv\Lib\site-packages\livekit\agents\voice\room_io\room_io.py", line 388, in _on_participant_disconnected
    logger.info(
  File "C:\Users\AYESHA RAHMAN\murf-livekit-starter\backend\.uv-python\cpython-3.13-windows-x86_64-none\Lib\logging\__init__.py", line 1520, in info
    self._log(INFO, msg, args, **kwargs)
  File "C:\Users\AYESHA RAHMAN\murf-livekit-starter\backend\.uv-python\cpython-3.13-windows-x86_64-none\Lib\logging\__init__.py", line 1665, in _log
    self.handle(record)
  File "C:\Users\AYESHA RAHMAN\murf-livekit-starter\backend\.uv-python\cpython-3.13-windows-x86_64-none\Lib\logging\__init__.py", line 1681, in handle
    self.callHandlers(record)
  File "C:\Users\AYESHA RAHMAN\murf-livekit-starter\backend\.uv-python\cpython-3.13-windows-x86_64-none\Lib\logging\__init__.py", line 1737, in callHandlers
    hdlr.handle(record)
  File "C:\Users\AYESHA RAHMAN\murf-livekit-starter\backend\.uv-python\cpython-3.13-windows-x86_64-none\Lib\logging\__init__.py", line 1027, in handle
    self.emit(record)
  File "C:\Users\AYESHA RAHMAN\murf-livekit-starter\backend\.venv\Lib\site-packages\livekit\agents\cli\cli.py", line 957, in emit
    self.handleError(record)
Message: 'closing agent session due to participant disconnect (disable via `RoomInputOptions.close_on_disconnect=False`)'
Arguments: ()
--- Logging error ---
Traceback (most recent call last):
  File "C:\Users\AYESHA RAHMAN\murf-livekit-starter\backend\.venv\Lib\site-packages\livekit\agents\cli\cli.py", line 944, in emit
    self.c.console.print(output)
    ~~~~~~~~~~~~~~~~~~~~^^^^^^^^
  File "C:\Users\AYESHA RAHMAN\murf-livekit-starter\backend\.venv\Lib\site-packages\rich\console.py", line 1697, in print
    with self:
         ^^^^
  File "C:\Users\AYESHA RAHMAN\murf-livekit-starter\backend\.venv\Lib\site-packages\rich\console.py", line 870, in __exit__
    self._exit_buffer()
    ~~~~~~~~~~~~~~~~~^^
  File "C:\Users\AYESHA RAHMAN\murf-livekit-starter\backend\.venv\Lib\site-packages\rich\console.py", line 826, in _exit_buffer
    self._check_buffer()
    ~~~~~~~~~~~~~~~~~~^^
  File "C:\Users\AYESHA RAHMAN\murf-livekit-starter\backend\.venv\Lib\site-packages\rich\console.py", line 2042, in _check_buffer
    self._write_buffer()
    ~~~~~~~~~~~~~~~~~~^^
  File "C:\Users\AYESHA RAHMAN\murf-livekit-starter\backend\.venv\Lib\site-packages\rich\console.py", line 2078, in _write_buffer
    legacy_windows_render(buffer, LegacyWindowsTerm(self.file))
    ~~~~~~~~~~~~~~~~~~~~~^^^^^^^^^^^^^^^^^^^^^^^^^^^^^^^^^^^^^^
  File "C:\Users\AYESHA RAHMAN\murf-livekit-starter\backend\.venv\Lib\site-packages\rich\_windows_renderer.py", line 17, in legacy_windows_render
    term.write_styled(text, style)
    ~~~~~~~~~~~~~~~~~^^^^^^^^^^^^^
  File "C:\Users\AYESHA RAHMAN\murf-livekit-starter\backend\.venv\Lib\site-packages\rich\_win32_console.py", line 441, in write_styled
    self.write_text(text)
    ~~~~~~~~~~~~~~~^^^^^^
  File "C:\Users\AYESHA RAHMAN\murf-livekit-starter\backend\.venv\Lib\site-packages\rich\_win32_console.py", line 402, in write_text
    self.write(text)
    ~~~~~~~~~~^^^^^^
  File "C:\Users\AYESHA RAHMAN\murf-livekit-starter\backend\.uv-python\cpython-3.13-windows-x86_64-none\Lib\encodings\cp1252.py", line 19, in encode
    return codecs.charmap_encode(input,self.errors,encoding_table)[0]
           ~~~~~~~~~~~~~~~~~~~~~^^^^^^^^^^^^^^^^^^^^^^^^^^^^^^^^^^
UnicodeEncodeError: 'charmap' codec can't encode characters in position 55-58: character maps to <undefined>
Call stack:
  File "C:\Users\AYESHA RAHMAN\murf-livekit-starter\backend\.uv-python\cpython-3.13-windows-x86_64-none\Lib\threading.py", line 1015, in _bootstrap
    self._bootstrap_inner()
  File "C:\Users\AYESHA RAHMAN\murf-livekit-starter\backend\.uv-python\cpython-3.13-windows-x86_64-none\Lib\threading.py", line 1044, in _bootstrap_inner
    self.run()
  File "C:\Users\AYESHA RAHMAN\murf-livekit-starter\backend\.uv-python\cpython-3.13-windows-x86_64-none\Lib\threading.py", line 995, in run
    self._target(*self._args, **self._kwargs)
  File "C:\Users\AYESHA RAHMAN\murf-livekit-starter\backend\.venv\Lib\site-packages\livekit\agents\ipc\job_proc_lazy_main.py", line 418, in thread_main
    client.run()
  File "C:\Users\AYESHA RAHMAN\murf-livekit-starter\backend\.venv\Lib\site-packages\livekit\agents\ipc\proc_client.py", line 70, in run
    loop.run_until_complete(self._task)
  File "C:\Users\AYESHA RAHMAN\murf-livekit-starter\backend\.uv-python\cpython-3.13-windows-x86_64-none\Lib\asyncio\base_events.py", line 712, in run_until_complete
    self.run_forever()
  File "C:\Users\AYESHA RAHMAN\murf-livekit-starter\backend\.uv-python\cpython-3.13-windows-x86_64-none\Lib\asyncio\base_events.py", line 683, in run_forever
    self._run_once()
  File "C:\Users\AYESHA RAHMAN\murf-livekit-starter\backend\.uv-python\cpython-3.13-windows-x86_64-none\Lib\asyncio\base_events.py", line 2060, in _run_once
    handle._run()
  File "C:\Users\AYESHA RAHMAN\murf-livekit-starter\backend\.uv-python\cpython-3.13-windows-x86_64-none\Lib\asyncio\events.py", line 89, in _run
    self._context.run(self._callback, *self._args)
  File "C:\Users\AYESHA RAHMAN\murf-livekit-starter\backend\.venv\Lib\site-packages\livekit\agents\voice\room_io\_input.py", line 326, in _forward_task
    await super()._forward_task(old_task, stream, publication, participant)
  File "C:\Users\AYESHA RAHMAN\murf-livekit-starter\backend\.venv\Lib\site-packages\livekit\agents\utils\log.py", line 17, in async_fn_logs
    return await fn(*args, **kwargs)
  File "C:\Users\AYESHA RAHMAN\murf-livekit-starter\backend\.venv\Lib\site-packages\livekit\agents\voice\room_io\_input.py", line 154, in _forward_task
    logger.debug("stream closed", extra=extra)
  File "C:\Users\AYESHA RAHMAN\murf-livekit-starter\backend\.uv-python\cpython-3.13-windows-x86_64-none\Lib\logging\__init__.py", line 1508, in debug
    self._log(DEBUG, msg, args, **kwargs)
  File "C:\Users\AYESHA RAHMAN\murf-livekit-starter\backend\.uv-python\cpython-3.13-windows-x86_64-none\Lib\logging\__init__.py", line 1665, in _log
    self.handle(record)
  File "C:\Users\AYESHA RAHMAN\murf-livekit-starter\backend\.uv-python\cpython-3.13-windows-x86_64-none\Lib\logging\__init__.py", line 1681, in handle
    self.callHandlers(record)
  File "C:\Users\AYESHA RAHMAN\murf-livekit-starter\backend\.uv-python\cpython-3.13-windows-x86_64-none\Lib\logging\__init__.py", line 1737, in callHandlers
    hdlr.handle(record)
  File "C:\Users\AYESHA RAHMAN\murf-livekit-starter\backend\.uv-python\cpython-3.13-windows-x86_64-none\Lib\logging\__init__.py", line 1027, in handle
    self.emit(record)
  File "C:\Users\AYESHA RAHMAN\murf-livekit-starter\backend\.venv\Lib\site-packages\livekit\agents\cli\cli.py", line 957, in emit
    self.handleError(record)
Message: 'stream closed'
Arguments: ()
--- Logging error ---
Traceback (most recent call last):
  File "C:\Users\AYESHA RAHMAN\murf-livekit-starter\backend\.venv\Lib\site-packages\livekit\agents\cli\cli.py", line 944, in emit
    self.c.console.print(output)
    ~~~~~~~~~~~~~~~~~~~~^^^^^^^^
  File "C:\Users\AYESHA RAHMAN\murf-livekit-starter\backend\.venv\Lib\site-packages\rich\console.py", line 1697, in print
    with self:
         ^^^^
  File "C:\Users\AYESHA RAHMAN\murf-livekit-starter\backend\.venv\Lib\site-packages\rich\console.py", line 870, in __exit__
    self._exit_buffer()
    ~~~~~~~~~~~~~~~~~^^
  File "C:\Users\AYESHA RAHMAN\murf-livekit-starter\backend\.venv\Lib\site-packages\rich\console.py", line 826, in _exit_buffer
    self._check_buffer()
    ~~~~~~~~~~~~~~~~~~^^
  File "C:\Users\AYESHA RAHMAN\murf-livekit-starter\backend\.venv\Lib\site-packages\rich\console.py", line 2042, in _check_buffer
    self._write_buffer()
    ~~~~~~~~~~~~~~~~~~^^
  File "C:\Users\AYESHA RAHMAN\murf-livekit-starter\backend\.venv\Lib\site-packages\rich\console.py", line 2078, in _write_buffer
    legacy_windows_render(buffer, LegacyWindowsTerm(self.file))
    ~~~~~~~~~~~~~~~~~~~~~^^^^^^^^^^^^^^^^^^^^^^^^^^^^^^^^^^^^^^
  File "C:\Users\AYESHA RAHMAN\murf-livekit-starter\backend\.venv\Lib\site-packages\rich\_windows_renderer.py", line 17, in legacy_windows_render
    term.write_styled(text, style)
    ~~~~~~~~~~~~~~~~~^^^^^^^^^^^^^
  File "C:\Users\AYESHA RAHMAN\murf-livekit-starter\backend\.venv\Lib\site-packages\rich\_win32_console.py", line 441, in write_styled
    self.write_text(text)
    ~~~~~~~~~~~~~~~^^^^^^
  File "C:\Users\AYESHA RAHMAN\murf-livekit-starter\backend\.venv\Lib\site-packages\rich\_win32_console.py", line 402, in write_text
    self.write(text)
    ~~~~~~~~~~^^^^^^
  File "C:\Users\AYESHA RAHMAN\murf-livekit-starter\backend\.uv-python\cpython-3.13-windows-x86_64-none\Lib\encodings\cp1252.py", line 19, in encode
    return codecs.charmap_encode(input,self.errors,encoding_table)[0]
           ~~~~~~~~~~~~~~~~~~~~~^^^^^^^^^^^^^^^^^^^^^^^^^^^^^^^^^^
UnicodeEncodeError: 'charmap' codec can't encode characters in position 55-58: character maps to <undefined>
Call stack:
  File "C:\Users\AYESHA RAHMAN\murf-livekit-starter\backend\.uv-python\cpython-3.13-windows-x86_64-none\Lib\threading.py", line 1015, in _bootstrap
    self._bootstrap_inner()
  File "C:\Users\AYESHA RAHMAN\murf-livekit-starter\backend\.uv-python\cpython-3.13-windows-x86_64-none\Lib\threading.py", line 1044, in _bootstrap_inner
    self.run()
  File "C:\Users\AYESHA RAHMAN\murf-livekit-starter\backend\.uv-python\cpython-3.13-windows-x86_64-none\Lib\threading.py", line 995, in run
    self._target(*self._args, **self._kwargs)
  File "C:\Users\AYESHA RAHMAN\murf-livekit-starter\backend\.venv\Lib\site-packages\livekit\agents\ipc\job_proc_lazy_main.py", line 418, in thread_main
    client.run()
  File "C:\Users\AYESHA RAHMAN\murf-livekit-starter\backend\.venv\Lib\site-packages\livekit\agents\ipc\proc_client.py", line 70, in run
    loop.run_until_complete(self._task)
  File "C:\Users\AYESHA RAHMAN\murf-livekit-starter\backend\.uv-python\cpython-3.13-windows-x86_64-none\Lib\asyncio\base_events.py", line 712, in run_until_complete
    self.run_forever()
  File "C:\Users\AYESHA RAHMAN\murf-livekit-starter\backend\.uv-python\cpython-3.13-windows-x86_64-none\Lib\asyncio\base_events.py", line 683, in run_forever
    self._run_once()
  File "C:\Users\AYESHA RAHMAN\murf-livekit-starter\backend\.uv-python\cpython-3.13-windows-x86_64-none\Lib\asyncio\base_events.py", line 2060, in _run_once
    handle._run()
  File "C:\Users\AYESHA RAHMAN\murf-livekit-starter\backend\.uv-python\cpython-3.13-windows-x86_64-none\Lib\asyncio\events.py", line 89, in _run
    self._context.run(self._callback, *self._args)
  File "C:\Users\AYESHA RAHMAN\murf-livekit-starter\backend\.venv\Lib\site-packages\livekit\agents\voice\agent_activity.py", line 434, in _context_aware_coro
    return await coro
  File "C:\Users\AYESHA RAHMAN\murf-livekit-starter\backend\.venv\Lib\site-packages\livekit\agents\utils\log.py", line 17, in async_fn_logs
    return await fn(*args, **kwargs)
  File "C:\Users\AYESHA RAHMAN\murf-livekit-starter\backend\.venv\Lib\site-packages\livekit\agents\voice\agent_activity.py", line 1913, in _pipeline_reply_task
    await self._pipeline_reply_task_impl(
  File "C:\Users\AYESHA RAHMAN\murf-livekit-starter\backend\.venv\Lib\site-packages\livekit\agents\voice\agent_activity.py", line 2195, in _pipeline_reply_task_impl
    self._session._conversation_item_added(msg)
  File "C:\Users\AYESHA RAHMAN\murf-livekit-starter\backend\.venv\Lib\site-packages\livekit\agents\voice\agent_session.py", line 1409, in _conversation_item_added
    self.emit("conversation_item_added", ConversationItemAddedEvent(item=message))
  File "C:\Users\AYESHA RAHMAN\murf-livekit-starter\backend\.venv\Lib\site-packages\livekit\agents\voice\agent_session.py", line 428, in emit
    super().emit(event, arg)
  File "C:\Users\AYESHA RAHMAN\murf-livekit-starter\backend\.venv\Lib\site-packages\livekit\rtc\event_emitter.py", line 58, in emit
    callback(*callback_args)
  File "C:\Users\AYESHA RAHMAN\murf-livekit-starter\backend\src\agent.py", line 468, in on_conversation_item_added
    logger.info(
  File "C:\Users\AYESHA RAHMAN\murf-livekit-starter\backend\.uv-python\cpython-3.13-windows-x86_64-none\Lib\logging\__init__.py", line 1520, in info
    self._log(INFO, msg, args, **kwargs)
  File "C:\Users\AYESHA RAHMAN\murf-livekit-starter\backend\.uv-python\cpython-3.13-windows-x86_64-none\Lib\logging\__init__.py", line 1665, in _log
    self.handle(record)
  File "C:\Users\AYESHA RAHMAN\murf-livekit-starter\backend\.uv-python\cpython-3.13-windows-x86_64-none\Lib\logging\__init__.py", line 1681, in handle
    self.callHandlers(record)
  File "C:\Users\AYESHA RAHMAN\murf-livekit-starter\backend\.uv-python\cpython-3.13-windows-x86_64-none\Lib\logging\__init__.py", line 1737, in callHandlers
    hdlr.handle(record)
  File "C:\Users\AYESHA RAHMAN\murf-livekit-starter\backend\.uv-python\cpython-3.13-windows-x86_64-none\Lib\logging\__init__.py", line 1027, in handle
    self.emit(record)
  File "C:\Users\AYESHA RAHMAN\murf-livekit-starter\backend\.venv\Lib\site-packages\livekit\agents\cli\cli.py", line 957, in emit
    self.handleError(record)
Message: '[DEBUG-LLM] assistant text committed after playout=%r'
Arguments: ('UPI \u092f\u093e\u0928\u0940 \u092f\u0942\u0928\u093f\u092b\u093c\u093e\u0907\u0921 \u092a\u0947\u092e\u0947\u0902\u091f\u094d\u0938 \u0907\u0902\u091f\u0930\u092b\u093c\u0947\u0938 (Unified Payments Interface) \u090f\u0915 \u0910\u0938\u0940 \u0921\u093f\u091c\u093f\u091f\u0932 \u0935\u094d\u092f\u0935\u0938\u094d\u0925\u093e \u0939\u0948 \u091c\u093f\u0938\u0915\u0947 \u091c\u093c\u0930\u093f\u090f \u0906\u092a \u0905\u092a\u0928\u0947 \u092c\u0948\u0902\u0915 \u0916\u093e\u0924\u0947 \u0938\u0947 \u0938\u0940\u0927\u0947 \u0915\u093f\u0938\u0940 \u0915\u094b \u092d\u0940, \u0915\u092d\u0940 \u092d\u0940 \u0924\u0941\u0930\u0902\u0924 \u092a\u0948\u0938\u0947 \u092d\u0947\u091c \u092f\u093e \u092e\u0902\u0917\u093e \u0938\u0915\u0924\u0947 \u0939\u0948\u0902\u0964 \u0907\u0938\u0915\u0947 \u0932\u093f\u090f \u0906\u092a\u0915\u094b \u092c\u093e\u0930-\u092c\u093e\u0930 \u092c\u0948\u0902\u0915 \u0916\u093e\u0924\u093e \u0928\u0902\u092c\u0930 \u092f\u093e IFSC \u0915\u094b\u0921 \u0921\u093e\u0932\u0928\u0947 \u0915\u0940 \u091c\u093c\u0930\u0942\u0930\u0924 \u0928\u0939\u0940\u0902 \u092a\u0921\u093c\u0924\u0940; \u092c\u0938 \u090f\u0915',)
--- Logging error ---
Traceback (most recent call last):
  File "C:\Users\AYESHA RAHMAN\murf-livekit-starter\backend\.venv\Lib\site-packages\livekit\agents\cli\cli.py", line 944, in emit
    self.c.console.print(output)
    ~~~~~~~~~~~~~~~~~~~~^^^^^^^^
  File "C:\Users\AYESHA RAHMAN\murf-livekit-starter\backend\.venv\Lib\site-packages\rich\console.py", line 1697, in print
    with self:
         ^^^^
  File "C:\Users\AYESHA RAHMAN\murf-livekit-starter\backend\.venv\Lib\site-packages\rich\console.py", line 870, in __exit__
    self._exit_buffer()
    ~~~~~~~~~~~~~~~~~^^
  File "C:\Users\AYESHA RAHMAN\murf-livekit-starter\backend\.venv\Lib\site-packages\rich\console.py", line 826, in _exit_buffer
    self._check_buffer()
    ~~~~~~~~~~~~~~~~~~^^
  File "C:\Users\AYESHA RAHMAN\murf-livekit-starter\backend\.venv\Lib\site-packages\rich\console.py", line 2042, in _check_buffer
    self._write_buffer()
    ~~~~~~~~~~~~~~~~~~^^
  File "C:\Users\AYESHA RAHMAN\murf-livekit-starter\backend\.venv\Lib\site-packages\rich\console.py", line 2078, in _write_buffer
    legacy_windows_render(buffer, LegacyWindowsTerm(self.file))
    ~~~~~~~~~~~~~~~~~~~~~^^^^^^^^^^^^^^^^^^^^^^^^^^^^^^^^^^^^^^
  File "C:\Users\AYESHA RAHMAN\murf-livekit-starter\backend\.venv\Lib\site-packages\rich\_windows_renderer.py", line 17, in legacy_windows_render
    term.write_styled(text, style)
    ~~~~~~~~~~~~~~~~~^^^^^^^^^^^^^
  File "C:\Users\AYESHA RAHMAN\murf-livekit-starter\backend\.venv\Lib\site-packages\rich\_win32_console.py", line 441, in write_styled
    self.write_text(text)
    ~~~~~~~~~~~~~~~^^^^^^
  File "C:\Users\AYESHA RAHMAN\murf-livekit-starter\backend\.venv\Lib\site-packages\rich\_win32_console.py", line 402, in write_text
    self.write(text)
    ~~~~~~~~~~^^^^^^
  File "C:\Users\AYESHA RAHMAN\murf-livekit-starter\backend\.uv-python\cpython-3.13-windows-x86_64-none\Lib\encodings\cp1252.py", line 19, in encode
    return codecs.charmap_encode(input,self.errors,encoding_table)[0]
           ~~~~~~~~~~~~~~~~~~~~~^^^^^^^^^^^^^^^^^^^^^^^^^^^^^^^^^^
UnicodeEncodeError: 'charmap' codec can't encode characters in position 55-58: character maps to <undefined>
Call stack:
  File "C:\Users\AYESHA RAHMAN\murf-livekit-starter\backend\.uv-python\cpython-3.13-windows-x86_64-none\Lib\threading.py", line 1015, in _bootstrap
    self._bootstrap_inner()
  File "C:\Users\AYESHA RAHMAN\murf-livekit-starter\backend\.uv-python\cpython-3.13-windows-x86_64-none\Lib\threading.py", line 1044, in _bootstrap_inner
    self.run()
  File "C:\Users\AYESHA RAHMAN\murf-livekit-starter\backend\.uv-python\cpython-3.13-windows-x86_64-none\Lib\threading.py", line 995, in run
    self._target(*self._args, **self._kwargs)
  File "C:\Users\AYESHA RAHMAN\murf-livekit-starter\backend\.venv\Lib\site-packages\livekit\agents\ipc\job_proc_lazy_main.py", line 418, in thread_main
    client.run()
  File "C:\Users\AYESHA RAHMAN\murf-livekit-starter\backend\.venv\Lib\site-packages\livekit\agents\ipc\proc_client.py", line 70, in run
    loop.run_until_complete(self._task)
  File "C:\Users\AYESHA RAHMAN\murf-livekit-starter\backend\.uv-python\cpython-3.13-windows-x86_64-none\Lib\asyncio\base_events.py", line 712, in run_until_complete
    self.run_forever()
  File "C:\Users\AYESHA RAHMAN\murf-livekit-starter\backend\.uv-python\cpython-3.13-windows-x86_64-none\Lib\asyncio\base_events.py", line 683, in run_forever
    self._run_once()
  File "C:\Users\AYESHA RAHMAN\murf-livekit-starter\backend\.uv-python\cpython-3.13-windows-x86_64-none\Lib\asyncio\base_events.py", line 2060, in _run_once
    handle._run()
  File "C:\Users\AYESHA RAHMAN\murf-livekit-starter\backend\.uv-python\cpython-3.13-windows-x86_64-none\Lib\asyncio\events.py", line 89, in _run
    self._context.run(self._callback, *self._args)
  File "C:\Users\AYESHA RAHMAN\murf-livekit-starter\backend\.venv\Lib\site-packages\livekit\agents\utils\log.py", line 17, in async_fn_logs
    return await fn(*args, **kwargs)
  File "C:\Users\AYESHA RAHMAN\murf-livekit-starter\backend\.venv\Lib\site-packages\livekit\agents\voice\agent_session.py", line 879, in _aclose_impl
    self.input.audio = None
  File "C:\Users\AYESHA RAHMAN\murf-livekit-starter\backend\.venv\Lib\site-packages\livekit\agents\voice\io.py", line 429, in audio
    self._audio_stream.on_detached()
  File "C:\Users\AYESHA RAHMAN\murf-livekit-starter\backend\.venv\Lib\site-packages\livekit\agents\voice\room_io\_input.py", line 83, in on_detached
    logger.debug(
  File "C:\Users\AYESHA RAHMAN\murf-livekit-starter\backend\.uv-python\cpython-3.13-windows-x86_64-none\Lib\logging\__init__.py", line 1508, in debug
    self._log(DEBUG, msg, args, **kwargs)
  File "C:\Users\AYESHA RAHMAN\murf-livekit-starter\backend\.uv-python\cpython-3.13-windows-x86_64-none\Lib\logging\__init__.py", line 1665, in _log
    self.handle(record)
  File "C:\Users\AYESHA RAHMAN\murf-livekit-starter\backend\.uv-python\cpython-3.13-windows-x86_64-none\Lib\logging\__init__.py", line 1681, in handle
    self.callHandlers(record)
  File "C:\Users\AYESHA RAHMAN\murf-livekit-starter\backend\.uv-python\cpython-3.13-windows-x86_64-none\Lib\logging\__init__.py", line 1737, in callHandlers
    hdlr.handle(record)
  File "C:\Users\AYESHA RAHMAN\murf-livekit-starter\backend\.uv-python\cpython-3.13-windows-x86_64-none\Lib\logging\__init__.py", line 1027, in handle
    self.emit(record)
  File "C:\Users\AYESHA RAHMAN\murf-livekit-starter\backend\.venv\Lib\site-packages\livekit\agents\cli\cli.py", line 957, in emit
    self.handleError(record)
Message: 'input stream detached'
Arguments: ()
--- Logging error ---
Traceback (most recent call last):
  File "C:\Users\AYESHA RAHMAN\murf-livekit-starter\backend\.venv\Lib\site-packages\livekit\agents\cli\cli.py", line 944, in emit
    self.c.console.print(output)
    ~~~~~~~~~~~~~~~~~~~~^^^^^^^^
  File "C:\Users\AYESHA RAHMAN\murf-livekit-starter\backend\.venv\Lib\site-packages\rich\console.py", line 1697, in print
    with self:
         ^^^^
  File "C:\Users\AYESHA RAHMAN\murf-livekit-starter\backend\.venv\Lib\site-packages\rich\console.py", line 870, in __exit__
    self._exit_buffer()
    ~~~~~~~~~~~~~~~~~^^
  File "C:\Users\AYESHA RAHMAN\murf-livekit-starter\backend\.venv\Lib\site-packages\rich\console.py", line 826, in _exit_buffer
    self._check_buffer()
    ~~~~~~~~~~~~~~~~~~^^
  File "C:\Users\AYESHA RAHMAN\murf-livekit-starter\backend\.venv\Lib\site-packages\rich\console.py", line 2042, in _check_buffer
    self._write_buffer()
    ~~~~~~~~~~~~~~~~~~^^
  File "C:\Users\AYESHA RAHMAN\murf-livekit-starter\backend\.venv\Lib\site-packages\rich\console.py", line 2078, in _write_buffer
    legacy_windows_render(buffer, LegacyWindowsTerm(self.file))
    ~~~~~~~~~~~~~~~~~~~~~^^^^^^^^^^^^^^^^^^^^^^^^^^^^^^^^^^^^^^
  File "C:\Users\AYESHA RAHMAN\murf-livekit-starter\backend\.venv\Lib\site-packages\rich\_windows_renderer.py", line 17, in legacy_windows_render
    term.write_styled(text, style)
    ~~~~~~~~~~~~~~~~~^^^^^^^^^^^^^
  File "C:\Users\AYESHA RAHMAN\murf-livekit-starter\backend\.venv\Lib\site-packages\rich\_win32_console.py", line 441, in write_styled
    self.write_text(text)
    ~~~~~~~~~~~~~~~^^^^^^
  File "C:\Users\AYESHA RAHMAN\murf-livekit-starter\backend\.venv\Lib\site-packages\rich\_win32_console.py", line 402, in write_text
    self.write(text)
    ~~~~~~~~~~^^^^^^
  File "C:\Users\AYESHA RAHMAN\murf-livekit-starter\backend\.uv-python\cpython-3.13-windows-x86_64-none\Lib\encodings\cp1252.py", line 19, in encode
    return codecs.charmap_encode(input,self.errors,encoding_table)[0]
           ~~~~~~~~~~~~~~~~~~~~~^^^^^^^^^^^^^^^^^^^^^^^^^^^^^^^^^^
UnicodeEncodeError: 'charmap' codec can't encode characters in position 55-58: character maps to <undefined>
Call stack:
  File "C:\Users\AYESHA RAHMAN\murf-livekit-starter\backend\.uv-python\cpython-3.13-windows-x86_64-none\Lib\threading.py", line 1015, in _bootstrap
    self._bootstrap_inner()
  File "C:\Users\AYESHA RAHMAN\murf-livekit-starter\backend\.uv-python\cpython-3.13-windows-x86_64-none\Lib\threading.py", line 1044, in _bootstrap_inner
    self.run()
  File "C:\Users\AYESHA RAHMAN\murf-livekit-starter\backend\.uv-python\cpython-3.13-windows-x86_64-none\Lib\threading.py", line 995, in run
    self._target(*self._args, **self._kwargs)
  File "C:\Users\AYESHA RAHMAN\murf-livekit-starter\backend\.venv\Lib\site-packages\livekit\agents\ipc\job_proc_lazy_main.py", line 418, in thread_main
    client.run()
  File "C:\Users\AYESHA RAHMAN\murf-livekit-starter\backend\.venv\Lib\site-packages\livekit\agents\ipc\proc_client.py", line 70, in run
    loop.run_until_complete(self._task)
  File "C:\Users\AYESHA RAHMAN\murf-livekit-starter\backend\.uv-python\cpython-3.13-windows-x86_64-none\Lib\asyncio\base_events.py", line 712, in run_until_complete
    self.run_forever()
  File "C:\Users\AYESHA RAHMAN\murf-livekit-starter\backend\.uv-python\cpython-3.13-windows-x86_64-none\Lib\asyncio\base_events.py", line 683, in run_forever
    self._run_once()
  File "C:\Users\AYESHA RAHMAN\murf-livekit-starter\backend\.uv-python\cpython-3.13-windows-x86_64-none\Lib\asyncio\base_events.py", line 2060, in _run_once
    handle._run()
  File "C:\Users\AYESHA RAHMAN\murf-livekit-starter\backend\.uv-python\cpython-3.13-windows-x86_64-none\Lib\asyncio\events.py", line 89, in _run
    self._context.run(self._callback, *self._args)
  File "C:\Users\AYESHA RAHMAN\murf-livekit-starter\backend\.venv\Lib\site-packages\livekit\agents\utils\log.py", line 17, in async_fn_logs
    return await fn(*args, **kwargs)
  File "C:\Users\AYESHA RAHMAN\murf-livekit-starter\backend\.venv\Lib\site-packages\livekit\agents\voice\agent_session.py", line 936, in _aclose_impl
    logger.debug("session closed", extra={"reason": reason.value, "error": error})
  File "C:\Users\AYESHA RAHMAN\murf-livekit-starter\backend\.uv-python\cpython-3.13-windows-x86_64-none\Lib\logging\__init__.py", line 1508, in debug
    self._log(DEBUG, msg, args, **kwargs)
  File "C:\Users\AYESHA RAHMAN\murf-livekit-starter\backend\.uv-python\cpython-3.13-windows-x86_64-none\Lib\logging\__init__.py", line 1665, in _log
    self.handle(record)
  File "C:\Users\AYESHA RAHMAN\murf-livekit-starter\backend\.uv-python\cpython-3.13-windows-x86_64-none\Lib\logging\__init__.py", line 1681, in handle
    self.callHandlers(record)
  File "C:\Users\AYESHA RAHMAN\murf-livekit-starter\backend\.uv-python\cpython-3.13-windows-x86_64-none\Lib\logging\__init__.py", line 1737, in callHandlers
    hdlr.handle(record)
  File "C:\Users\AYESHA RAHMAN\murf-livekit-starter\backend\.uv-python\cpython-3.13-windows-x86_64-none\Lib\logging\__init__.py", line 1027, in handle
    self.emit(record)
  File "C:\Users\AYESHA RAHMAN\murf-livekit-starter\backend\.venv\Lib\site-packages\livekit\agents\cli\cli.py", line 957, in emit
    self.handleError(record)
Message: 'session closed'
Arguments: ()
--- Logging error ---
Traceback (most recent call last):
  File "C:\Users\AYESHA RAHMAN\murf-livekit-starter\backend\.venv\Lib\site-packages\livekit\agents\cli\cli.py", line 944, in emit
    self.c.console.print(output)
    ~~~~~~~~~~~~~~~~~~~~^^^^^^^^
  File "C:\Users\AYESHA RAHMAN\murf-livekit-starter\backend\.venv\Lib\site-packages\rich\console.py", line 1697, in print
    with self:
         ^^^^
  File "C:\Users\AYESHA RAHMAN\murf-livekit-starter\backend\.venv\Lib\site-packages\rich\console.py", line 870, in __exit__
    self._exit_buffer()
    ~~~~~~~~~~~~~~~~~^^
  File "C:\Users\AYESHA RAHMAN\murf-livekit-starter\backend\.venv\Lib\site-packages\rich\console.py", line 826, in _exit_buffer
    self._check_buffer()
    ~~~~~~~~~~~~~~~~~~^^
  File "C:\Users\AYESHA RAHMAN\murf-livekit-starter\backend\.venv\Lib\site-packages\rich\console.py", line 2042, in _check_buffer
    self._write_buffer()
    ~~~~~~~~~~~~~~~~~~^^
  File "C:\Users\AYESHA RAHMAN\murf-livekit-starter\backend\.venv\Lib\site-packages\rich\console.py", line 2078, in _write_buffer
    legacy_windows_render(buffer, LegacyWindowsTerm(self.file))
    ~~~~~~~~~~~~~~~~~~~~~^^^^^^^^^^^^^^^^^^^^^^^^^^^^^^^^^^^^^^
  File "C:\Users\AYESHA RAHMAN\murf-livekit-starter\backend\.venv\Lib\site-packages\rich\_windows_renderer.py", line 17, in legacy_windows_render
    term.write_styled(text, style)
    ~~~~~~~~~~~~~~~~~^^^^^^^^^^^^^
  File "C:\Users\AYESHA RAHMAN\murf-livekit-starter\backend\.venv\Lib\site-packages\rich\_win32_console.py", line 441, in write_styled
    self.write_text(text)
    ~~~~~~~~~~~~~~~^^^^^^
  File "C:\Users\AYESHA RAHMAN\murf-livekit-starter\backend\.venv\Lib\site-packages\rich\_win32_console.py", line 402, in write_text
    self.write(text)
    ~~~~~~~~~~^^^^^^
  File "C:\Users\AYESHA RAHMAN\murf-livekit-starter\backend\.uv-python\cpython-3.13-windows-x86_64-none\Lib\encodings\cp1252.py", line 19, in encode
    return codecs.charmap_encode(input,self.errors,encoding_table)[0]
           ~~~~~~~~~~~~~~~~~~~~~^^^^^^^^^^^^^^^^^^^^^^^^^^^^^^^^^^
UnicodeEncodeError: 'charmap' codec can't encode characters in position 55-58: character maps to <undefined>
Call stack:
  File "C:\Users\AYESHA RAHMAN\murf-livekit-starter\backend\.uv-python\cpython-3.13-windows-x86_64-none\Lib\threading.py", line 1015, in _bootstrap
    self._bootstrap_inner()
  File "C:\Users\AYESHA RAHMAN\murf-livekit-starter\backend\.uv-python\cpython-3.13-windows-x86_64-none\Lib\threading.py", line 1044, in _bootstrap_inner
    self.run()
  File "C:\Users\AYESHA RAHMAN\murf-livekit-starter\backend\.uv-python\cpython-3.13-windows-x86_64-none\Lib\threading.py", line 995, in run
    self._target(*self._args, **self._kwargs)
  File "C:\Users\AYESHA RAHMAN\murf-livekit-starter\backend\.venv\Lib\site-packages\livekit\agents\ipc\job_proc_lazy_main.py", line 418, in thread_main
    client.run()
  File "C:\Users\AYESHA RAHMAN\murf-livekit-starter\backend\.venv\Lib\site-packages\livekit\agents\ipc\proc_client.py", line 70, in run
    loop.run_until_complete(self._task)
  File "C:\Users\AYESHA RAHMAN\murf-livekit-starter\backend\.uv-python\cpython-3.13-windows-x86_64-none\Lib\asyncio\base_events.py", line 712, in run_until_complete
    self.run_forever()
  File "C:\Users\AYESHA RAHMAN\murf-livekit-starter\backend\.uv-python\cpython-3.13-windows-x86_64-none\Lib\asyncio\base_events.py", line 683, in run_forever
    self._run_once()
  File "C:\Users\AYESHA RAHMAN\murf-livekit-starter\backend\.uv-python\cpython-3.13-windows-x86_64-none\Lib\asyncio\base_events.py", line 2060, in _run_once
    handle._run()
  File "C:\Users\AYESHA RAHMAN\murf-livekit-starter\backend\.uv-python\cpython-3.13-windows-x86_64-none\Lib\asyncio\events.py", line 89, in _run
    self._context.run(self._callback, *self._args)
  File "C:\Users\AYESHA RAHMAN\murf-livekit-starter\backend\.venv\Lib\site-packages\livekit\agents\utils\log.py", line 17, in async_fn_logs
    return await fn(*args, **kwargs)
  File "C:\Users\AYESHA RAHMAN\murf-livekit-starter\backend\.venv\Lib\site-packages\livekit\agents\ipc\job_proc_lazy_main.py", line 363, in _run_job_task
    logger.debug(
  File "C:\Users\AYESHA RAHMAN\murf-livekit-starter\backend\.uv-python\cpython-3.13-windows-x86_64-none\Lib\logging\__init__.py", line 1508, in debug
    self._log(DEBUG, msg, args, **kwargs)
  File "C:\Users\AYESHA RAHMAN\murf-livekit-starter\backend\.uv-python\cpython-3.13-windows-x86_64-none\Lib\logging\__init__.py", line 1665, in _log
    self.handle(record)
  File "C:\Users\AYESHA RAHMAN\murf-livekit-starter\backend\.uv-python\cpython-3.13-windows-x86_64-none\Lib\logging\__init__.py", line 1681, in handle
    self.callHandlers(record)
  File "C:\Users\AYESHA RAHMAN\murf-livekit-starter\backend\.uv-python\cpython-3.13-windows-x86_64-none\Lib\logging\__init__.py", line 1737, in callHandlers
    hdlr.handle(record)
  File "C:\Users\AYESHA RAHMAN\murf-livekit-starter\backend\.uv-python\cpython-3.13-windows-x86_64-none\Lib\logging\__init__.py", line 1027, in handle
    self.emit(record)
  File "C:\Users\AYESHA RAHMAN\murf-livekit-starter\backend\.venv\Lib\site-packages\livekit\agents\cli\cli.py", line 957, in emit
    self.handleError(record)
Message: 'shutting down job task'
Arguments: ()
--- Logging error ---
Traceback (most recent call last):
  File "C:\Users\AYESHA RAHMAN\murf-livekit-starter\backend\.venv\Lib\site-packages\livekit\agents\cli\cli.py", line 944, in emit
    self.c.console.print(output)
    ~~~~~~~~~~~~~~~~~~~~^^^^^^^^
  File "C:\Users\AYESHA RAHMAN\murf-livekit-starter\backend\.venv\Lib\site-packages\rich\console.py", line 1697, in print
    with self:
         ^^^^
  File "C:\Users\AYESHA RAHMAN\murf-livekit-starter\backend\.venv\Lib\site-packages\rich\console.py", line 870, in __exit__
    self._exit_buffer()
    ~~~~~~~~~~~~~~~~~^^
  File "C:\Users\AYESHA RAHMAN\murf-livekit-starter\backend\.venv\Lib\site-packages\rich\console.py", line 826, in _exit_buffer
    self._check_buffer()
    ~~~~~~~~~~~~~~~~~~^^
  File "C:\Users\AYESHA RAHMAN\murf-livekit-starter\backend\.venv\Lib\site-packages\rich\console.py", line 2042, in _check_buffer
    self._write_buffer()
    ~~~~~~~~~~~~~~~~~~^^
  File "C:\Users\AYESHA RAHMAN\murf-livekit-starter\backend\.venv\Lib\site-packages\rich\console.py", line 2078, in _write_buffer
    legacy_windows_render(buffer, LegacyWindowsTerm(self.file))
    ~~~~~~~~~~~~~~~~~~~~~^^^^^^^^^^^^^^^^^^^^^^^^^^^^^^^^^^^^^^
  File "C:\Users\AYESHA RAHMAN\murf-livekit-starter\backend\.venv\Lib\site-packages\rich\_windows_renderer.py", line 17, in legacy_windows_render
    term.write_styled(text, style)
    ~~~~~~~~~~~~~~~~~^^^^^^^^^^^^^
  File "C:\Users\AYESHA RAHMAN\murf-livekit-starter\backend\.venv\Lib\site-packages\rich\_win32_console.py", line 441, in write_styled
    self.write_text(text)
    ~~~~~~~~~~~~~~~^^^^^^
  File "C:\Users\AYESHA RAHMAN\murf-livekit-starter\backend\.venv\Lib\site-packages\rich\_win32_console.py", line 402, in write_text
    self.write(text)
    ~~~~~~~~~~^^^^^^
  File "C:\Users\AYESHA RAHMAN\murf-livekit-starter\backend\.uv-python\cpython-3.13-windows-x86_64-none\Lib\encodings\cp1252.py", line 19, in encode
    return codecs.charmap_encode(input,self.errors,encoding_table)[0]
           ~~~~~~~~~~~~~~~~~~~~~^^^^^^^^^^^^^^^^^^^^^^^^^^^^^^^^^^
UnicodeEncodeError: 'charmap' codec can't encode characters in position 55-58: character maps to <undefined>
Call stack:
  File "C:\Users\AYESHA RAHMAN\murf-livekit-starter\backend\.uv-python\cpython-3.13-windows-x86_64-none\Lib\threading.py", line 1015, in _bootstrap
    self._bootstrap_inner()
  File "C:\Users\AYESHA RAHMAN\murf-livekit-starter\backend\.uv-python\cpython-3.13-windows-x86_64-none\Lib\threading.py", line 1044, in _bootstrap_inner
    self.run()
  File "C:\Users\AYESHA RAHMAN\murf-livekit-starter\backend\.uv-python\cpython-3.13-windows-x86_64-none\Lib\threading.py", line 995, in run
    self._target(*self._args, **self._kwargs)
  File "C:\Users\AYESHA RAHMAN\murf-livekit-starter\backend\.venv\Lib\site-packages\livekit\agents\ipc\job_proc_lazy_main.py", line 418, in thread_main
    client.run()
  File "C:\Users\AYESHA RAHMAN\murf-livekit-starter\backend\.venv\Lib\site-packages\livekit\agents\ipc\proc_client.py", line 70, in run
    loop.run_until_complete(self._task)
  File "C:\Users\AYESHA RAHMAN\murf-livekit-starter\backend\.uv-python\cpython-3.13-windows-x86_64-none\Lib\asyncio\base_events.py", line 712, in run_until_complete
    self.run_forever()
  File "C:\Users\AYESHA RAHMAN\murf-livekit-starter\backend\.uv-python\cpython-3.13-windows-x86_64-none\Lib\asyncio\base_events.py", line 683, in run_forever
    self._run_once()
  File "C:\Users\AYESHA RAHMAN\murf-livekit-starter\backend\.uv-python\cpython-3.13-windows-x86_64-none\Lib\asyncio\base_events.py", line 2060, in _run_once
    handle._run()
  File "C:\Users\AYESHA RAHMAN\murf-livekit-starter\backend\.uv-python\cpython-3.13-windows-x86_64-none\Lib\asyncio\events.py", line 89, in _run
    self._context.run(self._callback, *self._args)
  File "C:\Users\AYESHA RAHMAN\murf-livekit-starter\backend\.venv\Lib\site-packages\livekit\agents\utils\log.py", line 17, in async_fn_logs
    return await fn(*args, **kwargs)
  File "C:\Users\AYESHA RAHMAN\murf-livekit-starter\backend\.venv\Lib\site-packages\livekit\agents\ipc\job_proc_lazy_main.py", line 387, in _run_job_task
    await http_context._close_http_ctx()
  File "C:\Users\AYESHA RAHMAN\murf-livekit-starter\backend\.venv\Lib\site-packages\livekit\agents\utils\http_context.py", line 57, in _close_http_ctx
    logger.debug("http_session(): closing the httpclient ctx")
  File "C:\Users\AYESHA RAHMAN\murf-livekit-starter\backend\.uv-python\cpython-3.13-windows-x86_64-none\Lib\logging\__init__.py", line 1508, in debug
    self._log(DEBUG, msg, args, **kwargs)
  File "C:\Users\AYESHA RAHMAN\murf-livekit-starter\backend\.uv-python\cpython-3.13-windows-x86_64-none\Lib\logging\__init__.py", line 1665, in _log
    self.handle(record)
  File "C:\Users\AYESHA RAHMAN\murf-livekit-starter\backend\.uv-python\cpython-3.13-windows-x86_64-none\Lib\logging\__init__.py", line 1681, in handle
    self.callHandlers(record)
  File "C:\Users\AYESHA RAHMAN\murf-livekit-starter\backend\.uv-python\cpython-3.13-windows-x86_64-none\Lib\logging\__init__.py", line 1737, in callHandlers
    hdlr.handle(record)
  File "C:\Users\AYESHA RAHMAN\murf-livekit-starter\backend\.uv-python\cpython-3.13-windows-x86_64-none\Lib\logging\__init__.py", line 1027, in handle
    self.emit(record)
  File "C:\Users\AYESHA RAHMAN\murf-livekit-starter\backend\.venv\Lib\site-packages\livekit\agents\cli\cli.py", line 957, in emit
    self.handleError(record)
Message: 'http_session(): closing the httpclient ctx'
Arguments: ()
--- Logging error ---
Traceback (most recent call last):
  File "C:\Users\AYESHA RAHMAN\murf-livekit-starter\backend\.venv\Lib\site-packages\livekit\agents\cli\cli.py", line 951, in emit
    self.c.console.print(extra_line)
    ~~~~~~~~~~~~~~~~~~~~^^^^^^^^^^^^
  File "C:\Users\AYESHA RAHMAN\murf-livekit-starter\backend\.venv\Lib\site-packages\rich\console.py", line 1697, in print
    with self:
         ^^^^
  File "C:\Users\AYESHA RAHMAN\murf-livekit-starter\backend\.venv\Lib\site-packages\rich\console.py", line 870, in __exit__
    self._exit_buffer()
    ~~~~~~~~~~~~~~~~~^^
  File "C:\Users\AYESHA RAHMAN\murf-livekit-starter\backend\.venv\Lib\site-packages\rich\console.py", line 826, in _exit_buffer
    self._check_buffer()
    ~~~~~~~~~~~~~~~~~~^^
  File "C:\Users\AYESHA RAHMAN\murf-livekit-starter\backend\.venv\Lib\site-packages\rich\console.py", line 2042, in _check_buffer
    self._write_buffer()
    ~~~~~~~~~~~~~~~~~~^^
  File "C:\Users\AYESHA RAHMAN\murf-livekit-starter\backend\.venv\Lib\site-packages\rich\console.py", line 2078, in _write_buffer
    legacy_windows_render(buffer, LegacyWindowsTerm(self.file))
    ~~~~~~~~~~~~~~~~~~~~~^^^^^^^^^^^^^^^^^^^^^^^^^^^^^^^^^^^^^^
  File "C:\Users\AYESHA RAHMAN\murf-livekit-starter\backend\.venv\Lib\site-packages\rich\_windows_renderer.py", line 17, in legacy_windows_render
    term.write_styled(text, style)
    ~~~~~~~~~~~~~~~~~^^^^^^^^^^^^^
  File "C:\Users\AYESHA RAHMAN\murf-livekit-starter\backend\.venv\Lib\site-packages\rich\_win32_console.py", line 441, in write_styled
    self.write_text(text)
    ~~~~~~~~~~~~~~~^^^^^^
  File "C:\Users\AYESHA RAHMAN\murf-livekit-starter\backend\.venv\Lib\site-packages\rich\_win32_console.py", line 402, in write_text
    self.write(text)
    ~~~~~~~~~~^^^^^^
  File "C:\Users\AYESHA RAHMAN\murf-livekit-starter\backend\.uv-python\cpython-3.13-windows-x86_64-none\Lib\encodings\cp1252.py", line 19, in encode
    return codecs.charmap_encode(input,self.errors,encoding_table)[0]
           ~~~~~~~~~~~~~~~~~~~~~^^^^^^^^^^^^^^^^^^^^^^^^^^^^^^^^^^
UnicodeEncodeError: 'charmap' codec can't encode character '\u20b9' in position 52: character maps to <undefined>
Call stack:
  File "C:\Users\AYESHA RAHMAN\murf-livekit-starter\backend\.uv-python\cpython-3.13-windows-x86_64-none\Lib\threading.py", line 1015, in _bootstrap
    self._bootstrap_inner()
  File "C:\Users\AYESHA RAHMAN\murf-livekit-starter\backend\.uv-python\cpython-3.13-windows-x86_64-none\Lib\threading.py", line 1044, in _bootstrap_inner
    self.run()
  File "C:\Users\AYESHA RAHMAN\murf-livekit-starter\backend\.uv-python\cpython-3.13-windows-x86_64-none\Lib\threading.py", line 995, in run
    self._target(*self._args, **self._kwargs)
  File "C:\Users\AYESHA RAHMAN\murf-livekit-starter\backend\.venv\Lib\site-packages\livekit\agents\ipc\job_proc_lazy_main.py", line 418, in thread_main
    client.run()
  File "C:\Users\AYESHA RAHMAN\murf-livekit-starter\backend\.venv\Lib\site-packages\livekit\agents\ipc\proc_client.py", line 70, in run
    loop.run_until_complete(self._task)
  File "C:\Users\AYESHA RAHMAN\murf-livekit-starter\backend\.uv-python\cpython-3.13-windows-x86_64-none\Lib\asyncio\base_events.py", line 712, in run_until_complete
    self.run_forever()
  File "C:\Users\AYESHA RAHMAN\murf-livekit-starter\backend\.uv-python\cpython-3.13-windows-x86_64-none\Lib\asyncio\base_events.py", line 683, in run_forever
    self._run_once()
  File "C:\Users\AYESHA RAHMAN\murf-livekit-starter\backend\.uv-python\cpython-3.13-windows-x86_64-none\Lib\asyncio\base_events.py", line 2060, in _run_once
    handle._run()
  File "C:\Users\AYESHA RAHMAN\murf-livekit-starter\backend\.uv-python\cpython-3.13-windows-x86_64-none\Lib\asyncio\events.py", line 89, in _run
    self._context.run(self._callback, *self._args)
  File "C:\Users\AYESHA RAHMAN\murf-livekit-starter\backend\.venv\Lib\site-packages\livekit\agents\tts\stream_pacer.py", line 149, in _send_task
    logger.debug(
  File "C:\Users\AYESHA RAHMAN\murf-livekit-starter\backend\.uv-python\cpython-3.13-windows-x86_64-none\Lib\logging\__init__.py", line 1508, in debug
    self._log(DEBUG, msg, args, **kwargs)
  File "C:\Users\AYESHA RAHMAN\murf-livekit-starter\backend\.uv-python\cpython-3.13-windows-x86_64-none\Lib\logging\__init__.py", line 1665, in _log
    self.handle(record)
  File "C:\Users\AYESHA RAHMAN\murf-livekit-starter\backend\.uv-python\cpython-3.13-windows-x86_64-none\Lib\logging\__init__.py", line 1681, in handle
    self.callHandlers(record)
  File "C:\Users\AYESHA RAHMAN\murf-livekit-starter\backend\.uv-python\cpython-3.13-windows-x86_64-none\Lib\logging\__init__.py", line 1737, in callHandlers
    hdlr.handle(record)
  File "C:\Users\AYESHA RAHMAN\murf-livekit-starter\backend\.uv-python\cpython-3.13-windows-x86_64-none\Lib\logging\__init__.py", line 1027, in handle
    self.emit(record)
  File "C:\Users\AYESHA RAHMAN\murf-livekit-starter\backend\.venv\Lib\site-packages\livekit\agents\cli\cli.py", line 957, in emit
    self.handleError(record)
Message: 'sent text to tts'
Arguments: ()
--- Logging error ---
Traceback (most recent call last):
  File "C:\Users\AYESHA RAHMAN\murf-livekit-starter\backend\.venv\Lib\site-packages\livekit\agents\cli\cli.py", line 944, in emit
    self.c.console.print(output)
    ~~~~~~~~~~~~~~~~~~~~^^^^^^^^
  File "C:\Users\AYESHA RAHMAN\murf-livekit-starter\backend\.venv\Lib\site-packages\rich\console.py", line 1697, in print
    with self:
         ^^^^
  File "C:\Users\AYESHA RAHMAN\murf-livekit-starter\backend\.venv\Lib\site-packages\rich\console.py", line 870, in __exit__
    self._exit_buffer()
    ~~~~~~~~~~~~~~~~~^^
  File "C:\Users\AYESHA RAHMAN\murf-livekit-starter\backend\.venv\Lib\site-packages\rich\console.py", line 826, in _exit_buffer
    self._check_buffer()
    ~~~~~~~~~~~~~~~~~~^^
  File "C:\Users\AYESHA RAHMAN\murf-livekit-starter\backend\.venv\Lib\site-packages\rich\console.py", line 2042, in _check_buffer
    self._write_buffer()
    ~~~~~~~~~~~~~~~~~~^^
  File "C:\Users\AYESHA RAHMAN\murf-livekit-starter\backend\.venv\Lib\site-packages\rich\console.py", line 2078, in _write_buffer
    legacy_windows_render(buffer, LegacyWindowsTerm(self.file))
    ~~~~~~~~~~~~~~~~~~~~~^^^^^^^^^^^^^^^^^^^^^^^^^^^^^^^^^^^^^^
  File "C:\Users\AYESHA RAHMAN\murf-livekit-starter\backend\.venv\Lib\site-packages\rich\_windows_renderer.py", line 17, in legacy_windows_render
    term.write_styled(text, style)
    ~~~~~~~~~~~~~~~~~^^^^^^^^^^^^^
  File "C:\Users\AYESHA RAHMAN\murf-livekit-starter\backend\.venv\Lib\site-packages\rich\_win32_console.py", line 441, in write_styled
    self.write_text(text)
    ~~~~~~~~~~~~~~~^^^^^^
  File "C:\Users\AYESHA RAHMAN\murf-livekit-starter\backend\.venv\Lib\site-packages\rich\_win32_console.py", line 402, in write_text
    self.write(text)
    ~~~~~~~~~~^^^^^^
  File "C:\Users\AYESHA RAHMAN\murf-livekit-starter\backend\.uv-python\cpython-3.13-windows-x86_64-none\Lib\encodings\cp1252.py", line 19, in encode
    return codecs.charmap_encode(input,self.errors,encoding_table)[0]
           ~~~~~~~~~~~~~~~~~~~~~^^^^^^^^^^^^^^^^^^^^^^^^^^^^^^^^^^
UnicodeEncodeError: 'charmap' codec can't encode character '\u20b9' in position 52: character maps to <undefined>
Call stack:
  File "C:\Users\AYESHA RAHMAN\murf-livekit-starter\backend\.uv-python\cpython-3.13-windows-x86_64-none\Lib\threading.py", line 1015, in _bootstrap
    self._bootstrap_inner()
  File "C:\Users\AYESHA RAHMAN\murf-livekit-starter\backend\.uv-python\cpython-3.13-windows-x86_64-none\Lib\threading.py", line 1044, in _bootstrap_inner
    self.run()
  File "C:\Users\AYESHA RAHMAN\murf-livekit-starter\backend\.uv-python\cpython-3.13-windows-x86_64-none\Lib\threading.py", line 995, in run
    self._target(*self._args, **self._kwargs)
  File "C:\Users\AYESHA RAHMAN\murf-livekit-starter\backend\.venv\Lib\site-packages\livekit\agents\ipc\job_proc_lazy_main.py", line 418, in thread_main
    client.run()
  File "C:\Users\AYESHA RAHMAN\murf-livekit-starter\backend\.venv\Lib\site-packages\livekit\agents\ipc\proc_client.py", line 70, in run
    loop.run_until_complete(self._task)
  File "C:\Users\AYESHA RAHMAN\murf-livekit-starter\backend\.uv-python\cpython-3.13-windows-x86_64-none\Lib\asyncio\base_events.py", line 712, in run_until_complete
    self.run_forever()
  File "C:\Users\AYESHA RAHMAN\murf-livekit-starter\backend\.uv-python\cpython-3.13-windows-x86_64-none\Lib\asyncio\base_events.py", line 683, in run_forever
    self._run_once()
  File "C:\Users\AYESHA RAHMAN\murf-livekit-starter\backend\.uv-python\cpython-3.13-windows-x86_64-none\Lib\asyncio\base_events.py", line 2060, in _run_once
    handle._run()
  File "C:\Users\AYESHA RAHMAN\murf-livekit-starter\backend\.uv-python\cpython-3.13-windows-x86_64-none\Lib\asyncio\events.py", line 89, in _run
    self._context.run(self._callback, *self._args)
  File "C:\Users\AYESHA RAHMAN\murf-livekit-starter\backend\.venv\Lib\site-packages\livekit\agents\tts\tts.py", line 859, in _flush
    logger.debug("flush audio emitter due to slow audio generation")
  File "C:\Users\AYESHA RAHMAN\murf-livekit-starter\backend\.uv-python\cpython-3.13-windows-x86_64-none\Lib\logging\__init__.py", line 1508, in debug
    self._log(DEBUG, msg, args, **kwargs)
  File "C:\Users\AYESHA RAHMAN\murf-livekit-starter\backend\.uv-python\cpython-3.13-windows-x86_64-none\Lib\logging\__init__.py", line 1665, in _log
    self.handle(record)
  File "C:\Users\AYESHA RAHMAN\murf-livekit-starter\backend\.uv-python\cpython-3.13-windows-x86_64-none\Lib\logging\__init__.py", line 1681, in handle
    self.callHandlers(record)
  File "C:\Users\AYESHA RAHMAN\murf-livekit-starter\backend\.uv-python\cpython-3.13-windows-x86_64-none\Lib\logging\__init__.py", line 1737, in callHandlers
    hdlr.handle(record)
  File "C:\Users\AYESHA RAHMAN\murf-livekit-starter\backend\.uv-python\cpython-3.13-windows-x86_64-none\Lib\logging\__init__.py", line 1027, in handle
    self.emit(record)
  File "C:\Users\AYESHA RAHMAN\murf-livekit-starter\backend\.venv\Lib\site-packages\livekit\agents\cli\cli.py", line 957, in emit
    self.handleError(record)
Message: 'flush audio emitter due to slow audio generation'
Arguments: ()
--- Logging error ---
Traceback (most recent call last):
  File "C:\Users\AYESHA RAHMAN\murf-livekit-starter\backend\.venv\Lib\site-packages\livekit\agents\cli\cli.py", line 944, in emit
    self.c.console.print(output)
    ~~~~~~~~~~~~~~~~~~~~^^^^^^^^
  File "C:\Users\AYESHA RAHMAN\murf-livekit-starter\backend\.venv\Lib\site-packages\rich\console.py", line 1697, in print
    with self:
         ^^^^
  File "C:\Users\AYESHA RAHMAN\murf-livekit-starter\backend\.venv\Lib\site-packages\rich\console.py", line 870, in __exit__
    self._exit_buffer()
    ~~~~~~~~~~~~~~~~~^^
  File "C:\Users\AYESHA RAHMAN\murf-livekit-starter\backend\.venv\Lib\site-packages\rich\console.py", line 826, in _exit_buffer
    self._check_buffer()
    ~~~~~~~~~~~~~~~~~~^^
  File "C:\Users\AYESHA RAHMAN\murf-livekit-starter\backend\.venv\Lib\site-packages\rich\console.py", line 2042, in _check_buffer
    self._write_buffer()
    ~~~~~~~~~~~~~~~~~~^^
  File "C:\Users\AYESHA RAHMAN\murf-livekit-starter\backend\.venv\Lib\site-packages\rich\console.py", line 2078, in _write_buffer
    legacy_windows_render(buffer, LegacyWindowsTerm(self.file))
    ~~~~~~~~~~~~~~~~~~~~~^^^^^^^^^^^^^^^^^^^^^^^^^^^^^^^^^^^^^^
  File "C:\Users\AYESHA RAHMAN\murf-livekit-starter\backend\.venv\Lib\site-packages\rich\_windows_renderer.py", line 17, in legacy_windows_render
    term.write_styled(text, style)
    ~~~~~~~~~~~~~~~~~^^^^^^^^^^^^^
  File "C:\Users\AYESHA RAHMAN\murf-livekit-starter\backend\.venv\Lib\site-packages\rich\_win32_console.py", line 441, in write_styled
    self.write_text(text)
    ~~~~~~~~~~~~~~~^^^^^^
  File "C:\Users\AYESHA RAHMAN\murf-livekit-starter\backend\.venv\Lib\site-packages\rich\_win32_console.py", line 402, in write_text
    self.write(text)
    ~~~~~~~~~~^^^^^^
  File "C:\Users\AYESHA RAHMAN\murf-livekit-starter\backend\.uv-python\cpython-3.13-windows-x86_64-none\Lib\encodings\cp1252.py", line 19, in encode
    return codecs.charmap_encode(input,self.errors,encoding_table)[0]
           ~~~~~~~~~~~~~~~~~~~~~^^^^^^^^^^^^^^^^^^^^^^^^^^^^^^^^^^
UnicodeEncodeError: 'charmap' codec can't encode character '\u20b9' in position 52: character maps to <undefined>
Call stack:
  File "C:\Users\AYESHA RAHMAN\murf-livekit-starter\backend\.uv-python\cpython-3.13-windows-x86_64-none\Lib\threading.py", line 1015, in _bootstrap
    self._bootstrap_inner()
  File "C:\Users\AYESHA RAHMAN\murf-livekit-starter\backend\.uv-python\cpython-3.13-windows-x86_64-none\Lib\threading.py", line 1044, in _bootstrap_inner
    self.run()
  File "C:\Users\AYESHA RAHMAN\murf-livekit-starter\backend\.uv-python\cpython-3.13-windows-x86_64-none\Lib\threading.py", line 995, in run
    self._target(*self._args, **self._kwargs)
  File "C:\Users\AYESHA RAHMAN\murf-livekit-starter\backend\.venv\Lib\site-packages\livekit\agents\ipc\job_proc_lazy_main.py", line 418, in thread_main
    client.run()
  File "C:\Users\AYESHA RAHMAN\murf-livekit-starter\backend\.venv\Lib\site-packages\livekit\agents\ipc\proc_client.py", line 70, in run
    loop.run_until_complete(self._task)
  File "C:\Users\AYESHA RAHMAN\murf-livekit-starter\backend\.uv-python\cpython-3.13-windows-x86_64-none\Lib\asyncio\base_events.py", line 712, in run_until_complete
    self.run_forever()
  File "C:\Users\AYESHA RAHMAN\murf-livekit-starter\backend\.uv-python\cpython-3.13-windows-x86_64-none\Lib\asyncio\base_events.py", line 683, in run_forever
    self._run_once()
  File "C:\Users\AYESHA RAHMAN\murf-livekit-starter\backend\.uv-python\cpython-3.13-windows-x86_64-none\Lib\asyncio\base_events.py", line 2060, in _run_once
    handle._run()
  File "C:\Users\AYESHA RAHMAN\murf-livekit-starter\backend\.uv-python\cpython-3.13-windows-x86_64-none\Lib\asyncio\events.py", line 89, in _run
    self._context.run(self._callback, *self._args)
  File "C:\Users\AYESHA RAHMAN\murf-livekit-starter\backend\.venv\Lib\site-packages\livekit\agents\tts\stream_pacer.py", line 149, in _send_task
    logger.debug(
  File "C:\Users\AYESHA RAHMAN\murf-livekit-starter\backend\.uv-python\cpython-3.13-windows-x86_64-none\Lib\logging\__init__.py", line 1508, in debug
    self._log(DEBUG, msg, args, **kwargs)
  File "C:\Users\AYESHA RAHMAN\murf-livekit-starter\backend\.uv-python\cpython-3.13-windows-x86_64-none\Lib\logging\__init__.py", line 1665, in _log
    self.handle(record)
  File "C:\Users\AYESHA RAHMAN\murf-livekit-starter\backend\.uv-python\cpython-3.13-windows-x86_64-none\Lib\logging\__init__.py", line 1681, in handle
    self.callHandlers(record)
  File "C:\Users\AYESHA RAHMAN\murf-livekit-starter\backend\.uv-python\cpython-3.13-windows-x86_64-none\Lib\logging\__init__.py", line 1737, in callHandlers
    hdlr.handle(record)
  File "C:\Users\AYESHA RAHMAN\murf-livekit-starter\backend\.uv-python\cpython-3.13-windows-x86_64-none\Lib\logging\__init__.py", line 1027, in handle
    self.emit(record)
  File "C:\Users\AYESHA RAHMAN\murf-livekit-starter\backend\.venv\Lib\site-packages\livekit\agents\cli\cli.py", line 957, in emit
    self.handleError(record)
Message: 'sent text to tts'
Arguments: ()
--- Logging error ---
Traceback (most recent call last):
  File "C:\Users\AYESHA RAHMAN\murf-livekit-starter\backend\.venv\Lib\site-packages\livekit\agents\cli\cli.py", line 944, in emit
    self.c.console.print(output)
    ~~~~~~~~~~~~~~~~~~~~^^^^^^^^
  File "C:\Users\AYESHA RAHMAN\murf-livekit-starter\backend\.venv\Lib\site-packages\rich\console.py", line 1697, in print
    with self:
         ^^^^
  File "C:\Users\AYESHA RAHMAN\murf-livekit-starter\backend\.venv\Lib\site-packages\rich\console.py", line 870, in __exit__
    self._exit_buffer()
    ~~~~~~~~~~~~~~~~~^^
  File "C:\Users\AYESHA RAHMAN\murf-livekit-starter\backend\.venv\Lib\site-packages\rich\console.py", line 826, in _exit_buffer
    self._check_buffer()
    ~~~~~~~~~~~~~~~~~~^^
  File "C:\Users\AYESHA RAHMAN\murf-livekit-starter\backend\.venv\Lib\site-packages\rich\console.py", line 2042, in _check_buffer
    self._write_buffer()
    ~~~~~~~~~~~~~~~~~~^^
  File "C:\Users\AYESHA RAHMAN\murf-livekit-starter\backend\.venv\Lib\site-packages\rich\console.py", line 2078, in _write_buffer
    legacy_windows_render(buffer, LegacyWindowsTerm(self.file))
    ~~~~~~~~~~~~~~~~~~~~~^^^^^^^^^^^^^^^^^^^^^^^^^^^^^^^^^^^^^^
  File "C:\Users\AYESHA RAHMAN\murf-livekit-starter\backend\.venv\Lib\site-packages\rich\_windows_renderer.py", line 17, in legacy_windows_render
    term.write_styled(text, style)
    ~~~~~~~~~~~~~~~~~^^^^^^^^^^^^^
  File "C:\Users\AYESHA RAHMAN\murf-livekit-starter\backend\.venv\Lib\site-packages\rich\_win32_console.py", line 441, in write_styled
    self.write_text(text)
    ~~~~~~~~~~~~~~~^^^^^^
  File "C:\Users\AYESHA RAHMAN\murf-livekit-starter\backend\.venv\Lib\site-packages\rich\_win32_console.py", line 402, in write_text
    self.write(text)
    ~~~~~~~~~~^^^^^^
  File "C:\Users\AYESHA RAHMAN\murf-livekit-starter\backend\.uv-python\cpython-3.13-windows-x86_64-none\Lib\encodings\cp1252.py", line 19, in encode
    return codecs.charmap_encode(input,self.errors,encoding_table)[0]
           ~~~~~~~~~~~~~~~~~~~~~^^^^^^^^^^^^^^^^^^^^^^^^^^^^^^^^^^
UnicodeEncodeError: 'charmap' codec can't encode character '\u20b9' in position 52: character maps to <undefined>
Call stack:
  File "C:\Users\AYESHA RAHMAN\murf-livekit-starter\backend\.uv-python\cpython-3.13-windows-x86_64-none\Lib\threading.py", line 1015, in _bootstrap
    self._bootstrap_inner()
  File "C:\Users\AYESHA RAHMAN\murf-livekit-starter\backend\.uv-python\cpython-3.13-windows-x86_64-none\Lib\threading.py", line 1044, in _bootstrap_inner
    self.run()
  File "C:\Users\AYESHA RAHMAN\murf-livekit-starter\backend\.uv-python\cpython-3.13-windows-x86_64-none\Lib\threading.py", line 995, in run
    self._target(*self._args, **self._kwargs)
  File "C:\Users\AYESHA RAHMAN\murf-livekit-starter\backend\.venv\Lib\site-packages\livekit\agents\ipc\job_proc_lazy_main.py", line 418, in thread_main
    client.run()
  File "C:\Users\AYESHA RAHMAN\murf-livekit-starter\backend\.venv\Lib\site-packages\livekit\agents\ipc\proc_client.py", line 70, in run
    loop.run_until_complete(self._task)
  File "C:\Users\AYESHA RAHMAN\murf-livekit-starter\backend\.uv-python\cpython-3.13-windows-x86_64-none\Lib\asyncio\base_events.py", line 712, in run_until_complete
    self.run_forever()
  File "C:\Users\AYESHA RAHMAN\murf-livekit-starter\backend\.uv-python\cpython-3.13-windows-x86_64-none\Lib\asyncio\base_events.py", line 683, in run_forever
    self._run_once()
  File "C:\Users\AYESHA RAHMAN\murf-livekit-starter\backend\.uv-python\cpython-3.13-windows-x86_64-none\Lib\asyncio\base_events.py", line 2060, in _run_once
    handle._run()
  File "C:\Users\AYESHA RAHMAN\murf-livekit-starter\backend\.uv-python\cpython-3.13-windows-x86_64-none\Lib\asyncio\events.py", line 89, in _run
    self._context.run(self._callback, *self._args)
  File "C:\Users\AYESHA RAHMAN\murf-livekit-starter\backend\.venv\Lib\site-packages\livekit\agents\stt\stt.py", line 384, in _metrics_monitor_task
    self._stt.emit("metrics_collected", stt_metrics)
  File "C:\Users\AYESHA RAHMAN\murf-livekit-starter\backend\.venv\Lib\site-packages\livekit\rtc\event_emitter.py", line 58, in emit
    callback(*callback_args)
  File "C:\Users\AYESHA RAHMAN\murf-livekit-starter\backend\.venv\Lib\site-packages\livekit\agents\voice\agent_activity.py", line 1162, in _on_metrics_collected
    self._session.emit("metrics_collected", MetricsCollectedEvent(metrics=ev))
  File "C:\Users\AYESHA RAHMAN\murf-livekit-starter\backend\.venv\Lib\site-packages\livekit\agents\voice\agent_session.py", line 428, in emit
    super().emit(event, arg)
  File "C:\Users\AYESHA RAHMAN\murf-livekit-starter\backend\.venv\Lib\site-packages\livekit\rtc\event_emitter.py", line 58, in emit
    callback(*callback_args)
  File "C:\Users\AYESHA RAHMAN\murf-livekit-starter\backend\src\agent.py", line 477, in on_metrics_collected
    logger.info(
  File "C:\Users\AYESHA RAHMAN\murf-livekit-starter\backend\.uv-python\cpython-3.13-windows-x86_64-none\Lib\logging\__init__.py", line 1520, in info
    self._log(INFO, msg, args, **kwargs)
  File "C:\Users\AYESHA RAHMAN\murf-livekit-starter\backend\.uv-python\cpython-3.13-windows-x86_64-none\Lib\logging\__init__.py", line 1665, in _log
    self.handle(record)
  File "C:\Users\AYESHA RAHMAN\murf-livekit-starter\backend\.uv-python\cpython-3.13-windows-x86_64-none\Lib\logging\__init__.py", line 1681, in handle
    self.callHandlers(record)
  File "C:\Users\AYESHA RAHMAN\murf-livekit-starter\backend\.uv-python\cpython-3.13-windows-x86_64-none\Lib\logging\__init__.py", line 1737, in callHandlers
    hdlr.handle(record)
  File "C:\Users\AYESHA RAHMAN\murf-livekit-starter\backend\.uv-python\cpython-3.13-windows-x86_64-none\Lib\logging\__init__.py", line 1027, in handle
    self.emit(record)
  File "C:\Users\AYESHA RAHMAN\murf-livekit-starter\backend\.venv\Lib\site-packages\livekit\agents\cli\cli.py", line 957, in emit
    self.handleError(record)
Message: '[DEBUG-%s] metrics=%s'
Arguments: ('STT', STTMetrics(type='stt_metrics', label='livekit.plugins.deepgram.stt.STT', request_id='01a00183-59f7-7ad3-8d42-92bf10e19690', timestamp=1786731780.0943558, duration=0.0, audio_duration=4.94999999999999, streamed=True, metadata=Metadata(model_name='nova-3', model_provider='Deepgram')))
--- Logging error ---
Traceback (most recent call last):
  File "C:\Users\AYESHA RAHMAN\murf-livekit-starter\backend\.venv\Lib\site-packages\livekit\agents\cli\cli.py", line 944, in emit
    self.c.console.print(output)
    ~~~~~~~~~~~~~~~~~~~~^^^^^^^^
  File "C:\Users\AYESHA RAHMAN\murf-livekit-starter\backend\.venv\Lib\site-packages\rich\console.py", line 1697, in print
    with self:
         ^^^^
  File "C:\Users\AYESHA RAHMAN\murf-livekit-starter\backend\.venv\Lib\site-packages\rich\console.py", line 870, in __exit__
    self._exit_buffer()
    ~~~~~~~~~~~~~~~~~^^
  File "C:\Users\AYESHA RAHMAN\murf-livekit-starter\backend\.venv\Lib\site-packages\rich\console.py", line 826, in _exit_buffer
    self._check_buffer()
    ~~~~~~~~~~~~~~~~~~^^
  File "C:\Users\AYESHA RAHMAN\murf-livekit-starter\backend\.venv\Lib\site-packages\rich\console.py", line 2042, in _check_buffer
    self._write_buffer()
    ~~~~~~~~~~~~~~~~~~^^
  File "C:\Users\AYESHA RAHMAN\murf-livekit-starter\backend\.venv\Lib\site-packages\rich\console.py", line 2078, in _write_buffer
    legacy_windows_render(buffer, LegacyWindowsTerm(self.file))
    ~~~~~~~~~~~~~~~~~~~~~^^^^^^^^^^^^^^^^^^^^^^^^^^^^^^^^^^^^^^
  File "C:\Users\AYESHA RAHMAN\murf-livekit-starter\backend\.venv\Lib\site-packages\rich\_windows_renderer.py", line 17, in legacy_windows_render
    term.write_styled(text, style)
    ~~~~~~~~~~~~~~~~~^^^^^^^^^^^^^
  File "C:\Users\AYESHA RAHMAN\murf-livekit-starter\backend\.venv\Lib\site-packages\rich\_win32_console.py", line 441, in write_styled
    self.write_text(text)
    ~~~~~~~~~~~~~~~^^^^^^
  File "C:\Users\AYESHA RAHMAN\murf-livekit-starter\backend\.venv\Lib\site-packages\rich\_win32_console.py", line 402, in write_text
    self.write(text)
    ~~~~~~~~~~^^^^^^
  File "C:\Users\AYESHA RAHMAN\murf-livekit-starter\backend\.uv-python\cpython-3.13-windows-x86_64-none\Lib\encodings\cp1252.py", line 19, in encode
    return codecs.charmap_encode(input,self.errors,encoding_table)[0]
           ~~~~~~~~~~~~~~~~~~~~~^^^^^^^^^^^^^^^^^^^^^^^^^^^^^^^^^^
UnicodeEncodeError: 'charmap' codec can't encode character '\u20b9' in position 52: character maps to <undefined>
Call stack:
  File "C:\Users\AYESHA RAHMAN\murf-livekit-starter\backend\.uv-python\cpython-3.13-windows-x86_64-none\Lib\threading.py", line 1015, in _bootstrap
    self._bootstrap_inner()
  File "C:\Users\AYESHA RAHMAN\murf-livekit-starter\backend\.uv-python\cpython-3.13-windows-x86_64-none\Lib\threading.py", line 1044, in _bootstrap_inner
    self.run()
  File "C:\Users\AYESHA RAHMAN\murf-livekit-starter\backend\.uv-python\cpython-3.13-windows-x86_64-none\Lib\threading.py", line 995, in run
    self._target(*self._args, **self._kwargs)
  File "C:\Users\AYESHA RAHMAN\murf-livekit-starter\backend\.venv\Lib\site-packages\livekit\agents\ipc\job_proc_lazy_main.py", line 418, in thread_main
    client.run()
  File "C:\Users\AYESHA RAHMAN\murf-livekit-starter\backend\.venv\Lib\site-packages\livekit\agents\ipc\proc_client.py", line 70, in run
    loop.run_until_complete(self._task)
  File "C:\Users\AYESHA RAHMAN\murf-livekit-starter\backend\.uv-python\cpython-3.13-windows-x86_64-none\Lib\asyncio\base_events.py", line 712, in run_until_complete
    self.run_forever()
  File "C:\Users\AYESHA RAHMAN\murf-livekit-starter\backend\.uv-python\cpython-3.13-windows-x86_64-none\Lib\asyncio\base_events.py", line 683, in run_forever
    self._run_once()
  File "C:\Users\AYESHA RAHMAN\murf-livekit-starter\backend\.uv-python\cpython-3.13-windows-x86_64-none\Lib\asyncio\base_events.py", line 2060, in _run_once
    handle._run()
  File "C:\Users\AYESHA RAHMAN\murf-livekit-starter\backend\.uv-python\cpython-3.13-windows-x86_64-none\Lib\asyncio\events.py", line 89, in _run
    self._context.run(self._callback, *self._args)
  File "C:\Users\AYESHA RAHMAN\murf-livekit-starter\backend\.venv\Lib\site-packages\livekit\agents\tts\tts.py", line 570, in _metrics_monitor_task
    _emit_metrics()
  File "C:\Users\AYESHA RAHMAN\murf-livekit-starter\backend\.venv\Lib\site-packages\livekit\agents\tts\tts.py", line 554, in _emit_metrics
    self._tts.emit("metrics_collected", metrics)
  File "C:\Users\AYESHA RAHMAN\murf-livekit-starter\backend\.venv\Lib\site-packages\livekit\rtc\event_emitter.py", line 58, in emit
    callback(*callback_args)
  File "C:\Users\AYESHA RAHMAN\murf-livekit-starter\backend\.venv\Lib\site-packages\livekit\agents\voice\agent_activity.py", line 1162, in _on_metrics_collected
    self._session.emit("metrics_collected", MetricsCollectedEvent(metrics=ev))
  File "C:\Users\AYESHA RAHMAN\murf-livekit-starter\backend\.venv\Lib\site-packages\livekit\agents\voice\agent_session.py", line 428, in emit
    super().emit(event, arg)
  File "C:\Users\AYESHA RAHMAN\murf-livekit-starter\backend\.venv\Lib\site-packages\livekit\rtc\event_emitter.py", line 58, in emit
    callback(*callback_args)
  File "C:\Users\AYESHA RAHMAN\murf-livekit-starter\backend\src\agent.py", line 477, in on_metrics_collected
    logger.info(
  File "C:\Users\AYESHA RAHMAN\murf-livekit-starter\backend\.uv-python\cpython-3.13-windows-x86_64-none\Lib\logging\__init__.py", line 1520, in info
    self._log(INFO, msg, args, **kwargs)
  File "C:\Users\AYESHA RAHMAN\murf-livekit-starter\backend\.uv-python\cpython-3.13-windows-x86_64-none\Lib\logging\__init__.py", line 1665, in _log
    self.handle(record)
  File "C:\Users\AYESHA RAHMAN\murf-livekit-starter\backend\.uv-python\cpython-3.13-windows-x86_64-none\Lib\logging\__init__.py", line 1681, in handle
    self.callHandlers(record)
  File "C:\Users\AYESHA RAHMAN\murf-livekit-starter\backend\.uv-python\cpython-3.13-windows-x86_64-none\Lib\logging\__init__.py", line 1737, in callHandlers
    hdlr.handle(record)
  File "C:\Users\AYESHA RAHMAN\murf-livekit-starter\backend\.uv-python\cpython-3.13-windows-x86_64-none\Lib\logging\__init__.py", line 1027, in handle
    self.emit(record)
  File "C:\Users\AYESHA RAHMAN\murf-livekit-starter\backend\.venv\Lib\site-packages\livekit\agents\cli\cli.py", line 957, in emit
    self.handleError(record)
Message: '[DEBUG-%s] metrics=%s'
Arguments: ('TTS', TTSMetrics(type='tts_metrics', label='livekit.plugins.murf.tts.TTS', request_id='7e4259f5f53f', timestamp=1786731781.2325404, ttfb=0.30938509999759845, duration=5.412241899997753, audio_duration=42.96000000000008, cancelled=False, characters_count=671, streamed=True, segment_id='cf5a801f69a1', speech_id='speech_31dac5446280', metadata=Metadata(model_name='FALCON', model_provider='Murf')))
--- Logging error ---
Traceback (most recent call last):
  File "C:\Users\AYESHA RAHMAN\murf-livekit-starter\backend\.venv\Lib\site-packages\livekit\agents\cli\cli.py", line 944, in emit
    self.c.console.print(output)
    ~~~~~~~~~~~~~~~~~~~~^^^^^^^^
  File "C:\Users\AYESHA RAHMAN\murf-livekit-starter\backend\.venv\Lib\site-packages\rich\console.py", line 1697, in print
    with self:
         ^^^^
  File "C:\Users\AYESHA RAHMAN\murf-livekit-starter\backend\.venv\Lib\site-packages\rich\console.py", line 870, in __exit__
    self._exit_buffer()
    ~~~~~~~~~~~~~~~~~^^
  File "C:\Users\AYESHA RAHMAN\murf-livekit-starter\backend\.venv\Lib\site-packages\rich\console.py", line 826, in _exit_buffer
    self._check_buffer()
    ~~~~~~~~~~~~~~~~~~^^
  File "C:\Users\AYESHA RAHMAN\murf-livekit-starter\backend\.venv\Lib\site-packages\rich\console.py", line 2042, in _check_buffer
    self._write_buffer()
    ~~~~~~~~~~~~~~~~~~^^
  File "C:\Users\AYESHA RAHMAN\murf-livekit-starter\backend\.venv\Lib\site-packages\rich\console.py", line 2078, in _write_buffer
    legacy_windows_render(buffer, LegacyWindowsTerm(self.file))
    ~~~~~~~~~~~~~~~~~~~~~^^^^^^^^^^^^^^^^^^^^^^^^^^^^^^^^^^^^^^
  File "C:\Users\AYESHA RAHMAN\murf-livekit-starter\backend\.venv\Lib\site-packages\rich\_windows_renderer.py", line 17, in legacy_windows_render
    term.write_styled(text, style)
    ~~~~~~~~~~~~~~~~~^^^^^^^^^^^^^
  File "C:\Users\AYESHA RAHMAN\murf-livekit-starter\backend\.venv\Lib\site-packages\rich\_win32_console.py", line 441, in write_styled
    self.write_text(text)
    ~~~~~~~~~~~~~~~^^^^^^
  File "C:\Users\AYESHA RAHMAN\murf-livekit-starter\backend\.venv\Lib\site-packages\rich\_win32_console.py", line 402, in write_text
    self.write(text)
    ~~~~~~~~~~^^^^^^
  File "C:\Users\AYESHA RAHMAN\murf-livekit-starter\backend\.uv-python\cpython-3.13-windows-x86_64-none\Lib\encodings\cp1252.py", line 19, in encode
    return codecs.charmap_encode(input,self.errors,encoding_table)[0]
           ~~~~~~~~~~~~~~~~~~~~~^^^^^^^^^^^^^^^^^^^^^^^^^^^^^^^^^^
UnicodeEncodeError: 'charmap' codec can't encode character '\u20b9' in position 52: character maps to <undefined>
Call stack:
  File "C:\Users\AYESHA RAHMAN\murf-livekit-starter\backend\.uv-python\cpython-3.13-windows-x86_64-none\Lib\threading.py", line 1015, in _bootstrap
    self._bootstrap_inner()
  File "C:\Users\AYESHA RAHMAN\murf-livekit-starter\backend\.uv-python\cpython-3.13-windows-x86_64-none\Lib\threading.py", line 1044, in _bootstrap_inner
    self.run()
  File "C:\Users\AYESHA RAHMAN\murf-livekit-starter\backend\.uv-python\cpython-3.13-windows-x86_64-none\Lib\threading.py", line 995, in run
    self._target(*self._args, **self._kwargs)
  File "C:\Users\AYESHA RAHMAN\murf-livekit-starter\backend\.venv\Lib\site-packages\livekit\agents\ipc\job_proc_lazy_main.py", line 418, in thread_main
    client.run()
  File "C:\Users\AYESHA RAHMAN\murf-livekit-starter\backend\.venv\Lib\site-packages\livekit\agents\ipc\proc_client.py", line 70, in run
    loop.run_until_complete(self._task)
  File "C:\Users\AYESHA RAHMAN\murf-livekit-starter\backend\.uv-python\cpython-3.13-windows-x86_64-none\Lib\asyncio\base_events.py", line 712, in run_until_complete
    self.run_forever()
  File "C:\Users\AYESHA RAHMAN\murf-livekit-starter\backend\.uv-python\cpython-3.13-windows-x86_64-none\Lib\asyncio\base_events.py", line 683, in run_forever
    self._run_once()
  File "C:\Users\AYESHA RAHMAN\murf-livekit-starter\backend\.uv-python\cpython-3.13-windows-x86_64-none\Lib\asyncio\base_events.py", line 2060, in _run_once
    handle._run()
  File "C:\Users\AYESHA RAHMAN\murf-livekit-starter\backend\.uv-python\cpython-3.13-windows-x86_64-none\Lib\asyncio\events.py", line 89, in _run
    self._context.run(self._callback, *self._args)
  File "C:\Users\AYESHA RAHMAN\murf-livekit-starter\backend\.venv\Lib\site-packages\livekit\agents\stt\stt.py", line 384, in _metrics_monitor_task
    self._stt.emit("metrics_collected", stt_metrics)
  File "C:\Users\AYESHA RAHMAN\murf-livekit-starter\backend\.venv\Lib\site-packages\livekit\rtc\event_emitter.py", line 58, in emit
    callback(*callback_args)
  File "C:\Users\AYESHA RAHMAN\murf-livekit-starter\backend\.venv\Lib\site-packages\livekit\agents\voice\agent_activity.py", line 1162, in _on_metrics_collected
    self._session.emit("metrics_collected", MetricsCollectedEvent(metrics=ev))
  File "C:\Users\AYESHA RAHMAN\murf-livekit-starter\backend\.venv\Lib\site-packages\livekit\agents\voice\agent_session.py", line 428, in emit
    super().emit(event, arg)
  File "C:\Users\AYESHA RAHMAN\murf-livekit-starter\backend\.venv\Lib\site-packages\livekit\rtc\event_emitter.py", line 58, in emit
    callback(*callback_args)
  File "C:\Users\AYESHA RAHMAN\murf-livekit-starter\backend\src\agent.py", line 477, in on_metrics_collected
    logger.info(
  File "C:\Users\AYESHA RAHMAN\murf-livekit-starter\backend\.uv-python\cpython-3.13-windows-x86_64-none\Lib\logging\__init__.py", line 1520, in info
    self._log(INFO, msg, args, **kwargs)
  File "C:\Users\AYESHA RAHMAN\murf-livekit-starter\backend\.uv-python\cpython-3.13-windows-x86_64-none\Lib\logging\__init__.py", line 1665, in _log
    self.handle(record)
  File "C:\Users\AYESHA RAHMAN\murf-livekit-starter\backend\.uv-python\cpython-3.13-windows-x86_64-none\Lib\logging\__init__.py", line 1681, in handle
    self.callHandlers(record)
  File "C:\Users\AYESHA RAHMAN\murf-livekit-starter\backend\.uv-python\cpython-3.13-windows-x86_64-none\Lib\logging\__init__.py", line 1737, in callHandlers
    hdlr.handle(record)
  File "C:\Users\AYESHA RAHMAN\murf-livekit-starter\backend\.uv-python\cpython-3.13-windows-x86_64-none\Lib\logging\__init__.py", line 1027, in handle
    self.emit(record)
  File "C:\Users\AYESHA RAHMAN\murf-livekit-starter\backend\.venv\Lib\site-packages\livekit\agents\cli\cli.py", line 957, in emit
    self.handleError(record)
Message: '[DEBUG-%s] metrics=%s'
Arguments: ('STT', STTMetrics(type='stt_metrics', label='livekit.plugins.deepgram.stt.STT', request_id='01a00183-59f7-7ad3-8d42-92bf10e19690', timestamp=1786731785.0921984, duration=0.0, audio_duration=5.09999999999999, streamed=True, metadata=Metadata(model_name='nova-3', model_provider='Deepgram')))
--- Logging error ---
Traceback (most recent call last):
  File "C:\Users\AYESHA RAHMAN\murf-livekit-starter\backend\.venv\Lib\site-packages\livekit\agents\cli\cli.py", line 944, in emit
    self.c.console.print(output)
    ~~~~~~~~~~~~~~~~~~~~^^^^^^^^
  File "C:\Users\AYESHA RAHMAN\murf-livekit-starter\backend\.venv\Lib\site-packages\rich\console.py", line 1697, in print
    with self:
         ^^^^
  File "C:\Users\AYESHA RAHMAN\murf-livekit-starter\backend\.venv\Lib\site-packages\rich\console.py", line 870, in __exit__
    self._exit_buffer()
    ~~~~~~~~~~~~~~~~~^^
  File "C:\Users\AYESHA RAHMAN\murf-livekit-starter\backend\.venv\Lib\site-packages\rich\console.py", line 826, in _exit_buffer
    self._check_buffer()
    ~~~~~~~~~~~~~~~~~~^^
  File "C:\Users\AYESHA RAHMAN\murf-livekit-starter\backend\.venv\Lib\site-packages\rich\console.py", line 2042, in _check_buffer
    self._write_buffer()
    ~~~~~~~~~~~~~~~~~~^^
  File "C:\Users\AYESHA RAHMAN\murf-livekit-starter\backend\.venv\Lib\site-packages\rich\console.py", line 2078, in _write_buffer
    legacy_windows_render(buffer, LegacyWindowsTerm(self.file))
    ~~~~~~~~~~~~~~~~~~~~~^^^^^^^^^^^^^^^^^^^^^^^^^^^^^^^^^^^^^^
  File "C:\Users\AYESHA RAHMAN\murf-livekit-starter\backend\.venv\Lib\site-packages\rich\_windows_renderer.py", line 17, in legacy_windows_render
    term.write_styled(text, style)
    ~~~~~~~~~~~~~~~~~^^^^^^^^^^^^^
  File "C:\Users\AYESHA RAHMAN\murf-livekit-starter\backend\.venv\Lib\site-packages\rich\_win32_console.py", line 441, in write_styled
    self.write_text(text)
    ~~~~~~~~~~~~~~~^^^^^^
  File "C:\Users\AYESHA RAHMAN\murf-livekit-starter\backend\.venv\Lib\site-packages\rich\_win32_console.py", line 402, in write_text
    self.write(text)
    ~~~~~~~~~~^^^^^^
  File "C:\Users\AYESHA RAHMAN\murf-livekit-starter\backend\.uv-python\cpython-3.13-windows-x86_64-none\Lib\encodings\cp1252.py", line 19, in encode
    return codecs.charmap_encode(input,self.errors,encoding_table)[0]
           ~~~~~~~~~~~~~~~~~~~~~^^^^^^^^^^^^^^^^^^^^^^^^^^^^^^^^^^
UnicodeEncodeError: 'charmap' codec can't encode character '\u20b9' in position 52: character maps to <undefined>
Call stack:
  File "C:\Users\AYESHA RAHMAN\murf-livekit-starter\backend\.uv-python\cpython-3.13-windows-x86_64-none\Lib\threading.py", line 1015, in _bootstrap
    self._bootstrap_inner()
  File "C:\Users\AYESHA RAHMAN\murf-livekit-starter\backend\.uv-python\cpython-3.13-windows-x86_64-none\Lib\threading.py", line 1044, in _bootstrap_inner
    self.run()
  File "C:\Users\AYESHA RAHMAN\murf-livekit-starter\backend\.uv-python\cpython-3.13-windows-x86_64-none\Lib\threading.py", line 995, in run
    self._target(*self._args, **self._kwargs)
  File "C:\Users\AYESHA RAHMAN\murf-livekit-starter\backend\.venv\Lib\site-packages\livekit\agents\ipc\job_proc_lazy_main.py", line 418, in thread_main
    client.run()
  File "C:\Users\AYESHA RAHMAN\murf-livekit-starter\backend\.venv\Lib\site-packages\livekit\agents\ipc\proc_client.py", line 70, in run
    loop.run_until_complete(self._task)
  File "C:\Users\AYESHA RAHMAN\murf-livekit-starter\backend\.uv-python\cpython-3.13-windows-x86_64-none\Lib\asyncio\base_events.py", line 712, in run_until_complete
    self.run_forever()
  File "C:\Users\AYESHA RAHMAN\murf-livekit-starter\backend\.uv-python\cpython-3.13-windows-x86_64-none\Lib\asyncio\base_events.py", line 683, in run_forever
    self._run_once()
  File "C:\Users\AYESHA RAHMAN\murf-livekit-starter\backend\.uv-python\cpython-3.13-windows-x86_64-none\Lib\asyncio\base_events.py", line 2060, in _run_once
    handle._run()
  File "C:\Users\AYESHA RAHMAN\murf-livekit-starter\backend\.uv-python\cpython-3.13-windows-x86_64-none\Lib\asyncio\events.py", line 89, in _run
    self._context.run(self._callback, *self._args)
  File "C:\Users\AYESHA RAHMAN\murf-livekit-starter\backend\.venv\Lib\site-packages\livekit\agents\stt\stt.py", line 384, in _metrics_monitor_task
    self._stt.emit("metrics_collected", stt_metrics)
  File "C:\Users\AYESHA RAHMAN\murf-livekit-starter\backend\.venv\Lib\site-packages\livekit\rtc\event_emitter.py", line 58, in emit
    callback(*callback_args)
  File "C:\Users\AYESHA RAHMAN\murf-livekit-starter\backend\.venv\Lib\site-packages\livekit\agents\voice\agent_activity.py", line 1162, in _on_metrics_collected
    self._session.emit("metrics_collected", MetricsCollectedEvent(metrics=ev))
  File "C:\Users\AYESHA RAHMAN\murf-livekit-starter\backend\.venv\Lib\site-packages\livekit\agents\voice\agent_session.py", line 428, in emit
    super().emit(event, arg)
  File "C:\Users\AYESHA RAHMAN\murf-livekit-starter\backend\.venv\Lib\site-packages\livekit\rtc\event_emitter.py", line 58, in emit
    callback(*callback_args)
  File "C:\Users\AYESHA RAHMAN\murf-livekit-starter\backend\src\agent.py", line 477, in on_metrics_collected
    logger.info(
  File "C:\Users\AYESHA RAHMAN\murf-livekit-starter\backend\.uv-python\cpython-3.13-windows-x86_64-none\Lib\logging\__init__.py", line 1520, in info
    self._log(INFO, msg, args, **kwargs)
  File "C:\Users\AYESHA RAHMAN\murf-livekit-starter\backend\.uv-python\cpython-3.13-windows-x86_64-none\Lib\logging\__init__.py", line 1665, in _log
    self.handle(record)
  File "C:\Users\AYESHA RAHMAN\murf-livekit-starter\backend\.uv-python\cpython-3.13-windows-x86_64-none\Lib\logging\__init__.py", line 1681, in handle
    self.callHandlers(record)
  File "C:\Users\AYESHA RAHMAN\murf-livekit-starter\backend\.uv-python\cpython-3.13-windows-x86_64-none\Lib\logging\__init__.py", line 1737, in callHandlers
    hdlr.handle(record)
  File "C:\Users\AYESHA RAHMAN\murf-livekit-starter\backend\.uv-python\cpython-3.13-windows-x86_64-none\Lib\logging\__init__.py", line 1027, in handle
    self.emit(record)
  File "C:\Users\AYESHA RAHMAN\murf-livekit-starter\backend\.venv\Lib\site-packages\livekit\agents\cli\cli.py", line 957, in emit
    self.handleError(record)
Message: '[DEBUG-%s] metrics=%s'
Arguments: ('STT', STTMetrics(type='stt_metrics', label='livekit.plugins.deepgram.stt.STT', request_id='01a00183-59f7-7ad3-8d42-92bf10e19690', timestamp=1786731790.0939953, duration=0.0, audio_duration=4.99999999999999, streamed=True, metadata=Metadata(model_name='nova-3', model_provider='Deepgram')))
--- Logging error ---
Traceback (most recent call last):
  File "C:\Users\AYESHA RAHMAN\murf-livekit-starter\backend\.venv\Lib\site-packages\livekit\agents\cli\cli.py", line 944, in emit
    self.c.console.print(output)
    ~~~~~~~~~~~~~~~~~~~~^^^^^^^^
  File "C:\Users\AYESHA RAHMAN\murf-livekit-starter\backend\.venv\Lib\site-packages\rich\console.py", line 1697, in print
    with self:
         ^^^^
  File "C:\Users\AYESHA RAHMAN\murf-livekit-starter\backend\.venv\Lib\site-packages\rich\console.py", line 870, in __exit__
    self._exit_buffer()
    ~~~~~~~~~~~~~~~~~^^
  File "C:\Users\AYESHA RAHMAN\murf-livekit-starter\backend\.venv\Lib\site-packages\rich\console.py", line 826, in _exit_buffer
    self._check_buffer()
    ~~~~~~~~~~~~~~~~~~^^
  File "C:\Users\AYESHA RAHMAN\murf-livekit-starter\backend\.venv\Lib\site-packages\rich\console.py", line 2042, in _check_buffer
    self._write_buffer()
    ~~~~~~~~~~~~~~~~~~^^
  File "C:\Users\AYESHA RAHMAN\murf-livekit-starter\backend\.venv\Lib\site-packages\rich\console.py", line 2078, in _write_buffer
    legacy_windows_render(buffer, LegacyWindowsTerm(self.file))
    ~~~~~~~~~~~~~~~~~~~~~^^^^^^^^^^^^^^^^^^^^^^^^^^^^^^^^^^^^^^
  File "C:\Users\AYESHA RAHMAN\murf-livekit-starter\backend\.venv\Lib\site-packages\rich\_windows_renderer.py", line 17, in legacy_windows_render
    term.write_styled(text, style)
    ~~~~~~~~~~~~~~~~~^^^^^^^^^^^^^
  File "C:\Users\AYESHA RAHMAN\murf-livekit-starter\backend\.venv\Lib\site-packages\rich\_win32_console.py", line 441, in write_styled
    self.write_text(text)
    ~~~~~~~~~~~~~~~^^^^^^
  File "C:\Users\AYESHA RAHMAN\murf-livekit-starter\backend\.venv\Lib\site-packages\rich\_win32_console.py", line 402, in write_text
    self.write(text)
    ~~~~~~~~~~^^^^^^
  File "C:\Users\AYESHA RAHMAN\murf-livekit-starter\backend\.uv-python\cpython-3.13-windows-x86_64-none\Lib\encodings\cp1252.py", line 19, in encode
    return codecs.charmap_encode(input,self.errors,encoding_table)[0]
           ~~~~~~~~~~~~~~~~~~~~~^^^^^^^^^^^^^^^^^^^^^^^^^^^^^^^^^^
UnicodeEncodeError: 'charmap' codec can't encode character '\u20b9' in position 52: character maps to <undefined>
Call stack:
  File "C:\Users\AYESHA RAHMAN\murf-livekit-starter\backend\.uv-python\cpython-3.13-windows-x86_64-none\Lib\threading.py", line 1015, in _bootstrap
    self._bootstrap_inner()
  File "C:\Users\AYESHA RAHMAN\murf-livekit-starter\backend\.uv-python\cpython-3.13-windows-x86_64-none\Lib\threading.py", line 1044, in _bootstrap_inner
    self.run()
  File "C:\Users\AYESHA RAHMAN\murf-livekit-starter\backend\.uv-python\cpython-3.13-windows-x86_64-none\Lib\threading.py", line 995, in run
    self._target(*self._args, **self._kwargs)
  File "C:\Users\AYESHA RAHMAN\murf-livekit-starter\backend\.venv\Lib\site-packages\livekit\agents\ipc\job_proc_lazy_main.py", line 418, in thread_main
    client.run()
  File "C:\Users\AYESHA RAHMAN\murf-livekit-starter\backend\.venv\Lib\site-packages\livekit\agents\ipc\proc_client.py", line 70, in run
    loop.run_until_complete(self._task)
  File "C:\Users\AYESHA RAHMAN\murf-livekit-starter\backend\.uv-python\cpython-3.13-windows-x86_64-none\Lib\asyncio\base_events.py", line 712, in run_until_complete
    self.run_forever()
  File "C:\Users\AYESHA RAHMAN\murf-livekit-starter\backend\.uv-python\cpython-3.13-windows-x86_64-none\Lib\asyncio\base_events.py", line 683, in run_forever
    self._run_once()
  File "C:\Users\AYESHA RAHMAN\murf-livekit-starter\backend\.uv-python\cpython-3.13-windows-x86_64-none\Lib\asyncio\base_events.py", line 2060, in _run_once
    handle._run()
  File "C:\Users\AYESHA RAHMAN\murf-livekit-starter\backend\.uv-python\cpython-3.13-windows-x86_64-none\Lib\asyncio\events.py", line 89, in _run
    self._context.run(self._callback, *self._args)
  File "C:\Users\AYESHA RAHMAN\murf-livekit-starter\backend\.venv\Lib\site-packages\livekit\agents\stt\stt.py", line 384, in _metrics_monitor_task
    self._stt.emit("metrics_collected", stt_metrics)
  File "C:\Users\AYESHA RAHMAN\murf-livekit-starter\backend\.venv\Lib\site-packages\livekit\rtc\event_emitter.py", line 58, in emit
    callback(*callback_args)
  File "C:\Users\AYESHA RAHMAN\murf-livekit-starter\backend\.venv\Lib\site-packages\livekit\agents\voice\agent_activity.py", line 1162, in _on_metrics_collected
    self._session.emit("metrics_collected", MetricsCollectedEvent(metrics=ev))
  File "C:\Users\AYESHA RAHMAN\murf-livekit-starter\backend\.venv\Lib\site-packages\livekit\agents\voice\agent_session.py", line 428, in emit
    super().emit(event, arg)
  File "C:\Users\AYESHA RAHMAN\murf-livekit-starter\backend\.venv\Lib\site-packages\livekit\rtc\event_emitter.py", line 58, in emit
    callback(*callback_args)
  File "C:\Users\AYESHA RAHMAN\murf-livekit-starter\backend\src\agent.py", line 477, in on_metrics_collected
    logger.info(
  File "C:\Users\AYESHA RAHMAN\murf-livekit-starter\backend\.uv-python\cpython-3.13-windows-x86_64-none\Lib\logging\__init__.py", line 1520, in info
    self._log(INFO, msg, args, **kwargs)
  File "C:\Users\AYESHA RAHMAN\murf-livekit-starter\backend\.uv-python\cpython-3.13-windows-x86_64-none\Lib\logging\__init__.py", line 1665, in _log
    self.handle(record)
  File "C:\Users\AYESHA RAHMAN\murf-livekit-starter\backend\.uv-python\cpython-3.13-windows-x86_64-none\Lib\logging\__init__.py", line 1681, in handle
    self.callHandlers(record)
  File "C:\Users\AYESHA RAHMAN\murf-livekit-starter\backend\.uv-python\cpython-3.13-windows-x86_64-none\Lib\logging\__init__.py", line 1737, in callHandlers
    hdlr.handle(record)
  File "C:\Users\AYESHA RAHMAN\murf-livekit-starter\backend\.uv-python\cpython-3.13-windows-x86_64-none\Lib\logging\__init__.py", line 1027, in handle
    self.emit(record)
  File "C:\Users\AYESHA RAHMAN\murf-livekit-starter\backend\.venv\Lib\site-packages\livekit\agents\cli\cli.py", line 957, in emit
    self.handleError(record)
Message: '[DEBUG-%s] metrics=%s'
Arguments: ('STT', STTMetrics(type='stt_metrics', label='livekit.plugins.deepgram.stt.STT', request_id='01a00183-59f7-7ad3-8d42-92bf10e19690', timestamp=1786731795.1536033, duration=0.0, audio_duration=5.04999999999999, streamed=True, metadata=Metadata(model_name='nova-3', model_provider='Deepgram')))
--- Logging error ---
Traceback (most recent call last):
  File "C:\Users\AYESHA RAHMAN\murf-livekit-starter\backend\.venv\Lib\site-packages\livekit\agents\cli\cli.py", line 944, in emit
    self.c.console.print(output)
    ~~~~~~~~~~~~~~~~~~~~^^^^^^^^
  File "C:\Users\AYESHA RAHMAN\murf-livekit-starter\backend\.venv\Lib\site-packages\rich\console.py", line 1697, in print
    with self:
         ^^^^
  File "C:\Users\AYESHA RAHMAN\murf-livekit-starter\backend\.venv\Lib\site-packages\rich\console.py", line 870, in __exit__
    self._exit_buffer()
    ~~~~~~~~~~~~~~~~~^^
  File "C:\Users\AYESHA RAHMAN\murf-livekit-starter\backend\.venv\Lib\site-packages\rich\console.py", line 826, in _exit_buffer
    self._check_buffer()
    ~~~~~~~~~~~~~~~~~~^^
  File "C:\Users\AYESHA RAHMAN\murf-livekit-starter\backend\.venv\Lib\site-packages\rich\console.py", line 2042, in _check_buffer
    self._write_buffer()
    ~~~~~~~~~~~~~~~~~~^^
  File "C:\Users\AYESHA RAHMAN\murf-livekit-starter\backend\.venv\Lib\site-packages\rich\console.py", line 2078, in _write_buffer
    legacy_windows_render(buffer, LegacyWindowsTerm(self.file))
    ~~~~~~~~~~~~~~~~~~~~~^^^^^^^^^^^^^^^^^^^^^^^^^^^^^^^^^^^^^^
  File "C:\Users\AYESHA RAHMAN\murf-livekit-starter\backend\.venv\Lib\site-packages\rich\_windows_renderer.py", line 17, in legacy_windows_render
    term.write_styled(text, style)
    ~~~~~~~~~~~~~~~~~^^^^^^^^^^^^^
  File "C:\Users\AYESHA RAHMAN\murf-livekit-starter\backend\.venv\Lib\site-packages\rich\_win32_console.py", line 441, in write_styled
    self.write_text(text)
    ~~~~~~~~~~~~~~~^^^^^^
  File "C:\Users\AYESHA RAHMAN\murf-livekit-starter\backend\.venv\Lib\site-packages\rich\_win32_console.py", line 402, in write_text
    self.write(text)
    ~~~~~~~~~~^^^^^^
  File "C:\Users\AYESHA RAHMAN\murf-livekit-starter\backend\.uv-python\cpython-3.13-windows-x86_64-none\Lib\encodings\cp1252.py", line 19, in encode
    return codecs.charmap_encode(input,self.errors,encoding_table)[0]
           ~~~~~~~~~~~~~~~~~~~~~^^^^^^^^^^^^^^^^^^^^^^^^^^^^^^^^^^
UnicodeEncodeError: 'charmap' codec can't encode character '\u20b9' in position 52: character maps to <undefined>
Call stack:
  File "C:\Users\AYESHA RAHMAN\murf-livekit-starter\backend\.uv-python\cpython-3.13-windows-x86_64-none\Lib\threading.py", line 1015, in _bootstrap
    self._bootstrap_inner()
  File "C:\Users\AYESHA RAHMAN\murf-livekit-starter\backend\.uv-python\cpython-3.13-windows-x86_64-none\Lib\threading.py", line 1044, in _bootstrap_inner
    self.run()
  File "C:\Users\AYESHA RAHMAN\murf-livekit-starter\backend\.uv-python\cpython-3.13-windows-x86_64-none\Lib\threading.py", line 995, in run
    self._target(*self._args, **self._kwargs)
  File "C:\Users\AYESHA RAHMAN\murf-livekit-starter\backend\.venv\Lib\site-packages\livekit\agents\ipc\job_proc_lazy_main.py", line 418, in thread_main
    client.run()
  File "C:\Users\AYESHA RAHMAN\murf-livekit-starter\backend\.venv\Lib\site-packages\livekit\agents\ipc\proc_client.py", line 70, in run
    loop.run_until_complete(self._task)
  File "C:\Users\AYESHA RAHMAN\murf-livekit-starter\backend\.uv-python\cpython-3.13-windows-x86_64-none\Lib\asyncio\base_events.py", line 712, in run_until_complete
    self.run_forever()
  File "C:\Users\AYESHA RAHMAN\murf-livekit-starter\backend\.uv-python\cpython-3.13-windows-x86_64-none\Lib\asyncio\base_events.py", line 683, in run_forever
    self._run_once()
  File "C:\Users\AYESHA RAHMAN\murf-livekit-starter\backend\.uv-python\cpython-3.13-windows-x86_64-none\Lib\asyncio\base_events.py", line 2060, in _run_once
    handle._run()
  File "C:\Users\AYESHA RAHMAN\murf-livekit-starter\backend\.uv-python\cpython-3.13-windows-x86_64-none\Lib\asyncio\events.py", line 89, in _run
    self._context.run(self._callback, *self._args)
  File "C:\Users\AYESHA RAHMAN\murf-livekit-starter\backend\.venv\Lib\site-packages\livekit\agents\stt\stt.py", line 384, in _metrics_monitor_task
    self._stt.emit("metrics_collected", stt_metrics)
  File "C:\Users\AYESHA RAHMAN\murf-livekit-starter\backend\.venv\Lib\site-packages\livekit\rtc\event_emitter.py", line 58, in emit
    callback(*callback_args)
  File "C:\Users\AYESHA RAHMAN\murf-livekit-starter\backend\.venv\Lib\site-packages\livekit\agents\voice\agent_activity.py", line 1162, in _on_metrics_collected
    self._session.emit("metrics_collected", MetricsCollectedEvent(metrics=ev))
  File "C:\Users\AYESHA RAHMAN\murf-livekit-starter\backend\.venv\Lib\site-packages\livekit\agents\voice\agent_session.py", line 428, in emit
    super().emit(event, arg)
  File "C:\Users\AYESHA RAHMAN\murf-livekit-starter\backend\.venv\Lib\site-packages\livekit\rtc\event_emitter.py", line 58, in emit
    callback(*callback_args)
  File "C:\Users\AYESHA RAHMAN\murf-livekit-starter\backend\src\agent.py", line 477, in on_metrics_collected
    logger.info(
  File "C:\Users\AYESHA RAHMAN\murf-livekit-starter\backend\.uv-python\cpython-3.13-windows-x86_64-none\Lib\logging\__init__.py", line 1520, in info
    self._log(INFO, msg, args, **kwargs)
  File "C:\Users\AYESHA RAHMAN\murf-livekit-starter\backend\.uv-python\cpython-3.13-windows-x86_64-none\Lib\logging\__init__.py", line 1665, in _log
    self.handle(record)
  File "C:\Users\AYESHA RAHMAN\murf-livekit-starter\backend\.uv-python\cpython-3.13-windows-x86_64-none\Lib\logging\__init__.py", line 1681, in handle
    self.callHandlers(record)
  File "C:\Users\AYESHA RAHMAN\murf-livekit-starter\backend\.uv-python\cpython-3.13-windows-x86_64-none\Lib\logging\__init__.py", line 1737, in callHandlers
    hdlr.handle(record)
  File "C:\Users\AYESHA RAHMAN\murf-livekit-starter\backend\.uv-python\cpython-3.13-windows-x86_64-none\Lib\logging\__init__.py", line 1027, in handle
    self.emit(record)
  File "C:\Users\AYESHA RAHMAN\murf-livekit-starter\backend\.venv\Lib\site-packages\livekit\agents\cli\cli.py", line 957, in emit
    self.handleError(record)
Message: '[DEBUG-%s] metrics=%s'
Arguments: ('STT', STTMetrics(type='stt_metrics', label='livekit.plugins.deepgram.stt.STT', request_id='01a00183-59f7-7ad3-8d42-92bf10e19690', timestamp=1786731800.2017896, duration=0.0, audio_duration=5.04999999999999, streamed=True, metadata=Metadata(model_name='nova-3', model_provider='Deepgram')))
--- Logging error ---
Traceback (most recent call last):
  File "C:\Users\AYESHA RAHMAN\murf-livekit-starter\backend\.venv\Lib\site-packages\livekit\agents\cli\cli.py", line 944, in emit
    self.c.console.print(output)
    ~~~~~~~~~~~~~~~~~~~~^^^^^^^^
  File "C:\Users\AYESHA RAHMAN\murf-livekit-starter\backend\.venv\Lib\site-packages\rich\console.py", line 1697, in print
    with self:
         ^^^^
  File "C:\Users\AYESHA RAHMAN\murf-livekit-starter\backend\.venv\Lib\site-packages\rich\console.py", line 870, in __exit__
    self._exit_buffer()
    ~~~~~~~~~~~~~~~~~^^
  File "C:\Users\AYESHA RAHMAN\murf-livekit-starter\backend\.venv\Lib\site-packages\rich\console.py", line 826, in _exit_buffer
    self._check_buffer()
    ~~~~~~~~~~~~~~~~~~^^
  File "C:\Users\AYESHA RAHMAN\murf-livekit-starter\backend\.venv\Lib\site-packages\rich\console.py", line 2042, in _check_buffer
    self._write_buffer()
    ~~~~~~~~~~~~~~~~~~^^
  File "C:\Users\AYESHA RAHMAN\murf-livekit-starter\backend\.venv\Lib\site-packages\rich\console.py", line 2078, in _write_buffer
    legacy_windows_render(buffer, LegacyWindowsTerm(self.file))
    ~~~~~~~~~~~~~~~~~~~~~^^^^^^^^^^^^^^^^^^^^^^^^^^^^^^^^^^^^^^
  File "C:\Users\AYESHA RAHMAN\murf-livekit-starter\backend\.venv\Lib\site-packages\rich\_windows_renderer.py", line 17, in legacy_windows_render
    term.write_styled(text, style)
    ~~~~~~~~~~~~~~~~~^^^^^^^^^^^^^
  File "C:\Users\AYESHA RAHMAN\murf-livekit-starter\backend\.venv\Lib\site-packages\rich\_win32_console.py", line 441, in write_styled
    self.write_text(text)
    ~~~~~~~~~~~~~~~^^^^^^
  File "C:\Users\AYESHA RAHMAN\murf-livekit-starter\backend\.venv\Lib\site-packages\rich\_win32_console.py", line 402, in write_text
    self.write(text)
    ~~~~~~~~~~^^^^^^
  File "C:\Users\AYESHA RAHMAN\murf-livekit-starter\backend\.uv-python\cpython-3.13-windows-x86_64-none\Lib\encodings\cp1252.py", line 19, in encode
    return codecs.charmap_encode(input,self.errors,encoding_table)[0]
           ~~~~~~~~~~~~~~~~~~~~~^^^^^^^^^^^^^^^^^^^^^^^^^^^^^^^^^^
UnicodeEncodeError: 'charmap' codec can't encode character '\u20b9' in position 52: character maps to <undefined>
Call stack:
  File "C:\Users\AYESHA RAHMAN\murf-livekit-starter\backend\.uv-python\cpython-3.13-windows-x86_64-none\Lib\threading.py", line 1015, in _bootstrap
    self._bootstrap_inner()
  File "C:\Users\AYESHA RAHMAN\murf-livekit-starter\backend\.uv-python\cpython-3.13-windows-x86_64-none\Lib\threading.py", line 1044, in _bootstrap_inner
    self.run()
  File "C:\Users\AYESHA RAHMAN\murf-livekit-starter\backend\.uv-python\cpython-3.13-windows-x86_64-none\Lib\threading.py", line 995, in run
    self._target(*self._args, **self._kwargs)
  File "C:\Users\AYESHA RAHMAN\murf-livekit-starter\backend\.venv\Lib\site-packages\livekit\agents\ipc\job_proc_lazy_main.py", line 418, in thread_main
    client.run()
  File "C:\Users\AYESHA RAHMAN\murf-livekit-starter\backend\.venv\Lib\site-packages\livekit\agents\ipc\proc_client.py", line 70, in run
    loop.run_until_complete(self._task)
  File "C:\Users\AYESHA RAHMAN\murf-livekit-starter\backend\.uv-python\cpython-3.13-windows-x86_64-none\Lib\asyncio\base_events.py", line 712, in run_until_complete
    self.run_forever()
  File "C:\Users\AYESHA RAHMAN\murf-livekit-starter\backend\.uv-python\cpython-3.13-windows-x86_64-none\Lib\asyncio\base_events.py", line 683, in run_forever
    self._run_once()
  File "C:\Users\AYESHA RAHMAN\murf-livekit-starter\backend\.uv-python\cpython-3.13-windows-x86_64-none\Lib\asyncio\base_events.py", line 2060, in _run_once
    handle._run()
  File "C:\Users\AYESHA RAHMAN\murf-livekit-starter\backend\.uv-python\cpython-3.13-windows-x86_64-none\Lib\asyncio\events.py", line 89, in _run
    self._context.run(self._callback, *self._args)
  File "C:\Users\AYESHA RAHMAN\murf-livekit-starter\backend\.venv\Lib\site-packages\livekit\agents\stt\stt.py", line 384, in _metrics_monitor_task
    self._stt.emit("metrics_collected", stt_metrics)
  File "C:\Users\AYESHA RAHMAN\murf-livekit-starter\backend\.venv\Lib\site-packages\livekit\rtc\event_emitter.py", line 58, in emit
    callback(*callback_args)
  File "C:\Users\AYESHA RAHMAN\murf-livekit-starter\backend\.venv\Lib\site-packages\livekit\agents\voice\agent_activity.py", line 1162, in _on_metrics_collected
    self._session.emit("metrics_collected", MetricsCollectedEvent(metrics=ev))
  File "C:\Users\AYESHA RAHMAN\murf-livekit-starter\backend\.venv\Lib\site-packages\livekit\agents\voice\agent_session.py", line 428, in emit
    super().emit(event, arg)
  File "C:\Users\AYESHA RAHMAN\murf-livekit-starter\backend\.venv\Lib\site-packages\livekit\rtc\event_emitter.py", line 58, in emit
    callback(*callback_args)
  File "C:\Users\AYESHA RAHMAN\murf-livekit-starter\backend\src\agent.py", line 477, in on_metrics_collected
    logger.info(
  File "C:\Users\AYESHA RAHMAN\murf-livekit-starter\backend\.uv-python\cpython-3.13-windows-x86_64-none\Lib\logging\__init__.py", line 1520, in info
    self._log(INFO, msg, args, **kwargs)
  File "C:\Users\AYESHA RAHMAN\murf-livekit-starter\backend\.uv-python\cpython-3.13-windows-x86_64-none\Lib\logging\__init__.py", line 1665, in _log
    self.handle(record)
  File "C:\Users\AYESHA RAHMAN\murf-livekit-starter\backend\.uv-python\cpython-3.13-windows-x86_64-none\Lib\logging\__init__.py", line 1681, in handle
    self.callHandlers(record)
  File "C:\Users\AYESHA RAHMAN\murf-livekit-starter\backend\.uv-python\cpython-3.13-windows-x86_64-none\Lib\logging\__init__.py", line 1737, in callHandlers
    hdlr.handle(record)
  File "C:\Users\AYESHA RAHMAN\murf-livekit-starter\backend\.uv-python\cpython-3.13-windows-x86_64-none\Lib\logging\__init__.py", line 1027, in handle
    self.emit(record)
  File "C:\Users\AYESHA RAHMAN\murf-livekit-starter\backend\.venv\Lib\site-packages\livekit\agents\cli\cli.py", line 957, in emit
    self.handleError(record)
Message: '[DEBUG-%s] metrics=%s'
Arguments: ('STT', STTMetrics(type='stt_metrics', label='livekit.plugins.deepgram.stt.STT', request_id='01a00183-59f7-7ad3-8d42-92bf10e19690', timestamp=1786731805.2484732, duration=0.0, audio_duration=5.04999999999999, streamed=True, metadata=Metadata(model_name='nova-3', model_provider='Deepgram')))
--- Logging error ---
Traceback (most recent call last):
  File "C:\Users\AYESHA RAHMAN\murf-livekit-starter\backend\.venv\Lib\site-packages\livekit\agents\cli\cli.py", line 944, in emit
    self.c.console.print(output)
    ~~~~~~~~~~~~~~~~~~~~^^^^^^^^
  File "C:\Users\AYESHA RAHMAN\murf-livekit-starter\backend\.venv\Lib\site-packages\rich\console.py", line 1697, in print
    with self:
         ^^^^
  File "C:\Users\AYESHA RAHMAN\murf-livekit-starter\backend\.venv\Lib\site-packages\rich\console.py", line 870, in __exit__
    self._exit_buffer()
    ~~~~~~~~~~~~~~~~~^^
  File "C:\Users\AYESHA RAHMAN\murf-livekit-starter\backend\.venv\Lib\site-packages\rich\console.py", line 826, in _exit_buffer
    self._check_buffer()
    ~~~~~~~~~~~~~~~~~~^^
  File "C:\Users\AYESHA RAHMAN\murf-livekit-starter\backend\.venv\Lib\site-packages\rich\console.py", line 2042, in _check_buffer
    self._write_buffer()
    ~~~~~~~~~~~~~~~~~~^^
  File "C:\Users\AYESHA RAHMAN\murf-livekit-starter\backend\.venv\Lib\site-packages\rich\console.py", line 2078, in _write_buffer
    legacy_windows_render(buffer, LegacyWindowsTerm(self.file))
    ~~~~~~~~~~~~~~~~~~~~~^^^^^^^^^^^^^^^^^^^^^^^^^^^^^^^^^^^^^^
  File "C:\Users\AYESHA RAHMAN\murf-livekit-starter\backend\.venv\Lib\site-packages\rich\_windows_renderer.py", line 17, in legacy_windows_render
    term.write_styled(text, style)
    ~~~~~~~~~~~~~~~~~^^^^^^^^^^^^^
  File "C:\Users\AYESHA RAHMAN\murf-livekit-starter\backend\.venv\Lib\site-packages\rich\_win32_console.py", line 441, in write_styled
    self.write_text(text)
    ~~~~~~~~~~~~~~~^^^^^^
  File "C:\Users\AYESHA RAHMAN\murf-livekit-starter\backend\.venv\Lib\site-packages\rich\_win32_console.py", line 402, in write_text
    self.write(text)
    ~~~~~~~~~~^^^^^^
  File "C:\Users\AYESHA RAHMAN\murf-livekit-starter\backend\.uv-python\cpython-3.13-windows-x86_64-none\Lib\encodings\cp1252.py", line 19, in encode
    return codecs.charmap_encode(input,self.errors,encoding_table)[0]
           ~~~~~~~~~~~~~~~~~~~~~^^^^^^^^^^^^^^^^^^^^^^^^^^^^^^^^^^
UnicodeEncodeError: 'charmap' codec can't encode character '\u20b9' in position 52: character maps to <undefined>
Call stack:
  File "C:\Users\AYESHA RAHMAN\murf-livekit-starter\backend\.uv-python\cpython-3.13-windows-x86_64-none\Lib\threading.py", line 1015, in _bootstrap
    self._bootstrap_inner()
  File "C:\Users\AYESHA RAHMAN\murf-livekit-starter\backend\.uv-python\cpython-3.13-windows-x86_64-none\Lib\threading.py", line 1044, in _bootstrap_inner
    self.run()
  File "C:\Users\AYESHA RAHMAN\murf-livekit-starter\backend\.uv-python\cpython-3.13-windows-x86_64-none\Lib\threading.py", line 995, in run
    self._target(*self._args, **self._kwargs)
  File "C:\Users\AYESHA RAHMAN\murf-livekit-starter\backend\.venv\Lib\site-packages\livekit\agents\ipc\job_proc_lazy_main.py", line 418, in thread_main
    client.run()
  File "C:\Users\AYESHA RAHMAN\murf-livekit-starter\backend\.venv\Lib\site-packages\livekit\agents\ipc\proc_client.py", line 70, in run
    loop.run_until_complete(self._task)
  File "C:\Users\AYESHA RAHMAN\murf-livekit-starter\backend\.uv-python\cpython-3.13-windows-x86_64-none\Lib\asyncio\base_events.py", line 712, in run_until_complete
    self.run_forever()
  File "C:\Users\AYESHA RAHMAN\murf-livekit-starter\backend\.uv-python\cpython-3.13-windows-x86_64-none\Lib\asyncio\base_events.py", line 683, in run_forever
    self._run_once()
  File "C:\Users\AYESHA RAHMAN\murf-livekit-starter\backend\.uv-python\cpython-3.13-windows-x86_64-none\Lib\asyncio\base_events.py", line 2060, in _run_once
    handle._run()
  File "C:\Users\AYESHA RAHMAN\murf-livekit-starter\backend\.uv-python\cpython-3.13-windows-x86_64-none\Lib\asyncio\events.py", line 89, in _run
    self._context.run(self._callback, *self._args)
  File "C:\Users\AYESHA RAHMAN\murf-livekit-starter\backend\.venv\Lib\site-packages\livekit\agents\stt\stt.py", line 384, in _metrics_monitor_task
    self._stt.emit("metrics_collected", stt_metrics)
  File "C:\Users\AYESHA RAHMAN\murf-livekit-starter\backend\.venv\Lib\site-packages\livekit\rtc\event_emitter.py", line 58, in emit
    callback(*callback_args)
  File "C:\Users\AYESHA RAHMAN\murf-livekit-starter\backend\.venv\Lib\site-packages\livekit\agents\voice\agent_activity.py", line 1162, in _on_metrics_collected
    self._session.emit("metrics_collected", MetricsCollectedEvent(metrics=ev))
  File "C:\Users\AYESHA RAHMAN\murf-livekit-starter\backend\.venv\Lib\site-packages\livekit\agents\voice\agent_session.py", line 428, in emit
    super().emit(event, arg)
  File "C:\Users\AYESHA RAHMAN\murf-livekit-starter\backend\.venv\Lib\site-packages\livekit\rtc\event_emitter.py", line 58, in emit
    callback(*callback_args)
  File "C:\Users\AYESHA RAHMAN\murf-livekit-starter\backend\src\agent.py", line 477, in on_metrics_collected
    logger.info(
  File "C:\Users\AYESHA RAHMAN\murf-livekit-starter\backend\.uv-python\cpython-3.13-windows-x86_64-none\Lib\logging\__init__.py", line 1520, in info
    self._log(INFO, msg, args, **kwargs)
  File "C:\Users\AYESHA RAHMAN\murf-livekit-starter\backend\.uv-python\cpython-3.13-windows-x86_64-none\Lib\logging\__init__.py", line 1665, in _log
    self.handle(record)
  File "C:\Users\AYESHA RAHMAN\murf-livekit-starter\backend\.uv-python\cpython-3.13-windows-x86_64-none\Lib\logging\__init__.py", line 1681, in handle
    self.callHandlers(record)
  File "C:\Users\AYESHA RAHMAN\murf-livekit-starter\backend\.uv-python\cpython-3.13-windows-x86_64-none\Lib\logging\__init__.py", line 1737, in callHandlers
    hdlr.handle(record)
  File "C:\Users\AYESHA RAHMAN\murf-livekit-starter\backend\.uv-python\cpython-3.13-windows-x86_64-none\Lib\logging\__init__.py", line 1027, in handle
    self.emit(record)
  File "C:\Users\AYESHA RAHMAN\murf-livekit-starter\backend\.venv\Lib\site-packages\livekit\agents\cli\cli.py", line 957, in emit
    self.handleError(record)
Message: '[DEBUG-%s] metrics=%s'
Arguments: ('STT', STTMetrics(type='stt_metrics', label='livekit.plugins.deepgram.stt.STT', request_id='01a00183-59f7-7ad3-8d42-92bf10e19690', timestamp=1786731810.2915852, duration=0.0, audio_duration=5.04999999999999, streamed=True, metadata=Metadata(model_name='nova-3', model_provider='Deepgram')))
--- Logging error ---
Traceback (most recent call last):
  File "C:\Users\AYESHA RAHMAN\murf-livekit-starter\backend\.venv\Lib\site-packages\livekit\agents\cli\cli.py", line 944, in emit
    self.c.console.print(output)
    ~~~~~~~~~~~~~~~~~~~~^^^^^^^^
  File "C:\Users\AYESHA RAHMAN\murf-livekit-starter\backend\.venv\Lib\site-packages\rich\console.py", line 1697, in print
    with self:
         ^^^^
  File "C:\Users\AYESHA RAHMAN\murf-livekit-starter\backend\.venv\Lib\site-packages\rich\console.py", line 870, in __exit__
    self._exit_buffer()
    ~~~~~~~~~~~~~~~~~^^
  File "C:\Users\AYESHA RAHMAN\murf-livekit-starter\backend\.venv\Lib\site-packages\rich\console.py", line 826, in _exit_buffer
    self._check_buffer()
    ~~~~~~~~~~~~~~~~~~^^
  File "C:\Users\AYESHA RAHMAN\murf-livekit-starter\backend\.venv\Lib\site-packages\rich\console.py", line 2042, in _check_buffer
    self._write_buffer()
    ~~~~~~~~~~~~~~~~~~^^
  File "C:\Users\AYESHA RAHMAN\murf-livekit-starter\backend\.venv\Lib\site-packages\rich\console.py", line 2078, in _write_buffer
    legacy_windows_render(buffer, LegacyWindowsTerm(self.file))
    ~~~~~~~~~~~~~~~~~~~~~^^^^^^^^^^^^^^^^^^^^^^^^^^^^^^^^^^^^^^
  File "C:\Users\AYESHA RAHMAN\murf-livekit-starter\backend\.venv\Lib\site-packages\rich\_windows_renderer.py", line 17, in legacy_windows_render
    term.write_styled(text, style)
    ~~~~~~~~~~~~~~~~~^^^^^^^^^^^^^
  File "C:\Users\AYESHA RAHMAN\murf-livekit-starter\backend\.venv\Lib\site-packages\rich\_win32_console.py", line 441, in write_styled
    self.write_text(text)
    ~~~~~~~~~~~~~~~^^^^^^
  File "C:\Users\AYESHA RAHMAN\murf-livekit-starter\backend\.venv\Lib\site-packages\rich\_win32_console.py", line 402, in write_text
    self.write(text)
    ~~~~~~~~~~^^^^^^
  File "C:\Users\AYESHA RAHMAN\murf-livekit-starter\backend\.uv-python\cpython-3.13-windows-x86_64-none\Lib\encodings\cp1252.py", line 19, in encode
    return codecs.charmap_encode(input,self.errors,encoding_table)[0]
           ~~~~~~~~~~~~~~~~~~~~~^^^^^^^^^^^^^^^^^^^^^^^^^^^^^^^^^^
UnicodeEncodeError: 'charmap' codec can't encode character '\u20b9' in position 52: character maps to <undefined>
Call stack:
  File "C:\Users\AYESHA RAHMAN\murf-livekit-starter\backend\.uv-python\cpython-3.13-windows-x86_64-none\Lib\threading.py", line 1015, in _bootstrap
    self._bootstrap_inner()
  File "C:\Users\AYESHA RAHMAN\murf-livekit-starter\backend\.uv-python\cpython-3.13-windows-x86_64-none\Lib\threading.py", line 1044, in _bootstrap_inner
    self.run()
  File "C:\Users\AYESHA RAHMAN\murf-livekit-starter\backend\.uv-python\cpython-3.13-windows-x86_64-none\Lib\threading.py", line 995, in run
    self._target(*self._args, **self._kwargs)
  File "C:\Users\AYESHA RAHMAN\murf-livekit-starter\backend\.venv\Lib\site-packages\livekit\agents\ipc\job_proc_lazy_main.py", line 418, in thread_main
    client.run()
  File "C:\Users\AYESHA RAHMAN\murf-livekit-starter\backend\.venv\Lib\site-packages\livekit\agents\ipc\proc_client.py", line 70, in run
    loop.run_until_complete(self._task)
  File "C:\Users\AYESHA RAHMAN\murf-livekit-starter\backend\.uv-python\cpython-3.13-windows-x86_64-none\Lib\asyncio\base_events.py", line 712, in run_until_complete
    self.run_forever()
  File "C:\Users\AYESHA RAHMAN\murf-livekit-starter\backend\.uv-python\cpython-3.13-windows-x86_64-none\Lib\asyncio\base_events.py", line 683, in run_forever
    self._run_once()
  File "C:\Users\AYESHA RAHMAN\murf-livekit-starter\backend\.uv-python\cpython-3.13-windows-x86_64-none\Lib\asyncio\base_events.py", line 2060, in _run_once
    handle._run()
  File "C:\Users\AYESHA RAHMAN\murf-livekit-starter\backend\.uv-python\cpython-3.13-windows-x86_64-none\Lib\asyncio\events.py", line 89, in _run
    self._context.run(self._callback, *self._args)
  File "C:\Users\AYESHA RAHMAN\murf-livekit-starter\backend\.venv\Lib\site-packages\livekit\agents\stt\stt.py", line 384, in _metrics_monitor_task
    self._stt.emit("metrics_collected", stt_metrics)
  File "C:\Users\AYESHA RAHMAN\murf-livekit-starter\backend\.venv\Lib\site-packages\livekit\rtc\event_emitter.py", line 58, in emit
    callback(*callback_args)
  File "C:\Users\AYESHA RAHMAN\murf-livekit-starter\backend\.venv\Lib\site-packages\livekit\agents\voice\agent_activity.py", line 1162, in _on_metrics_collected
    self._session.emit("metrics_collected", MetricsCollectedEvent(metrics=ev))
  File "C:\Users\AYESHA RAHMAN\murf-livekit-starter\backend\.venv\Lib\site-packages\livekit\agents\voice\agent_session.py", line 428, in emit
    super().emit(event, arg)
  File "C:\Users\AYESHA RAHMAN\murf-livekit-starter\backend\.venv\Lib\site-packages\livekit\rtc\event_emitter.py", line 58, in emit
    callback(*callback_args)
  File "C:\Users\AYESHA RAHMAN\murf-livekit-starter\backend\src\agent.py", line 477, in on_metrics_collected
    logger.info(
  File "C:\Users\AYESHA RAHMAN\murf-livekit-starter\backend\.uv-python\cpython-3.13-windows-x86_64-none\Lib\logging\__init__.py", line 1520, in info
    self._log(INFO, msg, args, **kwargs)
  File "C:\Users\AYESHA RAHMAN\murf-livekit-starter\backend\.uv-python\cpython-3.13-windows-x86_64-none\Lib\logging\__init__.py", line 1665, in _log
    self.handle(record)
  File "C:\Users\AYESHA RAHMAN\murf-livekit-starter\backend\.uv-python\cpython-3.13-windows-x86_64-none\Lib\logging\__init__.py", line 1681, in handle
    self.callHandlers(record)
  File "C:\Users\AYESHA RAHMAN\murf-livekit-starter\backend\.uv-python\cpython-3.13-windows-x86_64-none\Lib\logging\__init__.py", line 1737, in callHandlers
    hdlr.handle(record)
  File "C:\Users\AYESHA RAHMAN\murf-livekit-starter\backend\.uv-python\cpython-3.13-windows-x86_64-none\Lib\logging\__init__.py", line 1027, in handle
    self.emit(record)
  File "C:\Users\AYESHA RAHMAN\murf-livekit-starter\backend\.venv\Lib\site-packages\livekit\agents\cli\cli.py", line 957, in emit
    self.handleError(record)
Message: '[DEBUG-%s] metrics=%s'
Arguments: ('STT', STTMetrics(type='stt_metrics', label='livekit.plugins.deepgram.stt.STT', request_id='01a00183-59f7-7ad3-8d42-92bf10e19690', timestamp=1786731815.35672, duration=0.0, audio_duration=5.04999999999999, streamed=True, metadata=Metadata(model_name='nova-3', model_provider='Deepgram')))
--- Logging error ---
Traceback (most recent call last):
  File "C:\Users\AYESHA RAHMAN\murf-livekit-starter\backend\.venv\Lib\site-packages\livekit\agents\cli\cli.py", line 944, in emit
    self.c.console.print(output)
    ~~~~~~~~~~~~~~~~~~~~^^^^^^^^
  File "C:\Users\AYESHA RAHMAN\murf-livekit-starter\backend\.venv\Lib\site-packages\rich\console.py", line 1697, in print
    with self:
         ^^^^
  File "C:\Users\AYESHA RAHMAN\murf-livekit-starter\backend\.venv\Lib\site-packages\rich\console.py", line 870, in __exit__
    self._exit_buffer()
    ~~~~~~~~~~~~~~~~~^^
  File "C:\Users\AYESHA RAHMAN\murf-livekit-starter\backend\.venv\Lib\site-packages\rich\console.py", line 826, in _exit_buffer
    self._check_buffer()
    ~~~~~~~~~~~~~~~~~~^^
  File "C:\Users\AYESHA RAHMAN\murf-livekit-starter\backend\.venv\Lib\site-packages\rich\console.py", line 2042, in _check_buffer
    self._write_buffer()
    ~~~~~~~~~~~~~~~~~~^^
  File "C:\Users\AYESHA RAHMAN\murf-livekit-starter\backend\.venv\Lib\site-packages\rich\console.py", line 2078, in _write_buffer
    legacy_windows_render(buffer, LegacyWindowsTerm(self.file))
    ~~~~~~~~~~~~~~~~~~~~~^^^^^^^^^^^^^^^^^^^^^^^^^^^^^^^^^^^^^^
  File "C:\Users\AYESHA RAHMAN\murf-livekit-starter\backend\.venv\Lib\site-packages\rich\_windows_renderer.py", line 17, in legacy_windows_render
    term.write_styled(text, style)
    ~~~~~~~~~~~~~~~~~^^^^^^^^^^^^^
  File "C:\Users\AYESHA RAHMAN\murf-livekit-starter\backend\.venv\Lib\site-packages\rich\_win32_console.py", line 441, in write_styled
    self.write_text(text)
    ~~~~~~~~~~~~~~~^^^^^^
  File "C:\Users\AYESHA RAHMAN\murf-livekit-starter\backend\.venv\Lib\site-packages\rich\_win32_console.py", line 402, in write_text
    self.write(text)
    ~~~~~~~~~~^^^^^^
  File "C:\Users\AYESHA RAHMAN\murf-livekit-starter\backend\.uv-python\cpython-3.13-windows-x86_64-none\Lib\encodings\cp1252.py", line 19, in encode
    return codecs.charmap_encode(input,self.errors,encoding_table)[0]
           ~~~~~~~~~~~~~~~~~~~~~^^^^^^^^^^^^^^^^^^^^^^^^^^^^^^^^^^
UnicodeEncodeError: 'charmap' codec can't encode character '\u20b9' in position 52: character maps to <undefined>
Call stack:
  File "C:\Users\AYESHA RAHMAN\murf-livekit-starter\backend\.uv-python\cpython-3.13-windows-x86_64-none\Lib\threading.py", line 1015, in _bootstrap
    self._bootstrap_inner()
  File "C:\Users\AYESHA RAHMAN\murf-livekit-starter\backend\.uv-python\cpython-3.13-windows-x86_64-none\Lib\threading.py", line 1044, in _bootstrap_inner
    self.run()
  File "C:\Users\AYESHA RAHMAN\murf-livekit-starter\backend\.uv-python\cpython-3.13-windows-x86_64-none\Lib\threading.py", line 995, in run
    self._target(*self._args, **self._kwargs)
  File "C:\Users\AYESHA RAHMAN\murf-livekit-starter\backend\.venv\Lib\site-packages\livekit\agents\ipc\job_proc_lazy_main.py", line 418, in thread_main
    client.run()
  File "C:\Users\AYESHA RAHMAN\murf-livekit-starter\backend\.venv\Lib\site-packages\livekit\agents\ipc\proc_client.py", line 70, in run
    loop.run_until_complete(self._task)
  File "C:\Users\AYESHA RAHMAN\murf-livekit-starter\backend\.uv-python\cpython-3.13-windows-x86_64-none\Lib\asyncio\base_events.py", line 712, in run_until_complete
    self.run_forever()
  File "C:\Users\AYESHA RAHMAN\murf-livekit-starter\backend\.uv-python\cpython-3.13-windows-x86_64-none\Lib\asyncio\base_events.py", line 683, in run_forever
    self._run_once()
  File "C:\Users\AYESHA RAHMAN\murf-livekit-starter\backend\.uv-python\cpython-3.13-windows-x86_64-none\Lib\asyncio\base_events.py", line 2060, in _run_once
    handle._run()
  File "C:\Users\AYESHA RAHMAN\murf-livekit-starter\backend\.uv-python\cpython-3.13-windows-x86_64-none\Lib\asyncio\events.py", line 89, in _run
    self._context.run(self._callback, *self._args)
  File "C:\Users\AYESHA RAHMAN\murf-livekit-starter\backend\.venv\Lib\site-packages\livekit\agents\voice\agent_activity.py", line 434, in _context_aware_coro
    return await coro
  File "C:\Users\AYESHA RAHMAN\murf-livekit-starter\backend\.venv\Lib\site-packages\livekit\agents\utils\log.py", line 17, in async_fn_logs
    return await fn(*args, **kwargs)
  File "C:\Users\AYESHA RAHMAN\murf-livekit-starter\backend\.venv\Lib\site-packages\livekit\agents\voice\agent_activity.py", line 1913, in _pipeline_reply_task
    await self._pipeline_reply_task_impl(
  File "C:\Users\AYESHA RAHMAN\murf-livekit-starter\backend\.venv\Lib\site-packages\livekit\agents\voice\agent_activity.py", line 2195, in _pipeline_reply_task_impl
    self._session._conversation_item_added(msg)
  File "C:\Users\AYESHA RAHMAN\murf-livekit-starter\backend\.venv\Lib\site-packages\livekit\agents\voice\agent_session.py", line 1409, in _conversation_item_added
    self.emit("conversation_item_added", ConversationItemAddedEvent(item=message))
  File "C:\Users\AYESHA RAHMAN\murf-livekit-starter\backend\.venv\Lib\site-packages\livekit\agents\voice\agent_session.py", line 428, in emit
    super().emit(event, arg)
  File "C:\Users\AYESHA RAHMAN\murf-livekit-starter\backend\.venv\Lib\site-packages\livekit\rtc\event_emitter.py", line 58, in emit
    callback(*callback_args)
  File "C:\Users\AYESHA RAHMAN\murf-livekit-starter\backend\src\agent.py", line 468, in on_conversation_item_added
    logger.info(
  File "C:\Users\AYESHA RAHMAN\murf-livekit-starter\backend\.uv-python\cpython-3.13-windows-x86_64-none\Lib\logging\__init__.py", line 1520, in info
    self._log(INFO, msg, args, **kwargs)
  File "C:\Users\AYESHA RAHMAN\murf-livekit-starter\backend\.uv-python\cpython-3.13-windows-x86_64-none\Lib\logging\__init__.py", line 1665, in _log
    self.handle(record)
  File "C:\Users\AYESHA RAHMAN\murf-livekit-starter\backend\.uv-python\cpython-3.13-windows-x86_64-none\Lib\logging\__init__.py", line 1681, in handle
    self.callHandlers(record)
  File "C:\Users\AYESHA RAHMAN\murf-livekit-starter\backend\.uv-python\cpython-3.13-windows-x86_64-none\Lib\logging\__init__.py", line 1737, in callHandlers
    hdlr.handle(record)
  File "C:\Users\AYESHA RAHMAN\murf-livekit-starter\backend\.uv-python\cpython-3.13-windows-x86_64-none\Lib\logging\__init__.py", line 1027, in handle
    self.emit(record)
  File "C:\Users\AYESHA RAHMAN\murf-livekit-starter\backend\.venv\Lib\site-packages\livekit\agents\cli\cli.py", line 957, in emit
    self.handleError(record)
Message: '[DEBUG-LLM] assistant text committed after playout=%r'
Arguments: ("Hello! I am your personal finance specialist. I already have your context from our conversation, and I'd be glad to help you work towards your savings goal. \n\nTo save \u20b910,000 a month with an income of \u20b930,000, your total expenses would need to be around \u20b920,000. Right now, your expenses are at \u20b922,000, which leaves you with \u20b98,000 in savings. \n\nTo bridge this \u20b92,000 gap, we can look at your current monthly spending breakdown across categories like rent, groceries, utilities, and transport. Could you share a quick breakdown of where those \u20b922,000 are currently going? That will help us find small, practical adjustments to help you reach your \u20b910,000 savings target!",)
--- Logging error ---
Traceback (most recent call last):
  File "C:\Users\AYESHA RAHMAN\murf-livekit-starter\backend\.venv\Lib\site-packages\livekit\agents\cli\cli.py", line 944, in emit
    self.c.console.print(output)
    ~~~~~~~~~~~~~~~~~~~~^^^^^^^^
  File "C:\Users\AYESHA RAHMAN\murf-livekit-starter\backend\.venv\Lib\site-packages\rich\console.py", line 1697, in print
    with self:
         ^^^^
  File "C:\Users\AYESHA RAHMAN\murf-livekit-starter\backend\.venv\Lib\site-packages\rich\console.py", line 870, in __exit__
    self._exit_buffer()
    ~~~~~~~~~~~~~~~~~^^
  File "C:\Users\AYESHA RAHMAN\murf-livekit-starter\backend\.venv\Lib\site-packages\rich\console.py", line 826, in _exit_buffer
    self._check_buffer()
    ~~~~~~~~~~~~~~~~~~^^
  File "C:\Users\AYESHA RAHMAN\murf-livekit-starter\backend\.venv\Lib\site-packages\rich\console.py", line 2042, in _check_buffer
    self._write_buffer()
    ~~~~~~~~~~~~~~~~~~^^
  File "C:\Users\AYESHA RAHMAN\murf-livekit-starter\backend\.venv\Lib\site-packages\rich\console.py", line 2078, in _write_buffer
    legacy_windows_render(buffer, LegacyWindowsTerm(self.file))
    ~~~~~~~~~~~~~~~~~~~~~^^^^^^^^^^^^^^^^^^^^^^^^^^^^^^^^^^^^^^
  File "C:\Users\AYESHA RAHMAN\murf-livekit-starter\backend\.venv\Lib\site-packages\rich\_windows_renderer.py", line 17, in legacy_windows_render
    term.write_styled(text, style)
    ~~~~~~~~~~~~~~~~~^^^^^^^^^^^^^
  File "C:\Users\AYESHA RAHMAN\murf-livekit-starter\backend\.venv\Lib\site-packages\rich\_win32_console.py", line 441, in write_styled
    self.write_text(text)
    ~~~~~~~~~~~~~~~^^^^^^
  File "C:\Users\AYESHA RAHMAN\murf-livekit-starter\backend\.venv\Lib\site-packages\rich\_win32_console.py", line 402, in write_text
    self.write(text)
    ~~~~~~~~~~^^^^^^
  File "C:\Users\AYESHA RAHMAN\murf-livekit-starter\backend\.uv-python\cpython-3.13-windows-x86_64-none\Lib\encodings\cp1252.py", line 19, in encode
    return codecs.charmap_encode(input,self.errors,encoding_table)[0]
           ~~~~~~~~~~~~~~~~~~~~~^^^^^^^^^^^^^^^^^^^^^^^^^^^^^^^^^^
UnicodeEncodeError: 'charmap' codec can't encode character '\u20b9' in position 52: character maps to <undefined>
Call stack:
  File "C:\Users\AYESHA RAHMAN\murf-livekit-starter\backend\.uv-python\cpython-3.13-windows-x86_64-none\Lib\threading.py", line 1015, in _bootstrap
    self._bootstrap_inner()
  File "C:\Users\AYESHA RAHMAN\murf-livekit-starter\backend\.uv-python\cpython-3.13-windows-x86_64-none\Lib\threading.py", line 1044, in _bootstrap_inner
    self.run()
  File "C:\Users\AYESHA RAHMAN\murf-livekit-starter\backend\.uv-python\cpython-3.13-windows-x86_64-none\Lib\threading.py", line 995, in run
    self._target(*self._args, **self._kwargs)
  File "C:\Users\AYESHA RAHMAN\murf-livekit-starter\backend\.venv\Lib\site-packages\livekit\agents\ipc\job_proc_lazy_main.py", line 418, in thread_main
    client.run()
  File "C:\Users\AYESHA RAHMAN\murf-livekit-starter\backend\.venv\Lib\site-packages\livekit\agents\ipc\proc_client.py", line 70, in run
    loop.run_until_complete(self._task)
  File "C:\Users\AYESHA RAHMAN\murf-livekit-starter\backend\.uv-python\cpython-3.13-windows-x86_64-none\Lib\asyncio\base_events.py", line 712, in run_until_complete
    self.run_forever()
  File "C:\Users\AYESHA RAHMAN\murf-livekit-starter\backend\.uv-python\cpython-3.13-windows-x86_64-none\Lib\asyncio\base_events.py", line 683, in run_forever
    self._run_once()
  File "C:\Users\AYESHA RAHMAN\murf-livekit-starter\backend\.uv-python\cpython-3.13-windows-x86_64-none\Lib\asyncio\base_events.py", line 2060, in _run_once
    handle._run()
  File "C:\Users\AYESHA RAHMAN\murf-livekit-starter\backend\.uv-python\cpython-3.13-windows-x86_64-none\Lib\asyncio\events.py", line 89, in _run
    self._context.run(self._callback, *self._args)
  File "C:\Users\AYESHA RAHMAN\murf-livekit-starter\backend\.venv\Lib\site-packages\livekit\agents\stt\stt.py", line 384, in _metrics_monitor_task
    self._stt.emit("metrics_collected", stt_metrics)
  File "C:\Users\AYESHA RAHMAN\murf-livekit-starter\backend\.venv\Lib\site-packages\livekit\rtc\event_emitter.py", line 58, in emit
    callback(*callback_args)
  File "C:\Users\AYESHA RAHMAN\murf-livekit-starter\backend\.venv\Lib\site-packages\livekit\agents\voice\agent_activity.py", line 1162, in _on_metrics_collected
    self._session.emit("metrics_collected", MetricsCollectedEvent(metrics=ev))
  File "C:\Users\AYESHA RAHMAN\murf-livekit-starter\backend\.venv\Lib\site-packages\livekit\agents\voice\agent_session.py", line 428, in emit
    super().emit(event, arg)
  File "C:\Users\AYESHA RAHMAN\murf-livekit-starter\backend\.venv\Lib\site-packages\livekit\rtc\event_emitter.py", line 58, in emit
    callback(*callback_args)
  File "C:\Users\AYESHA RAHMAN\murf-livekit-starter\backend\src\agent.py", line 477, in on_metrics_collected
    logger.info(
  File "C:\Users\AYESHA RAHMAN\murf-livekit-starter\backend\.uv-python\cpython-3.13-windows-x86_64-none\Lib\logging\__init__.py", line 1520, in info
    self._log(INFO, msg, args, **kwargs)
  File "C:\Users\AYESHA RAHMAN\murf-livekit-starter\backend\.uv-python\cpython-3.13-windows-x86_64-none\Lib\logging\__init__.py", line 1665, in _log
    self.handle(record)
  File "C:\Users\AYESHA RAHMAN\murf-livekit-starter\backend\.uv-python\cpython-3.13-windows-x86_64-none\Lib\logging\__init__.py", line 1681, in handle
    self.callHandlers(record)
  File "C:\Users\AYESHA RAHMAN\murf-livekit-starter\backend\.uv-python\cpython-3.13-windows-x86_64-none\Lib\logging\__init__.py", line 1737, in callHandlers
    hdlr.handle(record)
  File "C:\Users\AYESHA RAHMAN\murf-livekit-starter\backend\.uv-python\cpython-3.13-windows-x86_64-none\Lib\logging\__init__.py", line 1027, in handle
    self.emit(record)
  File "C:\Users\AYESHA RAHMAN\murf-livekit-starter\backend\.venv\Lib\site-packages\livekit\agents\cli\cli.py", line 957, in emit
    self.handleError(record)
Message: '[DEBUG-%s] metrics=%s'
Arguments: ('STT', STTMetrics(type='stt_metrics', label='livekit.plugins.deepgram.stt.STT', request_id='01a00183-59f7-7ad3-8d42-92bf10e19690', timestamp=1786731820.4056623, duration=0.0, audio_duration=5.04999999999999, streamed=True, metadata=Metadata(model_name='nova-3', model_provider='Deepgram')))
--- Logging error ---
Traceback (most recent call last):
  File "C:\Users\AYESHA RAHMAN\murf-livekit-starter\backend\.venv\Lib\site-packages\livekit\agents\cli\cli.py", line 944, in emit
    self.c.console.print(output)
    ~~~~~~~~~~~~~~~~~~~~^^^^^^^^
  File "C:\Users\AYESHA RAHMAN\murf-livekit-starter\backend\.venv\Lib\site-packages\rich\console.py", line 1697, in print
    with self:
         ^^^^
  File "C:\Users\AYESHA RAHMAN\murf-livekit-starter\backend\.venv\Lib\site-packages\rich\console.py", line 870, in __exit__
    self._exit_buffer()
    ~~~~~~~~~~~~~~~~~^^
  File "C:\Users\AYESHA RAHMAN\murf-livekit-starter\backend\.venv\Lib\site-packages\rich\console.py", line 826, in _exit_buffer
    self._check_buffer()
    ~~~~~~~~~~~~~~~~~~^^
  File "C:\Users\AYESHA RAHMAN\murf-livekit-starter\backend\.venv\Lib\site-packages\rich\console.py", line 2042, in _check_buffer
    self._write_buffer()
    ~~~~~~~~~~~~~~~~~~^^
  File "C:\Users\AYESHA RAHMAN\murf-livekit-starter\backend\.venv\Lib\site-packages\rich\console.py", line 2078, in _write_buffer
    legacy_windows_render(buffer, LegacyWindowsTerm(self.file))
    ~~~~~~~~~~~~~~~~~~~~~^^^^^^^^^^^^^^^^^^^^^^^^^^^^^^^^^^^^^^
  File "C:\Users\AYESHA RAHMAN\murf-livekit-starter\backend\.venv\Lib\site-packages\rich\_windows_renderer.py", line 17, in legacy_windows_render
    term.write_styled(text, style)
    ~~~~~~~~~~~~~~~~~^^^^^^^^^^^^^
  File "C:\Users\AYESHA RAHMAN\murf-livekit-starter\backend\.venv\Lib\site-packages\rich\_win32_console.py", line 441, in write_styled
    self.write_text(text)
    ~~~~~~~~~~~~~~~^^^^^^
  File "C:\Users\AYESHA RAHMAN\murf-livekit-starter\backend\.venv\Lib\site-packages\rich\_win32_console.py", line 402, in write_text
    self.write(text)
    ~~~~~~~~~~^^^^^^
  File "C:\Users\AYESHA RAHMAN\murf-livekit-starter\backend\.uv-python\cpython-3.13-windows-x86_64-none\Lib\encodings\cp1252.py", line 19, in encode
    return codecs.charmap_encode(input,self.errors,encoding_table)[0]
           ~~~~~~~~~~~~~~~~~~~~~^^^^^^^^^^^^^^^^^^^^^^^^^^^^^^^^^^
UnicodeEncodeError: 'charmap' codec can't encode character '\u20b9' in position 52: character maps to <undefined>
Call stack:
  File "C:\Users\AYESHA RAHMAN\murf-livekit-starter\backend\.uv-python\cpython-3.13-windows-x86_64-none\Lib\threading.py", line 1015, in _bootstrap
    self._bootstrap_inner()
  File "C:\Users\AYESHA RAHMAN\murf-livekit-starter\backend\.uv-python\cpython-3.13-windows-x86_64-none\Lib\threading.py", line 1044, in _bootstrap_inner
    self.run()
  File "C:\Users\AYESHA RAHMAN\murf-livekit-starter\backend\.uv-python\cpython-3.13-windows-x86_64-none\Lib\threading.py", line 995, in run
    self._target(*self._args, **self._kwargs)
  File "C:\Users\AYESHA RAHMAN\murf-livekit-starter\backend\.venv\Lib\site-packages\livekit\agents\ipc\job_proc_lazy_main.py", line 418, in thread_main
    client.run()
  File "C:\Users\AYESHA RAHMAN\murf-livekit-starter\backend\.venv\Lib\site-packages\livekit\agents\ipc\proc_client.py", line 70, in run
    loop.run_until_complete(self._task)
  File "C:\Users\AYESHA RAHMAN\murf-livekit-starter\backend\.uv-python\cpython-3.13-windows-x86_64-none\Lib\asyncio\base_events.py", line 712, in run_until_complete
    self.run_forever()
  File "C:\Users\AYESHA RAHMAN\murf-livekit-starter\backend\.uv-python\cpython-3.13-windows-x86_64-none\Lib\asyncio\base_events.py", line 683, in run_forever
    self._run_once()
  File "C:\Users\AYESHA RAHMAN\murf-livekit-starter\backend\.uv-python\cpython-3.13-windows-x86_64-none\Lib\asyncio\base_events.py", line 2060, in _run_once
    handle._run()
  File "C:\Users\AYESHA RAHMAN\murf-livekit-starter\backend\.uv-python\cpython-3.13-windows-x86_64-none\Lib\asyncio\events.py", line 89, in _run
    self._context.run(self._callback, *self._args)
  File "C:\Users\AYESHA RAHMAN\murf-livekit-starter\backend\.venv\Lib\site-packages\livekit\agents\stt\stt.py", line 384, in _metrics_monitor_task
    self._stt.emit("metrics_collected", stt_metrics)
  File "C:\Users\AYESHA RAHMAN\murf-livekit-starter\backend\.venv\Lib\site-packages\livekit\rtc\event_emitter.py", line 58, in emit
    callback(*callback_args)
  File "C:\Users\AYESHA RAHMAN\murf-livekit-starter\backend\.venv\Lib\site-packages\livekit\agents\voice\agent_activity.py", line 1162, in _on_metrics_collected
    self._session.emit("metrics_collected", MetricsCollectedEvent(metrics=ev))
  File "C:\Users\AYESHA RAHMAN\murf-livekit-starter\backend\.venv\Lib\site-packages\livekit\agents\voice\agent_session.py", line 428, in emit
    super().emit(event, arg)
  File "C:\Users\AYESHA RAHMAN\murf-livekit-starter\backend\.venv\Lib\site-packages\livekit\rtc\event_emitter.py", line 58, in emit
    callback(*callback_args)
  File "C:\Users\AYESHA RAHMAN\murf-livekit-starter\backend\src\agent.py", line 477, in on_metrics_collected
    logger.info(
  File "C:\Users\AYESHA RAHMAN\murf-livekit-starter\backend\.uv-python\cpython-3.13-windows-x86_64-none\Lib\logging\__init__.py", line 1520, in info
    self._log(INFO, msg, args, **kwargs)
  File "C:\Users\AYESHA RAHMAN\murf-livekit-starter\backend\.uv-python\cpython-3.13-windows-x86_64-none\Lib\logging\__init__.py", line 1665, in _log
    self.handle(record)
  File "C:\Users\AYESHA RAHMAN\murf-livekit-starter\backend\.uv-python\cpython-3.13-windows-x86_64-none\Lib\logging\__init__.py", line 1681, in handle
    self.callHandlers(record)
  File "C:\Users\AYESHA RAHMAN\murf-livekit-starter\backend\.uv-python\cpython-3.13-windows-x86_64-none\Lib\logging\__init__.py", line 1737, in callHandlers
    hdlr.handle(record)
  File "C:\Users\AYESHA RAHMAN\murf-livekit-starter\backend\.uv-python\cpython-3.13-windows-x86_64-none\Lib\logging\__init__.py", line 1027, in handle
    self.emit(record)
  File "C:\Users\AYESHA RAHMAN\murf-livekit-starter\backend\.venv\Lib\site-packages\livekit\agents\cli\cli.py", line 957, in emit
    self.handleError(record)
Message: '[DEBUG-%s] metrics=%s'
Arguments: ('STT', STTMetrics(type='stt_metrics', label='livekit.plugins.deepgram.stt.STT', request_id='01a00183-59f7-7ad3-8d42-92bf10e19690', timestamp=1786731825.4505098, duration=0.0, audio_duration=5.04999999999999, streamed=True, metadata=Metadata(model_name='nova-3', model_provider='Deepgram')))
--- Logging error ---
Traceback (most recent call last):
  File "C:\Users\AYESHA RAHMAN\murf-livekit-starter\backend\.venv\Lib\site-packages\livekit\agents\cli\cli.py", line 944, in emit
    self.c.console.print(output)
    ~~~~~~~~~~~~~~~~~~~~^^^^^^^^
  File "C:\Users\AYESHA RAHMAN\murf-livekit-starter\backend\.venv\Lib\site-packages\rich\console.py", line 1697, in print
    with self:
         ^^^^
  File "C:\Users\AYESHA RAHMAN\murf-livekit-starter\backend\.venv\Lib\site-packages\rich\console.py", line 870, in __exit__
    self._exit_buffer()
    ~~~~~~~~~~~~~~~~~^^
  File "C:\Users\AYESHA RAHMAN\murf-livekit-starter\backend\.venv\Lib\site-packages\rich\console.py", line 826, in _exit_buffer
    self._check_buffer()
    ~~~~~~~~~~~~~~~~~~^^
  File "C:\Users\AYESHA RAHMAN\murf-livekit-starter\backend\.venv\Lib\site-packages\rich\console.py", line 2042, in _check_buffer
    self._write_buffer()
    ~~~~~~~~~~~~~~~~~~^^
  File "C:\Users\AYESHA RAHMAN\murf-livekit-starter\backend\.venv\Lib\site-packages\rich\console.py", line 2078, in _write_buffer
    legacy_windows_render(buffer, LegacyWindowsTerm(self.file))
    ~~~~~~~~~~~~~~~~~~~~~^^^^^^^^^^^^^^^^^^^^^^^^^^^^^^^^^^^^^^
  File "C:\Users\AYESHA RAHMAN\murf-livekit-starter\backend\.venv\Lib\site-packages\rich\_windows_renderer.py", line 17, in legacy_windows_render
    term.write_styled(text, style)
    ~~~~~~~~~~~~~~~~~^^^^^^^^^^^^^
  File "C:\Users\AYESHA RAHMAN\murf-livekit-starter\backend\.venv\Lib\site-packages\rich\_win32_console.py", line 441, in write_styled
    self.write_text(text)
    ~~~~~~~~~~~~~~~^^^^^^
  File "C:\Users\AYESHA RAHMAN\murf-livekit-starter\backend\.venv\Lib\site-packages\rich\_win32_console.py", line 402, in write_text
    self.write(text)
    ~~~~~~~~~~^^^^^^
  File "C:\Users\AYESHA RAHMAN\murf-livekit-starter\backend\.uv-python\cpython-3.13-windows-x86_64-none\Lib\encodings\cp1252.py", line 19, in encode
    return codecs.charmap_encode(input,self.errors,encoding_table)[0]
           ~~~~~~~~~~~~~~~~~~~~~^^^^^^^^^^^^^^^^^^^^^^^^^^^^^^^^^^
UnicodeEncodeError: 'charmap' codec can't encode character '\u20b9' in position 52: character maps to <undefined>
Call stack:
  File "C:\Users\AYESHA RAHMAN\murf-livekit-starter\backend\.uv-python\cpython-3.13-windows-x86_64-none\Lib\threading.py", line 1015, in _bootstrap
    self._bootstrap_inner()
  File "C:\Users\AYESHA RAHMAN\murf-livekit-starter\backend\.uv-python\cpython-3.13-windows-x86_64-none\Lib\threading.py", line 1044, in _bootstrap_inner
    self.run()
  File "C:\Users\AYESHA RAHMAN\murf-livekit-starter\backend\.uv-python\cpython-3.13-windows-x86_64-none\Lib\threading.py", line 995, in run
    self._target(*self._args, **self._kwargs)
  File "C:\Users\AYESHA RAHMAN\murf-livekit-starter\backend\.venv\Lib\site-packages\livekit\agents\ipc\job_proc_lazy_main.py", line 418, in thread_main
    client.run()
  File "C:\Users\AYESHA RAHMAN\murf-livekit-starter\backend\.venv\Lib\site-packages\livekit\agents\ipc\proc_client.py", line 70, in run
    loop.run_until_complete(self._task)
  File "C:\Users\AYESHA RAHMAN\murf-livekit-starter\backend\.uv-python\cpython-3.13-windows-x86_64-none\Lib\asyncio\base_events.py", line 712, in run_until_complete
    self.run_forever()
  File "C:\Users\AYESHA RAHMAN\murf-livekit-starter\backend\.uv-python\cpython-3.13-windows-x86_64-none\Lib\asyncio\base_events.py", line 683, in run_forever
    self._run_once()
  File "C:\Users\AYESHA RAHMAN\murf-livekit-starter\backend\.uv-python\cpython-3.13-windows-x86_64-none\Lib\asyncio\base_events.py", line 2060, in _run_once
    handle._run()
  File "C:\Users\AYESHA RAHMAN\murf-livekit-starter\backend\.uv-python\cpython-3.13-windows-x86_64-none\Lib\asyncio\events.py", line 89, in _run
    self._context.run(self._callback, *self._args)
  File "C:\Users\AYESHA RAHMAN\murf-livekit-starter\backend\.venv\Lib\site-packages\livekit\agents\utils\log.py", line 17, in async_fn_logs
    return await fn(*args, **kwargs)
  File "C:\Users\AYESHA RAHMAN\murf-livekit-starter\backend\.venv\Lib\site-packages\livekit\agents\voice\audio_recognition.py", line 713, in _stt_task
    await self._on_stt_event(ev)
  File "C:\Users\AYESHA RAHMAN\murf-livekit-starter\backend\.venv\Lib\site-packages\livekit\agents\voice\audio_recognition.py", line 382, in _on_stt_event
    self._hooks.on_final_transcript(
  File "C:\Users\AYESHA RAHMAN\murf-livekit-starter\backend\.venv\Lib\site-packages\livekit\agents\voice\agent_activity.py", line 1387, in on_final_transcript
    self._session._user_input_transcribed(
  File "C:\Users\AYESHA RAHMAN\murf-livekit-starter\backend\.venv\Lib\site-packages\livekit\agents\voice\agent_session.py", line 1405, in _user_input_transcribed
    self.emit("user_input_transcribed", ev)
  File "C:\Users\AYESHA RAHMAN\murf-livekit-starter\backend\.venv\Lib\site-packages\livekit\agents\voice\agent_session.py", line 428, in emit
    super().emit(event, arg)
  File "C:\Users\AYESHA RAHMAN\murf-livekit-starter\backend\.venv\Lib\site-packages\livekit\rtc\event_emitter.py", line 58, in emit
    callback(*callback_args)
  File "C:\Users\AYESHA RAHMAN\murf-livekit-starter\backend\src\agent.py", line 459, in on_user_input_transcribed
    logger.info(
  File "C:\Users\AYESHA RAHMAN\murf-livekit-starter\backend\.uv-python\cpython-3.13-windows-x86_64-none\Lib\logging\__init__.py", line 1520, in info
    self._log(INFO, msg, args, **kwargs)
  File "C:\Users\AYESHA RAHMAN\murf-livekit-starter\backend\.uv-python\cpython-3.13-windows-x86_64-none\Lib\logging\__init__.py", line 1665, in _log
    self.handle(record)
  File "C:\Users\AYESHA RAHMAN\murf-livekit-starter\backend\.uv-python\cpython-3.13-windows-x86_64-none\Lib\logging\__init__.py", line 1681, in handle
    self.callHandlers(record)
  File "C:\Users\AYESHA RAHMAN\murf-livekit-starter\backend\.uv-python\cpython-3.13-windows-x86_64-none\Lib\logging\__init__.py", line 1737, in callHandlers
    hdlr.handle(record)
  File "C:\Users\AYESHA RAHMAN\murf-livekit-starter\backend\.uv-python\cpython-3.13-windows-x86_64-none\Lib\logging\__init__.py", line 1027, in handle
    self.emit(record)
  File "C:\Users\AYESHA RAHMAN\murf-livekit-starter\backend\.venv\Lib\site-packages\livekit\agents\cli\cli.py", line 957, in emit
    self.handleError(record)
Message: '[DEBUG-STT] final transcript=%r language=%s'
Arguments: ('My rent is eight thousand rupees', 'en')
--- Logging error ---
Traceback (most recent call last):
  File "C:\Users\AYESHA RAHMAN\murf-livekit-starter\backend\.venv\Lib\site-packages\livekit\agents\cli\cli.py", line 944, in emit
    self.c.console.print(output)
    ~~~~~~~~~~~~~~~~~~~~^^^^^^^^
  File "C:\Users\AYESHA RAHMAN\murf-livekit-starter\backend\.venv\Lib\site-packages\rich\console.py", line 1697, in print
    with self:
         ^^^^
  File "C:\Users\AYESHA RAHMAN\murf-livekit-starter\backend\.venv\Lib\site-packages\rich\console.py", line 870, in __exit__
    self._exit_buffer()
    ~~~~~~~~~~~~~~~~~^^
  File "C:\Users\AYESHA RAHMAN\murf-livekit-starter\backend\.venv\Lib\site-packages\rich\console.py", line 826, in _exit_buffer
    self._check_buffer()
    ~~~~~~~~~~~~~~~~~~^^
  File "C:\Users\AYESHA RAHMAN\murf-livekit-starter\backend\.venv\Lib\site-packages\rich\console.py", line 2042, in _check_buffer
    self._write_buffer()
    ~~~~~~~~~~~~~~~~~~^^
  File "C:\Users\AYESHA RAHMAN\murf-livekit-starter\backend\.venv\Lib\site-packages\rich\console.py", line 2078, in _write_buffer
    legacy_windows_render(buffer, LegacyWindowsTerm(self.file))
    ~~~~~~~~~~~~~~~~~~~~~^^^^^^^^^^^^^^^^^^^^^^^^^^^^^^^^^^^^^^
  File "C:\Users\AYESHA RAHMAN\murf-livekit-starter\backend\.venv\Lib\site-packages\rich\_windows_renderer.py", line 17, in legacy_windows_render
    term.write_styled(text, style)
    ~~~~~~~~~~~~~~~~~^^^^^^^^^^^^^
  File "C:\Users\AYESHA RAHMAN\murf-livekit-starter\backend\.venv\Lib\site-packages\rich\_win32_console.py", line 441, in write_styled
    self.write_text(text)
    ~~~~~~~~~~~~~~~^^^^^^
  File "C:\Users\AYESHA RAHMAN\murf-livekit-starter\backend\.venv\Lib\site-packages\rich\_win32_console.py", line 402, in write_text
    self.write(text)
    ~~~~~~~~~~^^^^^^
  File "C:\Users\AYESHA RAHMAN\murf-livekit-starter\backend\.uv-python\cpython-3.13-windows-x86_64-none\Lib\encodings\cp1252.py", line 19, in encode
    return codecs.charmap_encode(input,self.errors,encoding_table)[0]
           ~~~~~~~~~~~~~~~~~~~~~^^^^^^^^^^^^^^^^^^^^^^^^^^^^^^^^^^
UnicodeEncodeError: 'charmap' codec can't encode character '\u20b9' in position 52: character maps to <undefined>
Call stack:
  File "C:\Users\AYESHA RAHMAN\murf-livekit-starter\backend\.uv-python\cpython-3.13-windows-x86_64-none\Lib\threading.py", line 1015, in _bootstrap
    self._bootstrap_inner()
  File "C:\Users\AYESHA RAHMAN\murf-livekit-starter\backend\.uv-python\cpython-3.13-windows-x86_64-none\Lib\threading.py", line 1044, in _bootstrap_inner
    self.run()
  File "C:\Users\AYESHA RAHMAN\murf-livekit-starter\backend\.uv-python\cpython-3.13-windows-x86_64-none\Lib\threading.py", line 995, in run
    self._target(*self._args, **self._kwargs)
  File "C:\Users\AYESHA RAHMAN\murf-livekit-starter\backend\.venv\Lib\site-packages\livekit\agents\ipc\job_proc_lazy_main.py", line 418, in thread_main
    client.run()
  File "C:\Users\AYESHA RAHMAN\murf-livekit-starter\backend\.venv\Lib\site-packages\livekit\agents\ipc\proc_client.py", line 70, in run
    loop.run_until_complete(self._task)
  File "C:\Users\AYESHA RAHMAN\murf-livekit-starter\backend\.uv-python\cpython-3.13-windows-x86_64-none\Lib\asyncio\base_events.py", line 712, in run_until_complete
    self.run_forever()
  File "C:\Users\AYESHA RAHMAN\murf-livekit-starter\backend\.uv-python\cpython-3.13-windows-x86_64-none\Lib\asyncio\base_events.py", line 683, in run_forever
    self._run_once()
  File "C:\Users\AYESHA RAHMAN\murf-livekit-starter\backend\.uv-python\cpython-3.13-windows-x86_64-none\Lib\asyncio\base_events.py", line 2060, in _run_once
    handle._run()
  File "C:\Users\AYESHA RAHMAN\murf-livekit-starter\backend\.uv-python\cpython-3.13-windows-x86_64-none\Lib\asyncio\events.py", line 89, in _run
    self._context.run(self._callback, *self._args)
  File "C:\Users\AYESHA RAHMAN\murf-livekit-starter\backend\.venv\Lib\site-packages\livekit\agents\utils\log.py", line 17, in async_fn_logs
    return await fn(*args, **kwargs)
  File "C:\Users\AYESHA RAHMAN\murf-livekit-starter\backend\.venv\Lib\site-packages\livekit\agents\voice\audio_recognition.py", line 713, in _stt_task
    await self._on_stt_event(ev)
  File "C:\Users\AYESHA RAHMAN\murf-livekit-starter\backend\.venv\Lib\site-packages\livekit\agents\voice\audio_recognition.py", line 391, in _on_stt_event
    logger.debug("received user transcript", extra=extra)
  File "C:\Users\AYESHA RAHMAN\murf-livekit-starter\backend\.uv-python\cpython-3.13-windows-x86_64-none\Lib\logging\__init__.py", line 1508, in debug
    self._log(DEBUG, msg, args, **kwargs)
  File "C:\Users\AYESHA RAHMAN\murf-livekit-starter\backend\.uv-python\cpython-3.13-windows-x86_64-none\Lib\logging\__init__.py", line 1665, in _log
    self.handle(record)
  File "C:\Users\AYESHA RAHMAN\murf-livekit-starter\backend\.uv-python\cpython-3.13-windows-x86_64-none\Lib\logging\__init__.py", line 1681, in handle
    self.callHandlers(record)
  File "C:\Users\AYESHA RAHMAN\murf-livekit-starter\backend\.uv-python\cpython-3.13-windows-x86_64-none\Lib\logging\__init__.py", line 1737, in callHandlers
    hdlr.handle(record)
  File "C:\Users\AYESHA RAHMAN\murf-livekit-starter\backend\.uv-python\cpython-3.13-windows-x86_64-none\Lib\logging\__init__.py", line 1027, in handle
    self.emit(record)
  File "C:\Users\AYESHA RAHMAN\murf-livekit-starter\backend\.venv\Lib\site-packages\livekit\agents\cli\cli.py", line 957, in emit
    self.handleError(record)
Message: 'received user transcript'
Arguments: ()
--- Logging error ---
Traceback (most recent call last):
  File "C:\Users\AYESHA RAHMAN\murf-livekit-starter\backend\.venv\Lib\site-packages\livekit\agents\cli\cli.py", line 944, in emit
    self.c.console.print(output)
    ~~~~~~~~~~~~~~~~~~~~^^^^^^^^
  File "C:\Users\AYESHA RAHMAN\murf-livekit-starter\backend\.venv\Lib\site-packages\rich\console.py", line 1697, in print
    with self:
         ^^^^
  File "C:\Users\AYESHA RAHMAN\murf-livekit-starter\backend\.venv\Lib\site-packages\rich\console.py", line 870, in __exit__
    self._exit_buffer()
    ~~~~~~~~~~~~~~~~~^^
  File "C:\Users\AYESHA RAHMAN\murf-livekit-starter\backend\.venv\Lib\site-packages\rich\console.py", line 826, in _exit_buffer
    self._check_buffer()
    ~~~~~~~~~~~~~~~~~~^^
  File "C:\Users\AYESHA RAHMAN\murf-livekit-starter\backend\.venv\Lib\site-packages\rich\console.py", line 2042, in _check_buffer
    self._write_buffer()
    ~~~~~~~~~~~~~~~~~~^^
  File "C:\Users\AYESHA RAHMAN\murf-livekit-starter\backend\.venv\Lib\site-packages\rich\console.py", line 2078, in _write_buffer
    legacy_windows_render(buffer, LegacyWindowsTerm(self.file))
    ~~~~~~~~~~~~~~~~~~~~~^^^^^^^^^^^^^^^^^^^^^^^^^^^^^^^^^^^^^^
  File "C:\Users\AYESHA RAHMAN\murf-livekit-starter\backend\.venv\Lib\site-packages\rich\_windows_renderer.py", line 17, in legacy_windows_render
    term.write_styled(text, style)
    ~~~~~~~~~~~~~~~~~^^^^^^^^^^^^^
  File "C:\Users\AYESHA RAHMAN\murf-livekit-starter\backend\.venv\Lib\site-packages\rich\_win32_console.py", line 441, in write_styled
    self.write_text(text)
    ~~~~~~~~~~~~~~~^^^^^^
  File "C:\Users\AYESHA RAHMAN\murf-livekit-starter\backend\.venv\Lib\site-packages\rich\_win32_console.py", line 402, in write_text
    self.write(text)
    ~~~~~~~~~~^^^^^^
  File "C:\Users\AYESHA RAHMAN\murf-livekit-starter\backend\.uv-python\cpython-3.13-windows-x86_64-none\Lib\encodings\cp1252.py", line 19, in encode
    return codecs.charmap_encode(input,self.errors,encoding_table)[0]
           ~~~~~~~~~~~~~~~~~~~~~^^^^^^^^^^^^^^^^^^^^^^^^^^^^^^^^^^
UnicodeEncodeError: 'charmap' codec can't encode character '\u20b9' in position 52: character maps to <undefined>
Call stack:
  File "C:\Users\AYESHA RAHMAN\murf-livekit-starter\backend\.uv-python\cpython-3.13-windows-x86_64-none\Lib\threading.py", line 1015, in _bootstrap
    self._bootstrap_inner()
  File "C:\Users\AYESHA RAHMAN\murf-livekit-starter\backend\.uv-python\cpython-3.13-windows-x86_64-none\Lib\threading.py", line 1044, in _bootstrap_inner
    self.run()
  File "C:\Users\AYESHA RAHMAN\murf-livekit-starter\backend\.uv-python\cpython-3.13-windows-x86_64-none\Lib\threading.py", line 995, in run
    self._target(*self._args, **self._kwargs)
  File "C:\Users\AYESHA RAHMAN\murf-livekit-starter\backend\.venv\Lib\site-packages\livekit\agents\ipc\job_proc_lazy_main.py", line 418, in thread_main
    client.run()
  File "C:\Users\AYESHA RAHMAN\murf-livekit-starter\backend\.venv\Lib\site-packages\livekit\agents\ipc\proc_client.py", line 70, in run
    loop.run_until_complete(self._task)
  File "C:\Users\AYESHA RAHMAN\murf-livekit-starter\backend\.uv-python\cpython-3.13-windows-x86_64-none\Lib\asyncio\base_events.py", line 712, in run_until_complete
    self.run_forever()
  File "C:\Users\AYESHA RAHMAN\murf-livekit-starter\backend\.uv-python\cpython-3.13-windows-x86_64-none\Lib\asyncio\base_events.py", line 683, in run_forever
    self._run_once()
  File "C:\Users\AYESHA RAHMAN\murf-livekit-starter\backend\.uv-python\cpython-3.13-windows-x86_64-none\Lib\asyncio\base_events.py", line 2060, in _run_once
    handle._run()
  File "C:\Users\AYESHA RAHMAN\murf-livekit-starter\backend\.uv-python\cpython-3.13-windows-x86_64-none\Lib\asyncio\events.py", line 89, in _run
    self._context.run(self._callback, *self._args)
  File "C:\Users\AYESHA RAHMAN\murf-livekit-starter\backend\.venv\Lib\site-packages\livekit\agents\tts\stream_pacer.py", line 149, in _send_task
    logger.debug(
  File "C:\Users\AYESHA RAHMAN\murf-livekit-starter\backend\.uv-python\cpython-3.13-windows-x86_64-none\Lib\logging\__init__.py", line 1508, in debug
    self._log(DEBUG, msg, args, **kwargs)
  File "C:\Users\AYESHA RAHMAN\murf-livekit-starter\backend\.uv-python\cpython-3.13-windows-x86_64-none\Lib\logging\__init__.py", line 1665, in _log
    self.handle(record)
  File "C:\Users\AYESHA RAHMAN\murf-livekit-starter\backend\.uv-python\cpython-3.13-windows-x86_64-none\Lib\logging\__init__.py", line 1681, in handle
    self.callHandlers(record)
  File "C:\Users\AYESHA RAHMAN\murf-livekit-starter\backend\.uv-python\cpython-3.13-windows-x86_64-none\Lib\logging\__init__.py", line 1737, in callHandlers
    hdlr.handle(record)
  File "C:\Users\AYESHA RAHMAN\murf-livekit-starter\backend\.uv-python\cpython-3.13-windows-x86_64-none\Lib\logging\__init__.py", line 1027, in handle
    self.emit(record)
  File "C:\Users\AYESHA RAHMAN\murf-livekit-starter\backend\.venv\Lib\site-packages\livekit\agents\cli\cli.py", line 957, in emit
    self.handleError(record)
Message: 'sent text to tts'
Arguments: ()
--- Logging error ---
Traceback (most recent call last):
  File "C:\Users\AYESHA RAHMAN\murf-livekit-starter\backend\.venv\Lib\site-packages\livekit\agents\cli\cli.py", line 944, in emit
    self.c.console.print(output)
    ~~~~~~~~~~~~~~~~~~~~^^^^^^^^
  File "C:\Users\AYESHA RAHMAN\murf-livekit-starter\backend\.venv\Lib\site-packages\rich\console.py", line 1697, in print
    with self:
         ^^^^
  File "C:\Users\AYESHA RAHMAN\murf-livekit-starter\backend\.venv\Lib\site-packages\rich\console.py", line 870, in __exit__
    self._exit_buffer()
    ~~~~~~~~~~~~~~~~~^^
  File "C:\Users\AYESHA RAHMAN\murf-livekit-starter\backend\.venv\Lib\site-packages\rich\console.py", line 826, in _exit_buffer
    self._check_buffer()
    ~~~~~~~~~~~~~~~~~~^^
  File "C:\Users\AYESHA RAHMAN\murf-livekit-starter\backend\.venv\Lib\site-packages\rich\console.py", line 2042, in _check_buffer
    self._write_buffer()
    ~~~~~~~~~~~~~~~~~~^^
  File "C:\Users\AYESHA RAHMAN\murf-livekit-starter\backend\.venv\Lib\site-packages\rich\console.py", line 2078, in _write_buffer
    legacy_windows_render(buffer, LegacyWindowsTerm(self.file))
    ~~~~~~~~~~~~~~~~~~~~~^^^^^^^^^^^^^^^^^^^^^^^^^^^^^^^^^^^^^^
  File "C:\Users\AYESHA RAHMAN\murf-livekit-starter\backend\.venv\Lib\site-packages\rich\_windows_renderer.py", line 17, in legacy_windows_render
    term.write_styled(text, style)
    ~~~~~~~~~~~~~~~~~^^^^^^^^^^^^^
  File "C:\Users\AYESHA RAHMAN\murf-livekit-starter\backend\.venv\Lib\site-packages\rich\_win32_console.py", line 441, in write_styled
    self.write_text(text)
    ~~~~~~~~~~~~~~~^^^^^^
  File "C:\Users\AYESHA RAHMAN\murf-livekit-starter\backend\.venv\Lib\site-packages\rich\_win32_console.py", line 402, in write_text
    self.write(text)
    ~~~~~~~~~~^^^^^^
  File "C:\Users\AYESHA RAHMAN\murf-livekit-starter\backend\.uv-python\cpython-3.13-windows-x86_64-none\Lib\encodings\cp1252.py", line 19, in encode
    return codecs.charmap_encode(input,self.errors,encoding_table)[0]
           ~~~~~~~~~~~~~~~~~~~~~^^^^^^^^^^^^^^^^^^^^^^^^^^^^^^^^^^
UnicodeEncodeError: 'charmap' codec can't encode character '\u20b9' in position 52: character maps to <undefined>
Call stack:
  File "C:\Users\AYESHA RAHMAN\murf-livekit-starter\backend\.uv-python\cpython-3.13-windows-x86_64-none\Lib\threading.py", line 1015, in _bootstrap
    self._bootstrap_inner()
  File "C:\Users\AYESHA RAHMAN\murf-livekit-starter\backend\.uv-python\cpython-3.13-windows-x86_64-none\Lib\threading.py", line 1044, in _bootstrap_inner
    self.run()
  File "C:\Users\AYESHA RAHMAN\murf-livekit-starter\backend\.uv-python\cpython-3.13-windows-x86_64-none\Lib\threading.py", line 995, in run
    self._target(*self._args, **self._kwargs)
  File "C:\Users\AYESHA RAHMAN\murf-livekit-starter\backend\.venv\Lib\site-packages\livekit\agents\ipc\job_proc_lazy_main.py", line 418, in thread_main
    client.run()
  File "C:\Users\AYESHA RAHMAN\murf-livekit-starter\backend\.venv\Lib\site-packages\livekit\agents\ipc\proc_client.py", line 70, in run
    loop.run_until_complete(self._task)
  File "C:\Users\AYESHA RAHMAN\murf-livekit-starter\backend\.uv-python\cpython-3.13-windows-x86_64-none\Lib\asyncio\base_events.py", line 712, in run_until_complete
    self.run_forever()
  File "C:\Users\AYESHA RAHMAN\murf-livekit-starter\backend\.uv-python\cpython-3.13-windows-x86_64-none\Lib\asyncio\base_events.py", line 683, in run_forever
    self._run_once()
  File "C:\Users\AYESHA RAHMAN\murf-livekit-starter\backend\.uv-python\cpython-3.13-windows-x86_64-none\Lib\asyncio\base_events.py", line 2060, in _run_once
    handle._run()
  File "C:\Users\AYESHA RAHMAN\murf-livekit-starter\backend\.uv-python\cpython-3.13-windows-x86_64-none\Lib\asyncio\events.py", line 89, in _run
    self._context.run(self._callback, *self._args)
  File "C:\Users\AYESHA RAHMAN\murf-livekit-starter\backend\.venv\Lib\site-packages\livekit\plugins\murf\tts.py", line 351, in _sentence_stream_task
    logger.info(
  File "C:\Users\AYESHA RAHMAN\murf-livekit-starter\backend\.uv-python\cpython-3.13-windows-x86_64-none\Lib\logging\__init__.py", line 1520, in info
    self._log(INFO, msg, args, **kwargs)
  File "C:\Users\AYESHA RAHMAN\murf-livekit-starter\backend\.uv-python\cpython-3.13-windows-x86_64-none\Lib\logging\__init__.py", line 1665, in _log
    self.handle(record)
  File "C:\Users\AYESHA RAHMAN\murf-livekit-starter\backend\.uv-python\cpython-3.13-windows-x86_64-none\Lib\logging\__init__.py", line 1681, in handle
    self.callHandlers(record)
  File "C:\Users\AYESHA RAHMAN\murf-livekit-starter\backend\.uv-python\cpython-3.13-windows-x86_64-none\Lib\logging\__init__.py", line 1737, in callHandlers
    hdlr.handle(record)
  File "C:\Users\AYESHA RAHMAN\murf-livekit-starter\backend\.uv-python\cpython-3.13-windows-x86_64-none\Lib\logging\__init__.py", line 1027, in handle
    self.emit(record)
  File "C:\Users\AYESHA RAHMAN\murf-livekit-starter\backend\.venv\Lib\site-packages\livekit\agents\cli\cli.py", line 957, in emit
    self.handleError(record)
Message: '[Murf TTS] Stream started - context_id=%s, voice=%s, style=%s, locale=%s, min_buffer_size=%d, max_buffer_delay_in_ms=%d, endpoint=%s'
Arguments: ('835b031f54f7', 'Samar', 'Conversation', None, 3, 0, 'https://global.api.murf.ai')
--- Logging error ---
Traceback (most recent call last):
  File "C:\Users\AYESHA RAHMAN\murf-livekit-starter\backend\.venv\Lib\site-packages\livekit\agents\cli\cli.py", line 944, in emit
    self.c.console.print(output)
    ~~~~~~~~~~~~~~~~~~~~^^^^^^^^
  File "C:\Users\AYESHA RAHMAN\murf-livekit-starter\backend\.venv\Lib\site-packages\rich\console.py", line 1697, in print
    with self:
         ^^^^
  File "C:\Users\AYESHA RAHMAN\murf-livekit-starter\backend\.venv\Lib\site-packages\rich\console.py", line 870, in __exit__
    self._exit_buffer()
    ~~~~~~~~~~~~~~~~~^^
  File "C:\Users\AYESHA RAHMAN\murf-livekit-starter\backend\.venv\Lib\site-packages\rich\console.py", line 826, in _exit_buffer
    self._check_buffer()
    ~~~~~~~~~~~~~~~~~~^^
  File "C:\Users\AYESHA RAHMAN\murf-livekit-starter\backend\.venv\Lib\site-packages\rich\console.py", line 2042, in _check_buffer
    self._write_buffer()
    ~~~~~~~~~~~~~~~~~~^^
  File "C:\Users\AYESHA RAHMAN\murf-livekit-starter\backend\.venv\Lib\site-packages\rich\console.py", line 2078, in _write_buffer
    legacy_windows_render(buffer, LegacyWindowsTerm(self.file))
    ~~~~~~~~~~~~~~~~~~~~~^^^^^^^^^^^^^^^^^^^^^^^^^^^^^^^^^^^^^^
  File "C:\Users\AYESHA RAHMAN\murf-livekit-starter\backend\.venv\Lib\site-packages\rich\_windows_renderer.py", line 17, in legacy_windows_render
    term.write_styled(text, style)
    ~~~~~~~~~~~~~~~~~^^^^^^^^^^^^^
  File "C:\Users\AYESHA RAHMAN\murf-livekit-starter\backend\.venv\Lib\site-packages\rich\_win32_console.py", line 441, in write_styled
    self.write_text(text)
    ~~~~~~~~~~~~~~~^^^^^^
  File "C:\Users\AYESHA RAHMAN\murf-livekit-starter\backend\.venv\Lib\site-packages\rich\_win32_console.py", line 402, in write_text
    self.write(text)
    ~~~~~~~~~~^^^^^^
  File "C:\Users\AYESHA RAHMAN\murf-livekit-starter\backend\.uv-python\cpython-3.13-windows-x86_64-none\Lib\encodings\cp1252.py", line 19, in encode
    return codecs.charmap_encode(input,self.errors,encoding_table)[0]
           ~~~~~~~~~~~~~~~~~~~~~^^^^^^^^^^^^^^^^^^^^^^^^^^^^^^^^^^
UnicodeEncodeError: 'charmap' codec can't encode character '\u20b9' in position 52: character maps to <undefined>
Call stack:
  File "C:\Users\AYESHA RAHMAN\murf-livekit-starter\backend\.uv-python\cpython-3.13-windows-x86_64-none\Lib\threading.py", line 1015, in _bootstrap
    self._bootstrap_inner()
  File "C:\Users\AYESHA RAHMAN\murf-livekit-starter\backend\.uv-python\cpython-3.13-windows-x86_64-none\Lib\threading.py", line 1044, in _bootstrap_inner
    self.run()
  File "C:\Users\AYESHA RAHMAN\murf-livekit-starter\backend\.uv-python\cpython-3.13-windows-x86_64-none\Lib\threading.py", line 995, in run
    self._target(*self._args, **self._kwargs)
  File "C:\Users\AYESHA RAHMAN\murf-livekit-starter\backend\.venv\Lib\site-packages\livekit\agents\ipc\job_proc_lazy_main.py", line 418, in thread_main
    client.run()
  File "C:\Users\AYESHA RAHMAN\murf-livekit-starter\backend\.venv\Lib\site-packages\livekit\agents\ipc\proc_client.py", line 70, in run
    loop.run_until_complete(self._task)
  File "C:\Users\AYESHA RAHMAN\murf-livekit-starter\backend\.uv-python\cpython-3.13-windows-x86_64-none\Lib\asyncio\base_events.py", line 712, in run_until_complete
    self.run_forever()
  File "C:\Users\AYESHA RAHMAN\murf-livekit-starter\backend\.uv-python\cpython-3.13-windows-x86_64-none\Lib\asyncio\base_events.py", line 683, in run_forever
    self._run_once()
  File "C:\Users\AYESHA RAHMAN\murf-livekit-starter\backend\.uv-python\cpython-3.13-windows-x86_64-none\Lib\asyncio\base_events.py", line 2060, in _run_once
    handle._run()
  File "C:\Users\AYESHA RAHMAN\murf-livekit-starter\backend\.uv-python\cpython-3.13-windows-x86_64-none\Lib\asyncio\events.py", line 89, in _run
    self._context.run(self._callback, *self._args)
  File "C:\Users\AYESHA RAHMAN\murf-livekit-starter\backend\.venv\Lib\site-packages\livekit\plugins\murf\tts.py", line 412, in _recv_task
    logger.info("[Murf TTS] Murf TTFB (first sentence to first audio): %.2f ms", ttfb_ms)
  File "C:\Users\AYESHA RAHMAN\murf-livekit-starter\backend\.uv-python\cpython-3.13-windows-x86_64-none\Lib\logging\__init__.py", line 1520, in info
    self._log(INFO, msg, args, **kwargs)
  File "C:\Users\AYESHA RAHMAN\murf-livekit-starter\backend\.uv-python\cpython-3.13-windows-x86_64-none\Lib\logging\__init__.py", line 1665, in _log
    self.handle(record)
  File "C:\Users\AYESHA RAHMAN\murf-livekit-starter\backend\.uv-python\cpython-3.13-windows-x86_64-none\Lib\logging\__init__.py", line 1681, in handle
    self.callHandlers(record)
  File "C:\Users\AYESHA RAHMAN\murf-livekit-starter\backend\.uv-python\cpython-3.13-windows-x86_64-none\Lib\logging\__init__.py", line 1737, in callHandlers
    hdlr.handle(record)
  File "C:\Users\AYESHA RAHMAN\murf-livekit-starter\backend\.uv-python\cpython-3.13-windows-x86_64-none\Lib\logging\__init__.py", line 1027, in handle
    self.emit(record)
  File "C:\Users\AYESHA RAHMAN\murf-livekit-starter\backend\.venv\Lib\site-packages\livekit\agents\cli\cli.py", line 957, in emit
    self.handleError(record)
Message: '[Murf TTS] Murf TTFB (first sentence to first audio): %.2f ms'
Arguments: (117.08570000337204,)
--- Logging error ---
Traceback (most recent call last):
  File "C:\Users\AYESHA RAHMAN\murf-livekit-starter\backend\.venv\Lib\site-packages\livekit\agents\cli\cli.py", line 944, in emit
    self.c.console.print(output)
    ~~~~~~~~~~~~~~~~~~~~^^^^^^^^
  File "C:\Users\AYESHA RAHMAN\murf-livekit-starter\backend\.venv\Lib\site-packages\rich\console.py", line 1697, in print
    with self:
         ^^^^
  File "C:\Users\AYESHA RAHMAN\murf-livekit-starter\backend\.venv\Lib\site-packages\rich\console.py", line 870, in __exit__
    self._exit_buffer()
    ~~~~~~~~~~~~~~~~~^^
  File "C:\Users\AYESHA RAHMAN\murf-livekit-starter\backend\.venv\Lib\site-packages\rich\console.py", line 826, in _exit_buffer
    self._check_buffer()
    ~~~~~~~~~~~~~~~~~~^^
  File "C:\Users\AYESHA RAHMAN\murf-livekit-starter\backend\.venv\Lib\site-packages\rich\console.py", line 2042, in _check_buffer
    self._write_buffer()
    ~~~~~~~~~~~~~~~~~~^^
  File "C:\Users\AYESHA RAHMAN\murf-livekit-starter\backend\.venv\Lib\site-packages\rich\console.py", line 2078, in _write_buffer
    legacy_windows_render(buffer, LegacyWindowsTerm(self.file))
    ~~~~~~~~~~~~~~~~~~~~~^^^^^^^^^^^^^^^^^^^^^^^^^^^^^^^^^^^^^^
  File "C:\Users\AYESHA RAHMAN\murf-livekit-starter\backend\.venv\Lib\site-packages\rich\_windows_renderer.py", line 17, in legacy_windows_render
    term.write_styled(text, style)
    ~~~~~~~~~~~~~~~~~^^^^^^^^^^^^^
  File "C:\Users\AYESHA RAHMAN\murf-livekit-starter\backend\.venv\Lib\site-packages\rich\_win32_console.py", line 441, in write_styled
    self.write_text(text)
    ~~~~~~~~~~~~~~~^^^^^^
  File "C:\Users\AYESHA RAHMAN\murf-livekit-starter\backend\.venv\Lib\site-packages\rich\_win32_console.py", line 402, in write_text
    self.write(text)
    ~~~~~~~~~~^^^^^^
  File "C:\Users\AYESHA RAHMAN\murf-livekit-starter\backend\.uv-python\cpython-3.13-windows-x86_64-none\Lib\encodings\cp1252.py", line 19, in encode
    return codecs.charmap_encode(input,self.errors,encoding_table)[0]
           ~~~~~~~~~~~~~~~~~~~~~^^^^^^^^^^^^^^^^^^^^^^^^^^^^^^^^^^
UnicodeEncodeError: 'charmap' codec can't encode character '\u20b9' in position 52: character maps to <undefined>
Call stack:
  File "C:\Users\AYESHA RAHMAN\murf-livekit-starter\backend\.uv-python\cpython-3.13-windows-x86_64-none\Lib\threading.py", line 1015, in _bootstrap
    self._bootstrap_inner()
  File "C:\Users\AYESHA RAHMAN\murf-livekit-starter\backend\.uv-python\cpython-3.13-windows-x86_64-none\Lib\threading.py", line 1044, in _bootstrap_inner
    self.run()
  File "C:\Users\AYESHA RAHMAN\murf-livekit-starter\backend\.uv-python\cpython-3.13-windows-x86_64-none\Lib\threading.py", line 995, in run
    self._target(*self._args, **self._kwargs)
  File "C:\Users\AYESHA RAHMAN\murf-livekit-starter\backend\.venv\Lib\site-packages\livekit\agents\ipc\job_proc_lazy_main.py", line 418, in thread_main
    client.run()
  File "C:\Users\AYESHA RAHMAN\murf-livekit-starter\backend\.venv\Lib\site-packages\livekit\agents\ipc\proc_client.py", line 70, in run
    loop.run_until_complete(self._task)
  File "C:\Users\AYESHA RAHMAN\murf-livekit-starter\backend\.uv-python\cpython-3.13-windows-x86_64-none\Lib\asyncio\base_events.py", line 712, in run_until_complete
    self.run_forever()
  File "C:\Users\AYESHA RAHMAN\murf-livekit-starter\backend\.uv-python\cpython-3.13-windows-x86_64-none\Lib\asyncio\base_events.py", line 683, in run_forever
    self._run_once()
  File "C:\Users\AYESHA RAHMAN\murf-livekit-starter\backend\.uv-python\cpython-3.13-windows-x86_64-none\Lib\asyncio\base_events.py", line 2060, in _run_once
    handle._run()
  File "C:\Users\AYESHA RAHMAN\murf-livekit-starter\backend\.uv-python\cpython-3.13-windows-x86_64-none\Lib\asyncio\events.py", line 89, in _run
    self._context.run(self._callback, *self._args)
  File "C:\Users\AYESHA RAHMAN\murf-livekit-starter\backend\.venv\Lib\site-packages\livekit\agents\utils\log.py", line 17, in async_fn_logs
    return await fn(*args, **kwargs)
  File "C:\Users\AYESHA RAHMAN\murf-livekit-starter\backend\.venv\Lib\site-packages\livekit\agents\llm\llm.py", line 348, in _metrics_monitor_task
    self._llm.emit("metrics_collected", metrics)
  File "C:\Users\AYESHA RAHMAN\murf-livekit-starter\backend\.venv\Lib\site-packages\livekit\rtc\event_emitter.py", line 58, in emit
    callback(*callback_args)
  File "C:\Users\AYESHA RAHMAN\murf-livekit-starter\backend\.venv\Lib\site-packages\livekit\agents\voice\agent_activity.py", line 1162, in _on_metrics_collected
    self._session.emit("metrics_collected", MetricsCollectedEvent(metrics=ev))
  File "C:\Users\AYESHA RAHMAN\murf-livekit-starter\backend\.venv\Lib\site-packages\livekit\agents\voice\agent_session.py", line 428, in emit
    super().emit(event, arg)
  File "C:\Users\AYESHA RAHMAN\murf-livekit-starter\backend\.venv\Lib\site-packages\livekit\rtc\event_emitter.py", line 58, in emit
    callback(*callback_args)
  File "C:\Users\AYESHA RAHMAN\murf-livekit-starter\backend\src\agent.py", line 477, in on_metrics_collected
    logger.info(
  File "C:\Users\AYESHA RAHMAN\murf-livekit-starter\backend\.uv-python\cpython-3.13-windows-x86_64-none\Lib\logging\__init__.py", line 1520, in info
    self._log(INFO, msg, args, **kwargs)
  File "C:\Users\AYESHA RAHMAN\murf-livekit-starter\backend\.uv-python\cpython-3.13-windows-x86_64-none\Lib\logging\__init__.py", line 1665, in _log
    self.handle(record)
  File "C:\Users\AYESHA RAHMAN\murf-livekit-starter\backend\.uv-python\cpython-3.13-windows-x86_64-none\Lib\logging\__init__.py", line 1681, in handle
    self.callHandlers(record)
  File "C:\Users\AYESHA RAHMAN\murf-livekit-starter\backend\.uv-python\cpython-3.13-windows-x86_64-none\Lib\logging\__init__.py", line 1737, in callHandlers
    hdlr.handle(record)
  File "C:\Users\AYESHA RAHMAN\murf-livekit-starter\backend\.uv-python\cpython-3.13-windows-x86_64-none\Lib\logging\__init__.py", line 1027, in handle
    self.emit(record)
  File "C:\Users\AYESHA RAHMAN\murf-livekit-starter\backend\.venv\Lib\site-packages\livekit\agents\cli\cli.py", line 957, in emit
    self.handleError(record)
Message: '[DEBUG-%s] metrics=%s'
Arguments: ('LLM', LLMMetrics(type='llm_metrics', label='livekit.plugins.google.llm.LLM', request_id='0d83a4f63dec', timestamp=1786731829.9231443, duration=1.569374799997604, ttft=1.3572512999999162, cancelled=False, completion_tokens=97, prompt_tokens=825, prompt_cached_tokens=0, total_tokens=922, tokens_per_second=61.80805248061081, speech_id='speech_c74100cbe768', metadata=Metadata(model_name='gemini-3.5-flash-lite', model_provider='Gemini')))
--- Logging error ---
Traceback (most recent call last):
  File "C:\Users\AYESHA RAHMAN\murf-livekit-starter\backend\.venv\Lib\site-packages\livekit\agents\cli\cli.py", line 944, in emit
    self.c.console.print(output)
    ~~~~~~~~~~~~~~~~~~~~^^^^^^^^
  File "C:\Users\AYESHA RAHMAN\murf-livekit-starter\backend\.venv\Lib\site-packages\rich\console.py", line 1697, in print
    with self:
         ^^^^
  File "C:\Users\AYESHA RAHMAN\murf-livekit-starter\backend\.venv\Lib\site-packages\rich\console.py", line 870, in __exit__
    self._exit_buffer()
    ~~~~~~~~~~~~~~~~~^^
  File "C:\Users\AYESHA RAHMAN\murf-livekit-starter\backend\.venv\Lib\site-packages\rich\console.py", line 826, in _exit_buffer
    self._check_buffer()
    ~~~~~~~~~~~~~~~~~~^^
  File "C:\Users\AYESHA RAHMAN\murf-livekit-starter\backend\.venv\Lib\site-packages\rich\console.py", line 2042, in _check_buffer
    self._write_buffer()
    ~~~~~~~~~~~~~~~~~~^^
  File "C:\Users\AYESHA RAHMAN\murf-livekit-starter\backend\.venv\Lib\site-packages\rich\console.py", line 2078, in _write_buffer
    legacy_windows_render(buffer, LegacyWindowsTerm(self.file))
    ~~~~~~~~~~~~~~~~~~~~~^^^^^^^^^^^^^^^^^^^^^^^^^^^^^^^^^^^^^^
  File "C:\Users\AYESHA RAHMAN\murf-livekit-starter\backend\.venv\Lib\site-packages\rich\_windows_renderer.py", line 17, in legacy_windows_render
    term.write_styled(text, style)
    ~~~~~~~~~~~~~~~~~^^^^^^^^^^^^^
  File "C:\Users\AYESHA RAHMAN\murf-livekit-starter\backend\.venv\Lib\site-packages\rich\_win32_console.py", line 441, in write_styled
    self.write_text(text)
    ~~~~~~~~~~~~~~~^^^^^^
  File "C:\Users\AYESHA RAHMAN\murf-livekit-starter\backend\.venv\Lib\site-packages\rich\_win32_console.py", line 402, in write_text
    self.write(text)
    ~~~~~~~~~~^^^^^^
  File "C:\Users\AYESHA RAHMAN\murf-livekit-starter\backend\.uv-python\cpython-3.13-windows-x86_64-none\Lib\encodings\cp1252.py", line 19, in encode
    return codecs.charmap_encode(input,self.errors,encoding_table)[0]
           ~~~~~~~~~~~~~~~~~~~~~^^^^^^^^^^^^^^^^^^^^^^^^^^^^^^^^^^
UnicodeEncodeError: 'charmap' codec can't encode character '\u20b9' in position 52: character maps to <undefined>
Call stack:
  File "C:\Users\AYESHA RAHMAN\murf-livekit-starter\backend\.uv-python\cpython-3.13-windows-x86_64-none\Lib\threading.py", line 1015, in _bootstrap
    self._bootstrap_inner()
  File "C:\Users\AYESHA RAHMAN\murf-livekit-starter\backend\.uv-python\cpython-3.13-windows-x86_64-none\Lib\threading.py", line 1044, in _bootstrap_inner
    self.run()
  File "C:\Users\AYESHA RAHMAN\murf-livekit-starter\backend\.uv-python\cpython-3.13-windows-x86_64-none\Lib\threading.py", line 995, in run
    self._target(*self._args, **self._kwargs)
  File "C:\Users\AYESHA RAHMAN\murf-livekit-starter\backend\.venv\Lib\site-packages\livekit\agents\ipc\job_proc_lazy_main.py", line 418, in thread_main
    client.run()
  File "C:\Users\AYESHA RAHMAN\murf-livekit-starter\backend\.venv\Lib\site-packages\livekit\agents\ipc\proc_client.py", line 70, in run
    loop.run_until_complete(self._task)
  File "C:\Users\AYESHA RAHMAN\murf-livekit-starter\backend\.uv-python\cpython-3.13-windows-x86_64-none\Lib\asyncio\base_events.py", line 712, in run_until_complete
    self.run_forever()
  File "C:\Users\AYESHA RAHMAN\murf-livekit-starter\backend\.uv-python\cpython-3.13-windows-x86_64-none\Lib\asyncio\base_events.py", line 683, in run_forever
    self._run_once()
  File "C:\Users\AYESHA RAHMAN\murf-livekit-starter\backend\.uv-python\cpython-3.13-windows-x86_64-none\Lib\asyncio\base_events.py", line 2060, in _run_once
    handle._run()
  File "C:\Users\AYESHA RAHMAN\murf-livekit-starter\backend\.uv-python\cpython-3.13-windows-x86_64-none\Lib\asyncio\events.py", line 89, in _run
    self._context.run(self._callback, *self._args)
  File "C:\Users\AYESHA RAHMAN\murf-livekit-starter\backend\.venv\Lib\site-packages\livekit\agents\tts\stream_pacer.py", line 149, in _send_task
    logger.debug(
  File "C:\Users\AYESHA RAHMAN\murf-livekit-starter\backend\.uv-python\cpython-3.13-windows-x86_64-none\Lib\logging\__init__.py", line 1508, in debug
    self._log(DEBUG, msg, args, **kwargs)
  File "C:\Users\AYESHA RAHMAN\murf-livekit-starter\backend\.uv-python\cpython-3.13-windows-x86_64-none\Lib\logging\__init__.py", line 1665, in _log
    self.handle(record)
  File "C:\Users\AYESHA RAHMAN\murf-livekit-starter\backend\.uv-python\cpython-3.13-windows-x86_64-none\Lib\logging\__init__.py", line 1681, in handle
    self.callHandlers(record)
  File "C:\Users\AYESHA RAHMAN\murf-livekit-starter\backend\.uv-python\cpython-3.13-windows-x86_64-none\Lib\logging\__init__.py", line 1737, in callHandlers
    hdlr.handle(record)
  File "C:\Users\AYESHA RAHMAN\murf-livekit-starter\backend\.uv-python\cpython-3.13-windows-x86_64-none\Lib\logging\__init__.py", line 1027, in handle
    self.emit(record)
  File "C:\Users\AYESHA RAHMAN\murf-livekit-starter\backend\.venv\Lib\site-packages\livekit\agents\cli\cli.py", line 957, in emit
    self.handleError(record)
Message: 'sent text to tts'
Arguments: ()
--- Logging error ---
Traceback (most recent call last):
  File "C:\Users\AYESHA RAHMAN\murf-livekit-starter\backend\.venv\Lib\site-packages\livekit\agents\cli\cli.py", line 944, in emit
    self.c.console.print(output)
    ~~~~~~~~~~~~~~~~~~~~^^^^^^^^
  File "C:\Users\AYESHA RAHMAN\murf-livekit-starter\backend\.venv\Lib\site-packages\rich\console.py", line 1697, in print
    with self:
         ^^^^
  File "C:\Users\AYESHA RAHMAN\murf-livekit-starter\backend\.venv\Lib\site-packages\rich\console.py", line 870, in __exit__
    self._exit_buffer()
    ~~~~~~~~~~~~~~~~~^^
  File "C:\Users\AYESHA RAHMAN\murf-livekit-starter\backend\.venv\Lib\site-packages\rich\console.py", line 826, in _exit_buffer
    self._check_buffer()
    ~~~~~~~~~~~~~~~~~~^^
  File "C:\Users\AYESHA RAHMAN\murf-livekit-starter\backend\.venv\Lib\site-packages\rich\console.py", line 2042, in _check_buffer
    self._write_buffer()
    ~~~~~~~~~~~~~~~~~~^^
  File "C:\Users\AYESHA RAHMAN\murf-livekit-starter\backend\.venv\Lib\site-packages\rich\console.py", line 2078, in _write_buffer
    legacy_windows_render(buffer, LegacyWindowsTerm(self.file))
    ~~~~~~~~~~~~~~~~~~~~~^^^^^^^^^^^^^^^^^^^^^^^^^^^^^^^^^^^^^^
  File "C:\Users\AYESHA RAHMAN\murf-livekit-starter\backend\.venv\Lib\site-packages\rich\_windows_renderer.py", line 17, in legacy_windows_render
    term.write_styled(text, style)
    ~~~~~~~~~~~~~~~~~^^^^^^^^^^^^^
  File "C:\Users\AYESHA RAHMAN\murf-livekit-starter\backend\.venv\Lib\site-packages\rich\_win32_console.py", line 441, in write_styled
    self.write_text(text)
    ~~~~~~~~~~~~~~~^^^^^^
  File "C:\Users\AYESHA RAHMAN\murf-livekit-starter\backend\.venv\Lib\site-packages\rich\_win32_console.py", line 402, in write_text
    self.write(text)
    ~~~~~~~~~~^^^^^^
  File "C:\Users\AYESHA RAHMAN\murf-livekit-starter\backend\.uv-python\cpython-3.13-windows-x86_64-none\Lib\encodings\cp1252.py", line 19, in encode
    return codecs.charmap_encode(input,self.errors,encoding_table)[0]
           ~~~~~~~~~~~~~~~~~~~~~^^^^^^^^^^^^^^^^^^^^^^^^^^^^^^^^^^
UnicodeEncodeError: 'charmap' codec can't encode character '\u20b9' in position 52: character maps to <undefined>
Call stack:
  File "C:\Users\AYESHA RAHMAN\murf-livekit-starter\backend\.uv-python\cpython-3.13-windows-x86_64-none\Lib\threading.py", line 1015, in _bootstrap
    self._bootstrap_inner()
  File "C:\Users\AYESHA RAHMAN\murf-livekit-starter\backend\.uv-python\cpython-3.13-windows-x86_64-none\Lib\threading.py", line 1044, in _bootstrap_inner
    self.run()
  File "C:\Users\AYESHA RAHMAN\murf-livekit-starter\backend\.uv-python\cpython-3.13-windows-x86_64-none\Lib\threading.py", line 995, in run
    self._target(*self._args, **self._kwargs)
  File "C:\Users\AYESHA RAHMAN\murf-livekit-starter\backend\.venv\Lib\site-packages\livekit\agents\ipc\job_proc_lazy_main.py", line 418, in thread_main
    client.run()
  File "C:\Users\AYESHA RAHMAN\murf-livekit-starter\backend\.venv\Lib\site-packages\livekit\agents\ipc\proc_client.py", line 70, in run
    loop.run_until_complete(self._task)
  File "C:\Users\AYESHA RAHMAN\murf-livekit-starter\backend\.uv-python\cpython-3.13-windows-x86_64-none\Lib\asyncio\base_events.py", line 712, in run_until_complete
    self.run_forever()
  File "C:\Users\AYESHA RAHMAN\murf-livekit-starter\backend\.uv-python\cpython-3.13-windows-x86_64-none\Lib\asyncio\base_events.py", line 683, in run_forever
    self._run_once()
  File "C:\Users\AYESHA RAHMAN\murf-livekit-starter\backend\.uv-python\cpython-3.13-windows-x86_64-none\Lib\asyncio\base_events.py", line 2060, in _run_once
    handle._run()
  File "C:\Users\AYESHA RAHMAN\murf-livekit-starter\backend\.uv-python\cpython-3.13-windows-x86_64-none\Lib\asyncio\events.py", line 89, in _run
    self._context.run(self._callback, *self._args)
  File "C:\Users\AYESHA RAHMAN\murf-livekit-starter\backend\.venv\Lib\site-packages\livekit\agents\stt\stt.py", line 384, in _metrics_monitor_task
    self._stt.emit("metrics_collected", stt_metrics)
  File "C:\Users\AYESHA RAHMAN\murf-livekit-starter\backend\.venv\Lib\site-packages\livekit\rtc\event_emitter.py", line 58, in emit
    callback(*callback_args)
  File "C:\Users\AYESHA RAHMAN\murf-livekit-starter\backend\.venv\Lib\site-packages\livekit\agents\voice\agent_activity.py", line 1162, in _on_metrics_collected
    self._session.emit("metrics_collected", MetricsCollectedEvent(metrics=ev))
  File "C:\Users\AYESHA RAHMAN\murf-livekit-starter\backend\.venv\Lib\site-packages\livekit\agents\voice\agent_session.py", line 428, in emit
    super().emit(event, arg)
  File "C:\Users\AYESHA RAHMAN\murf-livekit-starter\backend\.venv\Lib\site-packages\livekit\rtc\event_emitter.py", line 58, in emit
    callback(*callback_args)
  File "C:\Users\AYESHA RAHMAN\murf-livekit-starter\backend\src\agent.py", line 477, in on_metrics_collected
    logger.info(
  File "C:\Users\AYESHA RAHMAN\murf-livekit-starter\backend\.uv-python\cpython-3.13-windows-x86_64-none\Lib\logging\__init__.py", line 1520, in info
    self._log(INFO, msg, args, **kwargs)
  File "C:\Users\AYESHA RAHMAN\murf-livekit-starter\backend\.uv-python\cpython-3.13-windows-x86_64-none\Lib\logging\__init__.py", line 1665, in _log
    self.handle(record)
  File "C:\Users\AYESHA RAHMAN\murf-livekit-starter\backend\.uv-python\cpython-3.13-windows-x86_64-none\Lib\logging\__init__.py", line 1681, in handle
    self.callHandlers(record)
  File "C:\Users\AYESHA RAHMAN\murf-livekit-starter\backend\.uv-python\cpython-3.13-windows-x86_64-none\Lib\logging\__init__.py", line 1737, in callHandlers
    hdlr.handle(record)
  File "C:\Users\AYESHA RAHMAN\murf-livekit-starter\backend\.uv-python\cpython-3.13-windows-x86_64-none\Lib\logging\__init__.py", line 1027, in handle
    self.emit(record)
  File "C:\Users\AYESHA RAHMAN\murf-livekit-starter\backend\.venv\Lib\site-packages\livekit\agents\cli\cli.py", line 957, in emit
    self.handleError(record)
Message: '[DEBUG-%s] metrics=%s'
Arguments: ('STT', STTMetrics(type='stt_metrics', label='livekit.plugins.deepgram.stt.STT', request_id='01a00183-59f7-7ad3-8d42-92bf10e19690', timestamp=1786731830.5062811, duration=0.0, audio_duration=5.04999999999999, streamed=True, metadata=Metadata(model_name='nova-3', model_provider='Deepgram')))
--- Logging error ---
Traceback (most recent call last):
  File "C:\Users\AYESHA RAHMAN\murf-livekit-starter\backend\.venv\Lib\site-packages\livekit\agents\cli\cli.py", line 944, in emit
    self.c.console.print(output)
    ~~~~~~~~~~~~~~~~~~~~^^^^^^^^
  File "C:\Users\AYESHA RAHMAN\murf-livekit-starter\backend\.venv\Lib\site-packages\rich\console.py", line 1697, in print
    with self:
         ^^^^
  File "C:\Users\AYESHA RAHMAN\murf-livekit-starter\backend\.venv\Lib\site-packages\rich\console.py", line 870, in __exit__
    self._exit_buffer()
    ~~~~~~~~~~~~~~~~~^^
  File "C:\Users\AYESHA RAHMAN\murf-livekit-starter\backend\.venv\Lib\site-packages\rich\console.py", line 826, in _exit_buffer
    self._check_buffer()
    ~~~~~~~~~~~~~~~~~~^^
  File "C:\Users\AYESHA RAHMAN\murf-livekit-starter\backend\.venv\Lib\site-packages\rich\console.py", line 2042, in _check_buffer
    self._write_buffer()
    ~~~~~~~~~~~~~~~~~~^^
  File "C:\Users\AYESHA RAHMAN\murf-livekit-starter\backend\.venv\Lib\site-packages\rich\console.py", line 2078, in _write_buffer
    legacy_windows_render(buffer, LegacyWindowsTerm(self.file))
    ~~~~~~~~~~~~~~~~~~~~~^^^^^^^^^^^^^^^^^^^^^^^^^^^^^^^^^^^^^^
  File "C:\Users\AYESHA RAHMAN\murf-livekit-starter\backend\.venv\Lib\site-packages\rich\_windows_renderer.py", line 17, in legacy_windows_render
    term.write_styled(text, style)
    ~~~~~~~~~~~~~~~~~^^^^^^^^^^^^^
  File "C:\Users\AYESHA RAHMAN\murf-livekit-starter\backend\.venv\Lib\site-packages\rich\_win32_console.py", line 441, in write_styled
    self.write_text(text)
    ~~~~~~~~~~~~~~~^^^^^^
  File "C:\Users\AYESHA RAHMAN\murf-livekit-starter\backend\.venv\Lib\site-packages\rich\_win32_console.py", line 402, in write_text
    self.write(text)
    ~~~~~~~~~~^^^^^^
  File "C:\Users\AYESHA RAHMAN\murf-livekit-starter\backend\.uv-python\cpython-3.13-windows-x86_64-none\Lib\encodings\cp1252.py", line 19, in encode
    return codecs.charmap_encode(input,self.errors,encoding_table)[0]
           ~~~~~~~~~~~~~~~~~~~~~^^^^^^^^^^^^^^^^^^^^^^^^^^^^^^^^^^
UnicodeEncodeError: 'charmap' codec can't encode character '\u20b9' in position 52: character maps to <undefined>
Call stack:
  File "C:\Users\AYESHA RAHMAN\murf-livekit-starter\backend\.uv-python\cpython-3.13-windows-x86_64-none\Lib\threading.py", line 1015, in _bootstrap
    self._bootstrap_inner()
  File "C:\Users\AYESHA RAHMAN\murf-livekit-starter\backend\.uv-python\cpython-3.13-windows-x86_64-none\Lib\threading.py", line 1044, in _bootstrap_inner
    self.run()
  File "C:\Users\AYESHA RAHMAN\murf-livekit-starter\backend\.uv-python\cpython-3.13-windows-x86_64-none\Lib\threading.py", line 995, in run
    self._target(*self._args, **self._kwargs)
  File "C:\Users\AYESHA RAHMAN\murf-livekit-starter\backend\.venv\Lib\site-packages\livekit\agents\ipc\job_proc_lazy_main.py", line 418, in thread_main
    client.run()
  File "C:\Users\AYESHA RAHMAN\murf-livekit-starter\backend\.venv\Lib\site-packages\livekit\agents\ipc\proc_client.py", line 70, in run
    loop.run_until_complete(self._task)
  File "C:\Users\AYESHA RAHMAN\murf-livekit-starter\backend\.uv-python\cpython-3.13-windows-x86_64-none\Lib\asyncio\base_events.py", line 712, in run_until_complete
    self.run_forever()
  File "C:\Users\AYESHA RAHMAN\murf-livekit-starter\backend\.uv-python\cpython-3.13-windows-x86_64-none\Lib\asyncio\base_events.py", line 683, in run_forever
    self._run_once()
  File "C:\Users\AYESHA RAHMAN\murf-livekit-starter\backend\.uv-python\cpython-3.13-windows-x86_64-none\Lib\asyncio\base_events.py", line 2060, in _run_once
    handle._run()
  File "C:\Users\AYESHA RAHMAN\murf-livekit-starter\backend\.uv-python\cpython-3.13-windows-x86_64-none\Lib\asyncio\events.py", line 89, in _run
    self._context.run(self._callback, *self._args)
  File "C:\Users\AYESHA RAHMAN\murf-livekit-starter\backend\.venv\Lib\site-packages\livekit\agents\tts\tts.py", line 859, in _flush
    logger.debug("flush audio emitter due to slow audio generation")
  File "C:\Users\AYESHA RAHMAN\murf-livekit-starter\backend\.uv-python\cpython-3.13-windows-x86_64-none\Lib\logging\__init__.py", line 1508, in debug
    self._log(DEBUG, msg, args, **kwargs)
  File "C:\Users\AYESHA RAHMAN\murf-livekit-starter\backend\.uv-python\cpython-3.13-windows-x86_64-none\Lib\logging\__init__.py", line 1665, in _log
    self.handle(record)
  File "C:\Users\AYESHA RAHMAN\murf-livekit-starter\backend\.uv-python\cpython-3.13-windows-x86_64-none\Lib\logging\__init__.py", line 1681, in handle
    self.callHandlers(record)
  File "C:\Users\AYESHA RAHMAN\murf-livekit-starter\backend\.uv-python\cpython-3.13-windows-x86_64-none\Lib\logging\__init__.py", line 1737, in callHandlers
    hdlr.handle(record)
  File "C:\Users\AYESHA RAHMAN\murf-livekit-starter\backend\.uv-python\cpython-3.13-windows-x86_64-none\Lib\logging\__init__.py", line 1027, in handle
    self.emit(record)
  File "C:\Users\AYESHA RAHMAN\murf-livekit-starter\backend\.venv\Lib\site-packages\livekit\agents\cli\cli.py", line 957, in emit
    self.handleError(record)
Message: 'flush audio emitter due to slow audio generation'
Arguments: ()
--- Logging error ---
Traceback (most recent call last):
  File "C:\Users\AYESHA RAHMAN\murf-livekit-starter\backend\.venv\Lib\site-packages\livekit\agents\cli\cli.py", line 944, in emit
    self.c.console.print(output)
    ~~~~~~~~~~~~~~~~~~~~^^^^^^^^
  File "C:\Users\AYESHA RAHMAN\murf-livekit-starter\backend\.venv\Lib\site-packages\rich\console.py", line 1697, in print
    with self:
         ^^^^
  File "C:\Users\AYESHA RAHMAN\murf-livekit-starter\backend\.venv\Lib\site-packages\rich\console.py", line 870, in __exit__
    self._exit_buffer()
    ~~~~~~~~~~~~~~~~~^^
  File "C:\Users\AYESHA RAHMAN\murf-livekit-starter\backend\.venv\Lib\site-packages\rich\console.py", line 826, in _exit_buffer
    self._check_buffer()
    ~~~~~~~~~~~~~~~~~~^^
  File "C:\Users\AYESHA RAHMAN\murf-livekit-starter\backend\.venv\Lib\site-packages\rich\console.py", line 2042, in _check_buffer
    self._write_buffer()
    ~~~~~~~~~~~~~~~~~~^^
  File "C:\Users\AYESHA RAHMAN\murf-livekit-starter\backend\.venv\Lib\site-packages\rich\console.py", line 2078, in _write_buffer
    legacy_windows_render(buffer, LegacyWindowsTerm(self.file))
    ~~~~~~~~~~~~~~~~~~~~~^^^^^^^^^^^^^^^^^^^^^^^^^^^^^^^^^^^^^^
  File "C:\Users\AYESHA RAHMAN\murf-livekit-starter\backend\.venv\Lib\site-packages\rich\_windows_renderer.py", line 17, in legacy_windows_render
    term.write_styled(text, style)
    ~~~~~~~~~~~~~~~~~^^^^^^^^^^^^^
  File "C:\Users\AYESHA RAHMAN\murf-livekit-starter\backend\.venv\Lib\site-packages\rich\_win32_console.py", line 441, in write_styled
    self.write_text(text)
    ~~~~~~~~~~~~~~~^^^^^^
  File "C:\Users\AYESHA RAHMAN\murf-livekit-starter\backend\.venv\Lib\site-packages\rich\_win32_console.py", line 402, in write_text
    self.write(text)
    ~~~~~~~~~~^^^^^^
  File "C:\Users\AYESHA RAHMAN\murf-livekit-starter\backend\.uv-python\cpython-3.13-windows-x86_64-none\Lib\encodings\cp1252.py", line 19, in encode
    return codecs.charmap_encode(input,self.errors,encoding_table)[0]
           ~~~~~~~~~~~~~~~~~~~~~^^^^^^^^^^^^^^^^^^^^^^^^^^^^^^^^^^
UnicodeEncodeError: 'charmap' codec can't encode character '\u20b9' in position 52: character maps to <undefined>
Call stack:
  File "C:\Users\AYESHA RAHMAN\murf-livekit-starter\backend\.uv-python\cpython-3.13-windows-x86_64-none\Lib\threading.py", line 1015, in _bootstrap
    self._bootstrap_inner()
  File "C:\Users\AYESHA RAHMAN\murf-livekit-starter\backend\.uv-python\cpython-3.13-windows-x86_64-none\Lib\threading.py", line 1044, in _bootstrap_inner
    self.run()
  File "C:\Users\AYESHA RAHMAN\murf-livekit-starter\backend\.uv-python\cpython-3.13-windows-x86_64-none\Lib\threading.py", line 995, in run
    self._target(*self._args, **self._kwargs)
  File "C:\Users\AYESHA RAHMAN\murf-livekit-starter\backend\.venv\Lib\site-packages\livekit\agents\ipc\job_proc_lazy_main.py", line 418, in thread_main
    client.run()
  File "C:\Users\AYESHA RAHMAN\murf-livekit-starter\backend\.venv\Lib\site-packages\livekit\agents\ipc\proc_client.py", line 70, in run
    loop.run_until_complete(self._task)
  File "C:\Users\AYESHA RAHMAN\murf-livekit-starter\backend\.uv-python\cpython-3.13-windows-x86_64-none\Lib\asyncio\base_events.py", line 712, in run_until_complete
    self.run_forever()
  File "C:\Users\AYESHA RAHMAN\murf-livekit-starter\backend\.uv-python\cpython-3.13-windows-x86_64-none\Lib\asyncio\base_events.py", line 683, in run_forever
    self._run_once()
  File "C:\Users\AYESHA RAHMAN\murf-livekit-starter\backend\.uv-python\cpython-3.13-windows-x86_64-none\Lib\asyncio\base_events.py", line 2060, in _run_once
    handle._run()
  File "C:\Users\AYESHA RAHMAN\murf-livekit-starter\backend\.uv-python\cpython-3.13-windows-x86_64-none\Lib\asyncio\events.py", line 89, in _run
    self._context.run(self._callback, *self._args)
  File "C:\Users\AYESHA RAHMAN\murf-livekit-starter\backend\.venv\Lib\site-packages\livekit\agents\utils\log.py", line 17, in async_fn_logs
    return await fn(*args, **kwargs)
  File "C:\Users\AYESHA RAHMAN\murf-livekit-starter\backend\.venv\Lib\site-packages\livekit\agents\voice\audio_recognition.py", line 713, in _stt_task
    await self._on_stt_event(ev)
  File "C:\Users\AYESHA RAHMAN\murf-livekit-starter\backend\.venv\Lib\site-packages\livekit\agents\voice\audio_recognition.py", line 382, in _on_stt_event
    self._hooks.on_final_transcript(
  File "C:\Users\AYESHA RAHMAN\murf-livekit-starter\backend\.venv\Lib\site-packages\livekit\agents\voice\agent_activity.py", line 1387, in on_final_transcript
    self._session._user_input_transcribed(
  File "C:\Users\AYESHA RAHMAN\murf-livekit-starter\backend\.venv\Lib\site-packages\livekit\agents\voice\agent_session.py", line 1405, in _user_input_transcribed
    self.emit("user_input_transcribed", ev)
  File "C:\Users\AYESHA RAHMAN\murf-livekit-starter\backend\.venv\Lib\site-packages\livekit\agents\voice\agent_session.py", line 428, in emit
    super().emit(event, arg)
  File "C:\Users\AYESHA RAHMAN\murf-livekit-starter\backend\.venv\Lib\site-packages\livekit\rtc\event_emitter.py", line 58, in emit
    callback(*callback_args)
  File "C:\Users\AYESHA RAHMAN\murf-livekit-starter\backend\src\agent.py", line 459, in on_user_input_transcribed
    logger.info(
  File "C:\Users\AYESHA RAHMAN\murf-livekit-starter\backend\.uv-python\cpython-3.13-windows-x86_64-none\Lib\logging\__init__.py", line 1520, in info
    self._log(INFO, msg, args, **kwargs)
  File "C:\Users\AYESHA RAHMAN\murf-livekit-starter\backend\.uv-python\cpython-3.13-windows-x86_64-none\Lib\logging\__init__.py", line 1665, in _log
    self.handle(record)
  File "C:\Users\AYESHA RAHMAN\murf-livekit-starter\backend\.uv-python\cpython-3.13-windows-x86_64-none\Lib\logging\__init__.py", line 1681, in handle
    self.callHandlers(record)
  File "C:\Users\AYESHA RAHMAN\murf-livekit-starter\backend\.uv-python\cpython-3.13-windows-x86_64-none\Lib\logging\__init__.py", line 1737, in callHandlers
    hdlr.handle(record)
  File "C:\Users\AYESHA RAHMAN\murf-livekit-starter\backend\.uv-python\cpython-3.13-windows-x86_64-none\Lib\logging\__init__.py", line 1027, in handle
    self.emit(record)
  File "C:\Users\AYESHA RAHMAN\murf-livekit-starter\backend\.venv\Lib\site-packages\livekit\agents\cli\cli.py", line 957, in emit
    self.handleError(record)
Message: '[DEBUG-STT] final transcript=%r language=%s'
Arguments: ('Food and medicine are around five thousand five hundred.', 'hi')
--- Logging error ---
Traceback (most recent call last):
  File "C:\Users\AYESHA RAHMAN\murf-livekit-starter\backend\.venv\Lib\site-packages\livekit\agents\cli\cli.py", line 944, in emit
    self.c.console.print(output)
    ~~~~~~~~~~~~~~~~~~~~^^^^^^^^
  File "C:\Users\AYESHA RAHMAN\murf-livekit-starter\backend\.venv\Lib\site-packages\rich\console.py", line 1697, in print
    with self:
         ^^^^
  File "C:\Users\AYESHA RAHMAN\murf-livekit-starter\backend\.venv\Lib\site-packages\rich\console.py", line 870, in __exit__
    self._exit_buffer()
    ~~~~~~~~~~~~~~~~~^^
  File "C:\Users\AYESHA RAHMAN\murf-livekit-starter\backend\.venv\Lib\site-packages\rich\console.py", line 826, in _exit_buffer
    self._check_buffer()
    ~~~~~~~~~~~~~~~~~~^^
  File "C:\Users\AYESHA RAHMAN\murf-livekit-starter\backend\.venv\Lib\site-packages\rich\console.py", line 2042, in _check_buffer
    self._write_buffer()
    ~~~~~~~~~~~~~~~~~~^^
  File "C:\Users\AYESHA RAHMAN\murf-livekit-starter\backend\.venv\Lib\site-packages\rich\console.py", line 2078, in _write_buffer
    legacy_windows_render(buffer, LegacyWindowsTerm(self.file))
    ~~~~~~~~~~~~~~~~~~~~~^^^^^^^^^^^^^^^^^^^^^^^^^^^^^^^^^^^^^^
  File "C:\Users\AYESHA RAHMAN\murf-livekit-starter\backend\.venv\Lib\site-packages\rich\_windows_renderer.py", line 17, in legacy_windows_render
    term.write_styled(text, style)
    ~~~~~~~~~~~~~~~~~^^^^^^^^^^^^^
  File "C:\Users\AYESHA RAHMAN\murf-livekit-starter\backend\.venv\Lib\site-packages\rich\_win32_console.py", line 441, in write_styled
    self.write_text(text)
    ~~~~~~~~~~~~~~~^^^^^^
  File "C:\Users\AYESHA RAHMAN\murf-livekit-starter\backend\.venv\Lib\site-packages\rich\_win32_console.py", line 402, in write_text
    self.write(text)
    ~~~~~~~~~~^^^^^^
  File "C:\Users\AYESHA RAHMAN\murf-livekit-starter\backend\.uv-python\cpython-3.13-windows-x86_64-none\Lib\encodings\cp1252.py", line 19, in encode
    return codecs.charmap_encode(input,self.errors,encoding_table)[0]
           ~~~~~~~~~~~~~~~~~~~~~^^^^^^^^^^^^^^^^^^^^^^^^^^^^^^^^^^
UnicodeEncodeError: 'charmap' codec can't encode character '\u20b9' in position 52: character maps to <undefined>
Call stack:
  File "C:\Users\AYESHA RAHMAN\murf-livekit-starter\backend\.uv-python\cpython-3.13-windows-x86_64-none\Lib\threading.py", line 1015, in _bootstrap
    self._bootstrap_inner()
  File "C:\Users\AYESHA RAHMAN\murf-livekit-starter\backend\.uv-python\cpython-3.13-windows-x86_64-none\Lib\threading.py", line 1044, in _bootstrap_inner
    self.run()
  File "C:\Users\AYESHA RAHMAN\murf-livekit-starter\backend\.uv-python\cpython-3.13-windows-x86_64-none\Lib\threading.py", line 995, in run
    self._target(*self._args, **self._kwargs)
  File "C:\Users\AYESHA RAHMAN\murf-livekit-starter\backend\.venv\Lib\site-packages\livekit\agents\ipc\job_proc_lazy_main.py", line 418, in thread_main
    client.run()
  File "C:\Users\AYESHA RAHMAN\murf-livekit-starter\backend\.venv\Lib\site-packages\livekit\agents\ipc\proc_client.py", line 70, in run
    loop.run_until_complete(self._task)
  File "C:\Users\AYESHA RAHMAN\murf-livekit-starter\backend\.uv-python\cpython-3.13-windows-x86_64-none\Lib\asyncio\base_events.py", line 712, in run_until_complete
    self.run_forever()
  File "C:\Users\AYESHA RAHMAN\murf-livekit-starter\backend\.uv-python\cpython-3.13-windows-x86_64-none\Lib\asyncio\base_events.py", line 683, in run_forever
    self._run_once()
  File "C:\Users\AYESHA RAHMAN\murf-livekit-starter\backend\.uv-python\cpython-3.13-windows-x86_64-none\Lib\asyncio\base_events.py", line 2060, in _run_once
    handle._run()
  File "C:\Users\AYESHA RAHMAN\murf-livekit-starter\backend\.uv-python\cpython-3.13-windows-x86_64-none\Lib\asyncio\events.py", line 89, in _run
    self._context.run(self._callback, *self._args)
  File "C:\Users\AYESHA RAHMAN\murf-livekit-starter\backend\.venv\Lib\site-packages\livekit\agents\utils\log.py", line 17, in async_fn_logs
    return await fn(*args, **kwargs)
  File "C:\Users\AYESHA RAHMAN\murf-livekit-starter\backend\.venv\Lib\site-packages\livekit\agents\voice\audio_recognition.py", line 713, in _stt_task
    await self._on_stt_event(ev)
  File "C:\Users\AYESHA RAHMAN\murf-livekit-starter\backend\.venv\Lib\site-packages\livekit\agents\voice\audio_recognition.py", line 391, in _on_stt_event
    logger.debug("received user transcript", extra=extra)
  File "C:\Users\AYESHA RAHMAN\murf-livekit-starter\backend\.uv-python\cpython-3.13-windows-x86_64-none\Lib\logging\__init__.py", line 1508, in debug
    self._log(DEBUG, msg, args, **kwargs)
  File "C:\Users\AYESHA RAHMAN\murf-livekit-starter\backend\.uv-python\cpython-3.13-windows-x86_64-none\Lib\logging\__init__.py", line 1665, in _log
    self.handle(record)
  File "C:\Users\AYESHA RAHMAN\murf-livekit-starter\backend\.uv-python\cpython-3.13-windows-x86_64-none\Lib\logging\__init__.py", line 1681, in handle
    self.callHandlers(record)
  File "C:\Users\AYESHA RAHMAN\murf-livekit-starter\backend\.uv-python\cpython-3.13-windows-x86_64-none\Lib\logging\__init__.py", line 1737, in callHandlers
    hdlr.handle(record)
  File "C:\Users\AYESHA RAHMAN\murf-livekit-starter\backend\.uv-python\cpython-3.13-windows-x86_64-none\Lib\logging\__init__.py", line 1027, in handle
    self.emit(record)
  File "C:\Users\AYESHA RAHMAN\murf-livekit-starter\backend\.venv\Lib\site-packages\livekit\agents\cli\cli.py", line 957, in emit
    self.handleError(record)
Message: 'received user transcript'
Arguments: ()
--- Logging error ---
Traceback (most recent call last):
  File "C:\Users\AYESHA RAHMAN\murf-livekit-starter\backend\.venv\Lib\site-packages\livekit\agents\cli\cli.py", line 944, in emit
    self.c.console.print(output)
    ~~~~~~~~~~~~~~~~~~~~^^^^^^^^
  File "C:\Users\AYESHA RAHMAN\murf-livekit-starter\backend\.venv\Lib\site-packages\rich\console.py", line 1697, in print
    with self:
         ^^^^
  File "C:\Users\AYESHA RAHMAN\murf-livekit-starter\backend\.venv\Lib\site-packages\rich\console.py", line 870, in __exit__
    self._exit_buffer()
    ~~~~~~~~~~~~~~~~~^^
  File "C:\Users\AYESHA RAHMAN\murf-livekit-starter\backend\.venv\Lib\site-packages\rich\console.py", line 826, in _exit_buffer
    self._check_buffer()
    ~~~~~~~~~~~~~~~~~~^^
  File "C:\Users\AYESHA RAHMAN\murf-livekit-starter\backend\.venv\Lib\site-packages\rich\console.py", line 2042, in _check_buffer
    self._write_buffer()
    ~~~~~~~~~~~~~~~~~~^^
  File "C:\Users\AYESHA RAHMAN\murf-livekit-starter\backend\.venv\Lib\site-packages\rich\console.py", line 2078, in _write_buffer
    legacy_windows_render(buffer, LegacyWindowsTerm(self.file))
    ~~~~~~~~~~~~~~~~~~~~~^^^^^^^^^^^^^^^^^^^^^^^^^^^^^^^^^^^^^^
  File "C:\Users\AYESHA RAHMAN\murf-livekit-starter\backend\.venv\Lib\site-packages\rich\_windows_renderer.py", line 17, in legacy_windows_render
    term.write_styled(text, style)
    ~~~~~~~~~~~~~~~~~^^^^^^^^^^^^^
  File "C:\Users\AYESHA RAHMAN\murf-livekit-starter\backend\.venv\Lib\site-packages\rich\_win32_console.py", line 441, in write_styled
    self.write_text(text)
    ~~~~~~~~~~~~~~~^^^^^^
  File "C:\Users\AYESHA RAHMAN\murf-livekit-starter\backend\.venv\Lib\site-packages\rich\_win32_console.py", line 402, in write_text
    self.write(text)
    ~~~~~~~~~~^^^^^^
  File "C:\Users\AYESHA RAHMAN\murf-livekit-starter\backend\.uv-python\cpython-3.13-windows-x86_64-none\Lib\encodings\cp1252.py", line 19, in encode
    return codecs.charmap_encode(input,self.errors,encoding_table)[0]
           ~~~~~~~~~~~~~~~~~~~~~^^^^^^^^^^^^^^^^^^^^^^^^^^^^^^^^^^
UnicodeEncodeError: 'charmap' codec can't encode character '\u20b9' in position 52: character maps to <undefined>
Call stack:
  File "C:\Users\AYESHA RAHMAN\murf-livekit-starter\backend\.uv-python\cpython-3.13-windows-x86_64-none\Lib\threading.py", line 1015, in _bootstrap
    self._bootstrap_inner()
  File "C:\Users\AYESHA RAHMAN\murf-livekit-starter\backend\.uv-python\cpython-3.13-windows-x86_64-none\Lib\threading.py", line 1044, in _bootstrap_inner
    self.run()
  File "C:\Users\AYESHA RAHMAN\murf-livekit-starter\backend\.uv-python\cpython-3.13-windows-x86_64-none\Lib\threading.py", line 995, in run
    self._target(*self._args, **self._kwargs)
  File "C:\Users\AYESHA RAHMAN\murf-livekit-starter\backend\.venv\Lib\site-packages\livekit\agents\ipc\job_proc_lazy_main.py", line 418, in thread_main
    client.run()
  File "C:\Users\AYESHA RAHMAN\murf-livekit-starter\backend\.venv\Lib\site-packages\livekit\agents\ipc\proc_client.py", line 70, in run
    loop.run_until_complete(self._task)
  File "C:\Users\AYESHA RAHMAN\murf-livekit-starter\backend\.uv-python\cpython-3.13-windows-x86_64-none\Lib\asyncio\base_events.py", line 712, in run_until_complete
    self.run_forever()
  File "C:\Users\AYESHA RAHMAN\murf-livekit-starter\backend\.uv-python\cpython-3.13-windows-x86_64-none\Lib\asyncio\base_events.py", line 683, in run_forever
    self._run_once()
  File "C:\Users\AYESHA RAHMAN\murf-livekit-starter\backend\.uv-python\cpython-3.13-windows-x86_64-none\Lib\asyncio\base_events.py", line 2060, in _run_once
    handle._run()
  File "C:\Users\AYESHA RAHMAN\murf-livekit-starter\backend\.uv-python\cpython-3.13-windows-x86_64-none\Lib\asyncio\events.py", line 89, in _run
    self._context.run(self._callback, *self._args)
  File "C:\Users\AYESHA RAHMAN\murf-livekit-starter\backend\.venv\Lib\site-packages\livekit\agents\tts\stream_pacer.py", line 149, in _send_task
    logger.debug(
  File "C:\Users\AYESHA RAHMAN\murf-livekit-starter\backend\.uv-python\cpython-3.13-windows-x86_64-none\Lib\logging\__init__.py", line 1508, in debug
    self._log(DEBUG, msg, args, **kwargs)
  File "C:\Users\AYESHA RAHMAN\murf-livekit-starter\backend\.uv-python\cpython-3.13-windows-x86_64-none\Lib\logging\__init__.py", line 1665, in _log
    self.handle(record)
  File "C:\Users\AYESHA RAHMAN\murf-livekit-starter\backend\.uv-python\cpython-3.13-windows-x86_64-none\Lib\logging\__init__.py", line 1681, in handle
    self.callHandlers(record)
  File "C:\Users\AYESHA RAHMAN\murf-livekit-starter\backend\.uv-python\cpython-3.13-windows-x86_64-none\Lib\logging\__init__.py", line 1737, in callHandlers
    hdlr.handle(record)
  File "C:\Users\AYESHA RAHMAN\murf-livekit-starter\backend\.uv-python\cpython-3.13-windows-x86_64-none\Lib\logging\__init__.py", line 1027, in handle
    self.emit(record)
  File "C:\Users\AYESHA RAHMAN\murf-livekit-starter\backend\.venv\Lib\site-packages\livekit\agents\cli\cli.py", line 957, in emit
    self.handleError(record)
Message: 'sent text to tts'
Arguments: ()
--- Logging error ---
Traceback (most recent call last):
  File "C:\Users\AYESHA RAHMAN\murf-livekit-starter\backend\.venv\Lib\site-packages\livekit\agents\cli\cli.py", line 944, in emit
    self.c.console.print(output)
    ~~~~~~~~~~~~~~~~~~~~^^^^^^^^
  File "C:\Users\AYESHA RAHMAN\murf-livekit-starter\backend\.venv\Lib\site-packages\rich\console.py", line 1697, in print
    with self:
         ^^^^
  File "C:\Users\AYESHA RAHMAN\murf-livekit-starter\backend\.venv\Lib\site-packages\rich\console.py", line 870, in __exit__
    self._exit_buffer()
    ~~~~~~~~~~~~~~~~~^^
  File "C:\Users\AYESHA RAHMAN\murf-livekit-starter\backend\.venv\Lib\site-packages\rich\console.py", line 826, in _exit_buffer
    self._check_buffer()
    ~~~~~~~~~~~~~~~~~~^^
  File "C:\Users\AYESHA RAHMAN\murf-livekit-starter\backend\.venv\Lib\site-packages\rich\console.py", line 2042, in _check_buffer
    self._write_buffer()
    ~~~~~~~~~~~~~~~~~~^^
  File "C:\Users\AYESHA RAHMAN\murf-livekit-starter\backend\.venv\Lib\site-packages\rich\console.py", line 2078, in _write_buffer
    legacy_windows_render(buffer, LegacyWindowsTerm(self.file))
    ~~~~~~~~~~~~~~~~~~~~~^^^^^^^^^^^^^^^^^^^^^^^^^^^^^^^^^^^^^^
  File "C:\Users\AYESHA RAHMAN\murf-livekit-starter\backend\.venv\Lib\site-packages\rich\_windows_renderer.py", line 17, in legacy_windows_render
    term.write_styled(text, style)
    ~~~~~~~~~~~~~~~~~^^^^^^^^^^^^^
  File "C:\Users\AYESHA RAHMAN\murf-livekit-starter\backend\.venv\Lib\site-packages\rich\_win32_console.py", line 441, in write_styled
    self.write_text(text)
    ~~~~~~~~~~~~~~~^^^^^^
  File "C:\Users\AYESHA RAHMAN\murf-livekit-starter\backend\.venv\Lib\site-packages\rich\_win32_console.py", line 402, in write_text
    self.write(text)
    ~~~~~~~~~~^^^^^^
  File "C:\Users\AYESHA RAHMAN\murf-livekit-starter\backend\.uv-python\cpython-3.13-windows-x86_64-none\Lib\encodings\cp1252.py", line 19, in encode
    return codecs.charmap_encode(input,self.errors,encoding_table)[0]
           ~~~~~~~~~~~~~~~~~~~~~^^^^^^^^^^^^^^^^^^^^^^^^^^^^^^^^^^
UnicodeEncodeError: 'charmap' codec can't encode character '\u20b9' in position 52: character maps to <undefined>
Call stack:
  File "C:\Users\AYESHA RAHMAN\murf-livekit-starter\backend\.uv-python\cpython-3.13-windows-x86_64-none\Lib\threading.py", line 1015, in _bootstrap
    self._bootstrap_inner()
  File "C:\Users\AYESHA RAHMAN\murf-livekit-starter\backend\.uv-python\cpython-3.13-windows-x86_64-none\Lib\threading.py", line 1044, in _bootstrap_inner
    self.run()
  File "C:\Users\AYESHA RAHMAN\murf-livekit-starter\backend\.uv-python\cpython-3.13-windows-x86_64-none\Lib\threading.py", line 995, in run
    self._target(*self._args, **self._kwargs)
  File "C:\Users\AYESHA RAHMAN\murf-livekit-starter\backend\.venv\Lib\site-packages\livekit\agents\ipc\job_proc_lazy_main.py", line 418, in thread_main
    client.run()
  File "C:\Users\AYESHA RAHMAN\murf-livekit-starter\backend\.venv\Lib\site-packages\livekit\agents\ipc\proc_client.py", line 70, in run
    loop.run_until_complete(self._task)
  File "C:\Users\AYESHA RAHMAN\murf-livekit-starter\backend\.uv-python\cpython-3.13-windows-x86_64-none\Lib\asyncio\base_events.py", line 712, in run_until_complete
    self.run_forever()
  File "C:\Users\AYESHA RAHMAN\murf-livekit-starter\backend\.uv-python\cpython-3.13-windows-x86_64-none\Lib\asyncio\base_events.py", line 683, in run_forever
    self._run_once()
  File "C:\Users\AYESHA RAHMAN\murf-livekit-starter\backend\.uv-python\cpython-3.13-windows-x86_64-none\Lib\asyncio\base_events.py", line 2060, in _run_once
    handle._run()
  File "C:\Users\AYESHA RAHMAN\murf-livekit-starter\backend\.uv-python\cpython-3.13-windows-x86_64-none\Lib\asyncio\events.py", line 89, in _run
    self._context.run(self._callback, *self._args)
  File "C:\Users\AYESHA RAHMAN\murf-livekit-starter\backend\.venv\Lib\site-packages\livekit\plugins\murf\tts.py", line 351, in _sentence_stream_task
    logger.info(
  File "C:\Users\AYESHA RAHMAN\murf-livekit-starter\backend\.uv-python\cpython-3.13-windows-x86_64-none\Lib\logging\__init__.py", line 1520, in info
    self._log(INFO, msg, args, **kwargs)
  File "C:\Users\AYESHA RAHMAN\murf-livekit-starter\backend\.uv-python\cpython-3.13-windows-x86_64-none\Lib\logging\__init__.py", line 1665, in _log
    self.handle(record)
  File "C:\Users\AYESHA RAHMAN\murf-livekit-starter\backend\.uv-python\cpython-3.13-windows-x86_64-none\Lib\logging\__init__.py", line 1681, in handle
    self.callHandlers(record)
  File "C:\Users\AYESHA RAHMAN\murf-livekit-starter\backend\.uv-python\cpython-3.13-windows-x86_64-none\Lib\logging\__init__.py", line 1737, in callHandlers
    hdlr.handle(record)
  File "C:\Users\AYESHA RAHMAN\murf-livekit-starter\backend\.uv-python\cpython-3.13-windows-x86_64-none\Lib\logging\__init__.py", line 1027, in handle
    self.emit(record)
  File "C:\Users\AYESHA RAHMAN\murf-livekit-starter\backend\.venv\Lib\site-packages\livekit\agents\cli\cli.py", line 957, in emit
    self.handleError(record)
Message: '[Murf TTS] Stream started - context_id=%s, voice=%s, style=%s, locale=%s, min_buffer_size=%d, max_buffer_delay_in_ms=%d, endpoint=%s'
Arguments: ('204716be0d38', 'Samar', 'Conversation', None, 3, 0, 'https://global.api.murf.ai')
--- Logging error ---
Traceback (most recent call last):
  File "C:\Users\AYESHA RAHMAN\murf-livekit-starter\backend\.venv\Lib\site-packages\livekit\agents\cli\cli.py", line 944, in emit
    self.c.console.print(output)
    ~~~~~~~~~~~~~~~~~~~~^^^^^^^^
  File "C:\Users\AYESHA RAHMAN\murf-livekit-starter\backend\.venv\Lib\site-packages\rich\console.py", line 1697, in print
    with self:
         ^^^^
  File "C:\Users\AYESHA RAHMAN\murf-livekit-starter\backend\.venv\Lib\site-packages\rich\console.py", line 870, in __exit__
    self._exit_buffer()
    ~~~~~~~~~~~~~~~~~^^
  File "C:\Users\AYESHA RAHMAN\murf-livekit-starter\backend\.venv\Lib\site-packages\rich\console.py", line 826, in _exit_buffer
    self._check_buffer()
    ~~~~~~~~~~~~~~~~~~^^
  File "C:\Users\AYESHA RAHMAN\murf-livekit-starter\backend\.venv\Lib\site-packages\rich\console.py", line 2042, in _check_buffer
    self._write_buffer()
    ~~~~~~~~~~~~~~~~~~^^
  File "C:\Users\AYESHA RAHMAN\murf-livekit-starter\backend\.venv\Lib\site-packages\rich\console.py", line 2078, in _write_buffer
    legacy_windows_render(buffer, LegacyWindowsTerm(self.file))
    ~~~~~~~~~~~~~~~~~~~~~^^^^^^^^^^^^^^^^^^^^^^^^^^^^^^^^^^^^^^
  File "C:\Users\AYESHA RAHMAN\murf-livekit-starter\backend\.venv\Lib\site-packages\rich\_windows_renderer.py", line 17, in legacy_windows_render
    term.write_styled(text, style)
    ~~~~~~~~~~~~~~~~~^^^^^^^^^^^^^
  File "C:\Users\AYESHA RAHMAN\murf-livekit-starter\backend\.venv\Lib\site-packages\rich\_win32_console.py", line 441, in write_styled
    self.write_text(text)
    ~~~~~~~~~~~~~~~^^^^^^
  File "C:\Users\AYESHA RAHMAN\murf-livekit-starter\backend\.venv\Lib\site-packages\rich\_win32_console.py", line 402, in write_text
    self.write(text)
    ~~~~~~~~~~^^^^^^
  File "C:\Users\AYESHA RAHMAN\murf-livekit-starter\backend\.uv-python\cpython-3.13-windows-x86_64-none\Lib\encodings\cp1252.py", line 19, in encode
    return codecs.charmap_encode(input,self.errors,encoding_table)[0]
           ~~~~~~~~~~~~~~~~~~~~~^^^^^^^^^^^^^^^^^^^^^^^^^^^^^^^^^^
UnicodeEncodeError: 'charmap' codec can't encode character '\u20b9' in position 52: character maps to <undefined>
Call stack:
  File "C:\Users\AYESHA RAHMAN\murf-livekit-starter\backend\.uv-python\cpython-3.13-windows-x86_64-none\Lib\threading.py", line 1015, in _bootstrap
    self._bootstrap_inner()
  File "C:\Users\AYESHA RAHMAN\murf-livekit-starter\backend\.uv-python\cpython-3.13-windows-x86_64-none\Lib\threading.py", line 1044, in _bootstrap_inner
    self.run()
  File "C:\Users\AYESHA RAHMAN\murf-livekit-starter\backend\.uv-python\cpython-3.13-windows-x86_64-none\Lib\threading.py", line 995, in run
    self._target(*self._args, **self._kwargs)
  File "C:\Users\AYESHA RAHMAN\murf-livekit-starter\backend\.venv\Lib\site-packages\livekit\agents\ipc\job_proc_lazy_main.py", line 418, in thread_main
    client.run()
  File "C:\Users\AYESHA RAHMAN\murf-livekit-starter\backend\.venv\Lib\site-packages\livekit\agents\ipc\proc_client.py", line 70, in run
    loop.run_until_complete(self._task)
  File "C:\Users\AYESHA RAHMAN\murf-livekit-starter\backend\.uv-python\cpython-3.13-windows-x86_64-none\Lib\asyncio\base_events.py", line 712, in run_until_complete
    self.run_forever()
  File "C:\Users\AYESHA RAHMAN\murf-livekit-starter\backend\.uv-python\cpython-3.13-windows-x86_64-none\Lib\asyncio\base_events.py", line 683, in run_forever
    self._run_once()
  File "C:\Users\AYESHA RAHMAN\murf-livekit-starter\backend\.uv-python\cpython-3.13-windows-x86_64-none\Lib\asyncio\base_events.py", line 2060, in _run_once
    handle._run()
  File "C:\Users\AYESHA RAHMAN\murf-livekit-starter\backend\.uv-python\cpython-3.13-windows-x86_64-none\Lib\asyncio\events.py", line 89, in _run
    self._context.run(self._callback, *self._args)
  File "C:\Users\AYESHA RAHMAN\murf-livekit-starter\backend\.venv\Lib\site-packages\livekit\plugins\murf\tts.py", line 412, in _recv_task
    logger.info("[Murf TTS] Murf TTFB (first sentence to first audio): %.2f ms", ttfb_ms)
  File "C:\Users\AYESHA RAHMAN\murf-livekit-starter\backend\.uv-python\cpython-3.13-windows-x86_64-none\Lib\logging\__init__.py", line 1520, in info
    self._log(INFO, msg, args, **kwargs)
  File "C:\Users\AYESHA RAHMAN\murf-livekit-starter\backend\.uv-python\cpython-3.13-windows-x86_64-none\Lib\logging\__init__.py", line 1665, in _log
    self.handle(record)
  File "C:\Users\AYESHA RAHMAN\murf-livekit-starter\backend\.uv-python\cpython-3.13-windows-x86_64-none\Lib\logging\__init__.py", line 1681, in handle
    self.callHandlers(record)
  File "C:\Users\AYESHA RAHMAN\murf-livekit-starter\backend\.uv-python\cpython-3.13-windows-x86_64-none\Lib\logging\__init__.py", line 1737, in callHandlers
    hdlr.handle(record)
  File "C:\Users\AYESHA RAHMAN\murf-livekit-starter\backend\.uv-python\cpython-3.13-windows-x86_64-none\Lib\logging\__init__.py", line 1027, in handle
    self.emit(record)
  File "C:\Users\AYESHA RAHMAN\murf-livekit-starter\backend\.venv\Lib\site-packages\livekit\agents\cli\cli.py", line 957, in emit
    self.handleError(record)
Message: '[Murf TTS] Murf TTFB (first sentence to first audio): %.2f ms'
Arguments: (124.89099999947939,)
--- Logging error ---
Traceback (most recent call last):
  File "C:\Users\AYESHA RAHMAN\murf-livekit-starter\backend\.venv\Lib\site-packages\livekit\agents\cli\cli.py", line 944, in emit
    self.c.console.print(output)
    ~~~~~~~~~~~~~~~~~~~~^^^^^^^^
  File "C:\Users\AYESHA RAHMAN\murf-livekit-starter\backend\.venv\Lib\site-packages\rich\console.py", line 1697, in print
    with self:
         ^^^^
  File "C:\Users\AYESHA RAHMAN\murf-livekit-starter\backend\.venv\Lib\site-packages\rich\console.py", line 870, in __exit__
    self._exit_buffer()
    ~~~~~~~~~~~~~~~~~^^
  File "C:\Users\AYESHA RAHMAN\murf-livekit-starter\backend\.venv\Lib\site-packages\rich\console.py", line 826, in _exit_buffer
    self._check_buffer()
    ~~~~~~~~~~~~~~~~~~^^
  File "C:\Users\AYESHA RAHMAN\murf-livekit-starter\backend\.venv\Lib\site-packages\rich\console.py", line 2042, in _check_buffer
    self._write_buffer()
    ~~~~~~~~~~~~~~~~~~^^
  File "C:\Users\AYESHA RAHMAN\murf-livekit-starter\backend\.venv\Lib\site-packages\rich\console.py", line 2078, in _write_buffer
    legacy_windows_render(buffer, LegacyWindowsTerm(self.file))
    ~~~~~~~~~~~~~~~~~~~~~^^^^^^^^^^^^^^^^^^^^^^^^^^^^^^^^^^^^^^
  File "C:\Users\AYESHA RAHMAN\murf-livekit-starter\backend\.venv\Lib\site-packages\rich\_windows_renderer.py", line 17, in legacy_windows_render
    term.write_styled(text, style)
    ~~~~~~~~~~~~~~~~~^^^^^^^^^^^^^
  File "C:\Users\AYESHA RAHMAN\murf-livekit-starter\backend\.venv\Lib\site-packages\rich\_win32_console.py", line 441, in write_styled
    self.write_text(text)
    ~~~~~~~~~~~~~~~^^^^^^
  File "C:\Users\AYESHA RAHMAN\murf-livekit-starter\backend\.venv\Lib\site-packages\rich\_win32_console.py", line 402, in write_text
    self.write(text)
    ~~~~~~~~~~^^^^^^
  File "C:\Users\AYESHA RAHMAN\murf-livekit-starter\backend\.uv-python\cpython-3.13-windows-x86_64-none\Lib\encodings\cp1252.py", line 19, in encode
    return codecs.charmap_encode(input,self.errors,encoding_table)[0]
           ~~~~~~~~~~~~~~~~~~~~~^^^^^^^^^^^^^^^^^^^^^^^^^^^^^^^^^^
UnicodeEncodeError: 'charmap' codec can't encode character '\u20b9' in position 52: character maps to <undefined>
Call stack:
  File "C:\Users\AYESHA RAHMAN\murf-livekit-starter\backend\.uv-python\cpython-3.13-windows-x86_64-none\Lib\threading.py", line 1015, in _bootstrap
    self._bootstrap_inner()
  File "C:\Users\AYESHA RAHMAN\murf-livekit-starter\backend\.uv-python\cpython-3.13-windows-x86_64-none\Lib\threading.py", line 1044, in _bootstrap_inner
    self.run()
  File "C:\Users\AYESHA RAHMAN\murf-livekit-starter\backend\.uv-python\cpython-3.13-windows-x86_64-none\Lib\threading.py", line 995, in run
    self._target(*self._args, **self._kwargs)
  File "C:\Users\AYESHA RAHMAN\murf-livekit-starter\backend\.venv\Lib\site-packages\livekit\agents\ipc\job_proc_lazy_main.py", line 418, in thread_main
    client.run()
  File "C:\Users\AYESHA RAHMAN\murf-livekit-starter\backend\.venv\Lib\site-packages\livekit\agents\ipc\proc_client.py", line 70, in run
    loop.run_until_complete(self._task)
  File "C:\Users\AYESHA RAHMAN\murf-livekit-starter\backend\.uv-python\cpython-3.13-windows-x86_64-none\Lib\asyncio\base_events.py", line 712, in run_until_complete
    self.run_forever()
  File "C:\Users\AYESHA RAHMAN\murf-livekit-starter\backend\.uv-python\cpython-3.13-windows-x86_64-none\Lib\asyncio\base_events.py", line 683, in run_forever
    self._run_once()
  File "C:\Users\AYESHA RAHMAN\murf-livekit-starter\backend\.uv-python\cpython-3.13-windows-x86_64-none\Lib\asyncio\base_events.py", line 2060, in _run_once
    handle._run()
  File "C:\Users\AYESHA RAHMAN\murf-livekit-starter\backend\.uv-python\cpython-3.13-windows-x86_64-none\Lib\asyncio\events.py", line 89, in _run
    self._context.run(self._callback, *self._args)
  File "C:\Users\AYESHA RAHMAN\murf-livekit-starter\backend\.venv\Lib\site-packages\livekit\agents\utils\log.py", line 17, in async_fn_logs
    return await fn(*args, **kwargs)
  File "C:\Users\AYESHA RAHMAN\murf-livekit-starter\backend\.venv\Lib\site-packages\livekit\agents\llm\llm.py", line 348, in _metrics_monitor_task
    self._llm.emit("metrics_collected", metrics)
  File "C:\Users\AYESHA RAHMAN\murf-livekit-starter\backend\.venv\Lib\site-packages\livekit\rtc\event_emitter.py", line 58, in emit
    callback(*callback_args)
  File "C:\Users\AYESHA RAHMAN\murf-livekit-starter\backend\.venv\Lib\site-packages\livekit\agents\voice\agent_activity.py", line 1162, in _on_metrics_collected
    self._session.emit("metrics_collected", MetricsCollectedEvent(metrics=ev))
  File "C:\Users\AYESHA RAHMAN\murf-livekit-starter\backend\.venv\Lib\site-packages\livekit\agents\voice\agent_session.py", line 428, in emit
    super().emit(event, arg)
  File "C:\Users\AYESHA RAHMAN\murf-livekit-starter\backend\.venv\Lib\site-packages\livekit\rtc\event_emitter.py", line 58, in emit
    callback(*callback_args)
  File "C:\Users\AYESHA RAHMAN\murf-livekit-starter\backend\src\agent.py", line 477, in on_metrics_collected
    logger.info(
  File "C:\Users\AYESHA RAHMAN\murf-livekit-starter\backend\.uv-python\cpython-3.13-windows-x86_64-none\Lib\logging\__init__.py", line 1520, in info
    self._log(INFO, msg, args, **kwargs)
  File "C:\Users\AYESHA RAHMAN\murf-livekit-starter\backend\.uv-python\cpython-3.13-windows-x86_64-none\Lib\logging\__init__.py", line 1665, in _log
    self.handle(record)
  File "C:\Users\AYESHA RAHMAN\murf-livekit-starter\backend\.uv-python\cpython-3.13-windows-x86_64-none\Lib\logging\__init__.py", line 1681, in handle
    self.callHandlers(record)
  File "C:\Users\AYESHA RAHMAN\murf-livekit-starter\backend\.uv-python\cpython-3.13-windows-x86_64-none\Lib\logging\__init__.py", line 1737, in callHandlers
    hdlr.handle(record)
  File "C:\Users\AYESHA RAHMAN\murf-livekit-starter\backend\.uv-python\cpython-3.13-windows-x86_64-none\Lib\logging\__init__.py", line 1027, in handle
    self.emit(record)
  File "C:\Users\AYESHA RAHMAN\murf-livekit-starter\backend\.venv\Lib\site-packages\livekit\agents\cli\cli.py", line 957, in emit
    self.handleError(record)
Message: '[DEBUG-%s] metrics=%s'
Arguments: ('LLM', LLMMetrics(type='llm_metrics', label='livekit.plugins.google.llm.LLM', request_id='ab25aae5af7f', timestamp=1786731833.2596633, duration=1.13345290000143, ttft=0.7148750999986078, cancelled=False, completion_tokens=179, prompt_tokens=835, prompt_cached_tokens=0, total_tokens=1014, tokens_per_second=157.9245154340107, speech_id='speech_164dfd80394e', metadata=Metadata(model_name='gemini-3.5-flash-lite', model_provider='Gemini')))
--- Logging error ---
Traceback (most recent call last):
  File "C:\Users\AYESHA RAHMAN\murf-livekit-starter\backend\.venv\Lib\site-packages\livekit\agents\cli\cli.py", line 944, in emit
    self.c.console.print(output)
    ~~~~~~~~~~~~~~~~~~~~^^^^^^^^
  File "C:\Users\AYESHA RAHMAN\murf-livekit-starter\backend\.venv\Lib\site-packages\rich\console.py", line 1697, in print
    with self:
         ^^^^
  File "C:\Users\AYESHA RAHMAN\murf-livekit-starter\backend\.venv\Lib\site-packages\rich\console.py", line 870, in __exit__
    self._exit_buffer()
    ~~~~~~~~~~~~~~~~~^^
  File "C:\Users\AYESHA RAHMAN\murf-livekit-starter\backend\.venv\Lib\site-packages\rich\console.py", line 826, in _exit_buffer
    self._check_buffer()
    ~~~~~~~~~~~~~~~~~~^^
  File "C:\Users\AYESHA RAHMAN\murf-livekit-starter\backend\.venv\Lib\site-packages\rich\console.py", line 2042, in _check_buffer
    self._write_buffer()
    ~~~~~~~~~~~~~~~~~~^^
  File "C:\Users\AYESHA RAHMAN\murf-livekit-starter\backend\.venv\Lib\site-packages\rich\console.py", line 2078, in _write_buffer
    legacy_windows_render(buffer, LegacyWindowsTerm(self.file))
    ~~~~~~~~~~~~~~~~~~~~~^^^^^^^^^^^^^^^^^^^^^^^^^^^^^^^^^^^^^^
  File "C:\Users\AYESHA RAHMAN\murf-livekit-starter\backend\.venv\Lib\site-packages\rich\_windows_renderer.py", line 17, in legacy_windows_render
    term.write_styled(text, style)
    ~~~~~~~~~~~~~~~~~^^^^^^^^^^^^^
  File "C:\Users\AYESHA RAHMAN\murf-livekit-starter\backend\.venv\Lib\site-packages\rich\_win32_console.py", line 441, in write_styled
    self.write_text(text)
    ~~~~~~~~~~~~~~~^^^^^^
  File "C:\Users\AYESHA RAHMAN\murf-livekit-starter\backend\.venv\Lib\site-packages\rich\_win32_console.py", line 402, in write_text
    self.write(text)
    ~~~~~~~~~~^^^^^^
  File "C:\Users\AYESHA RAHMAN\murf-livekit-starter\backend\.uv-python\cpython-3.13-windows-x86_64-none\Lib\encodings\cp1252.py", line 19, in encode
    return codecs.charmap_encode(input,self.errors,encoding_table)[0]
           ~~~~~~~~~~~~~~~~~~~~~^^^^^^^^^^^^^^^^^^^^^^^^^^^^^^^^^^
UnicodeEncodeError: 'charmap' codec can't encode character '\u20b9' in position 52: character maps to <undefined>
Call stack:
  File "C:\Users\AYESHA RAHMAN\murf-livekit-starter\backend\.uv-python\cpython-3.13-windows-x86_64-none\Lib\threading.py", line 1015, in _bootstrap
    self._bootstrap_inner()
  File "C:\Users\AYESHA RAHMAN\murf-livekit-starter\backend\.uv-python\cpython-3.13-windows-x86_64-none\Lib\threading.py", line 1044, in _bootstrap_inner
    self.run()
  File "C:\Users\AYESHA RAHMAN\murf-livekit-starter\backend\.uv-python\cpython-3.13-windows-x86_64-none\Lib\threading.py", line 995, in run
    self._target(*self._args, **self._kwargs)
  File "C:\Users\AYESHA RAHMAN\murf-livekit-starter\backend\.venv\Lib\site-packages\livekit\agents\ipc\job_proc_lazy_main.py", line 418, in thread_main
    client.run()
  File "C:\Users\AYESHA RAHMAN\murf-livekit-starter\backend\.venv\Lib\site-packages\livekit\agents\ipc\proc_client.py", line 70, in run
    loop.run_until_complete(self._task)
  File "C:\Users\AYESHA RAHMAN\murf-livekit-starter\backend\.uv-python\cpython-3.13-windows-x86_64-none\Lib\asyncio\base_events.py", line 712, in run_until_complete
    self.run_forever()
  File "C:\Users\AYESHA RAHMAN\murf-livekit-starter\backend\.uv-python\cpython-3.13-windows-x86_64-none\Lib\asyncio\base_events.py", line 683, in run_forever
    self._run_once()
  File "C:\Users\AYESHA RAHMAN\murf-livekit-starter\backend\.uv-python\cpython-3.13-windows-x86_64-none\Lib\asyncio\base_events.py", line 2060, in _run_once
    handle._run()
  File "C:\Users\AYESHA RAHMAN\murf-livekit-starter\backend\.uv-python\cpython-3.13-windows-x86_64-none\Lib\asyncio\events.py", line 89, in _run
    self._context.run(self._callback, *self._args)
  File "C:\Users\AYESHA RAHMAN\murf-livekit-starter\backend\.venv\Lib\site-packages\livekit\agents\tts\stream_pacer.py", line 149, in _send_task
    logger.debug(
  File "C:\Users\AYESHA RAHMAN\murf-livekit-starter\backend\.uv-python\cpython-3.13-windows-x86_64-none\Lib\logging\__init__.py", line 1508, in debug
    self._log(DEBUG, msg, args, **kwargs)
  File "C:\Users\AYESHA RAHMAN\murf-livekit-starter\backend\.uv-python\cpython-3.13-windows-x86_64-none\Lib\logging\__init__.py", line 1665, in _log
    self.handle(record)
  File "C:\Users\AYESHA RAHMAN\murf-livekit-starter\backend\.uv-python\cpython-3.13-windows-x86_64-none\Lib\logging\__init__.py", line 1681, in handle
    self.callHandlers(record)
  File "C:\Users\AYESHA RAHMAN\murf-livekit-starter\backend\.uv-python\cpython-3.13-windows-x86_64-none\Lib\logging\__init__.py", line 1737, in callHandlers
    hdlr.handle(record)
  File "C:\Users\AYESHA RAHMAN\murf-livekit-starter\backend\.uv-python\cpython-3.13-windows-x86_64-none\Lib\logging\__init__.py", line 1027, in handle
    self.emit(record)
  File "C:\Users\AYESHA RAHMAN\murf-livekit-starter\backend\.venv\Lib\site-packages\livekit\agents\cli\cli.py", line 957, in emit
    self.handleError(record)
Message: 'sent text to tts'
Arguments: ()
--- Logging error ---
Traceback (most recent call last):
  File "C:\Users\AYESHA RAHMAN\murf-livekit-starter\backend\.venv\Lib\site-packages\livekit\agents\cli\cli.py", line 944, in emit
    self.c.console.print(output)
    ~~~~~~~~~~~~~~~~~~~~^^^^^^^^
  File "C:\Users\AYESHA RAHMAN\murf-livekit-starter\backend\.venv\Lib\site-packages\rich\console.py", line 1697, in print
    with self:
         ^^^^
  File "C:\Users\AYESHA RAHMAN\murf-livekit-starter\backend\.venv\Lib\site-packages\rich\console.py", line 870, in __exit__
    self._exit_buffer()
    ~~~~~~~~~~~~~~~~~^^
  File "C:\Users\AYESHA RAHMAN\murf-livekit-starter\backend\.venv\Lib\site-packages\rich\console.py", line 826, in _exit_buffer
    self._check_buffer()
    ~~~~~~~~~~~~~~~~~~^^
  File "C:\Users\AYESHA RAHMAN\murf-livekit-starter\backend\.venv\Lib\site-packages\rich\console.py", line 2042, in _check_buffer
    self._write_buffer()
    ~~~~~~~~~~~~~~~~~~^^
  File "C:\Users\AYESHA RAHMAN\murf-livekit-starter\backend\.venv\Lib\site-packages\rich\console.py", line 2078, in _write_buffer
    legacy_windows_render(buffer, LegacyWindowsTerm(self.file))
    ~~~~~~~~~~~~~~~~~~~~~^^^^^^^^^^^^^^^^^^^^^^^^^^^^^^^^^^^^^^
  File "C:\Users\AYESHA RAHMAN\murf-livekit-starter\backend\.venv\Lib\site-packages\rich\_windows_renderer.py", line 17, in legacy_windows_render
    term.write_styled(text, style)
    ~~~~~~~~~~~~~~~~~^^^^^^^^^^^^^
  File "C:\Users\AYESHA RAHMAN\murf-livekit-starter\backend\.venv\Lib\site-packages\rich\_win32_console.py", line 441, in write_styled
    self.write_text(text)
    ~~~~~~~~~~~~~~~^^^^^^
  File "C:\Users\AYESHA RAHMAN\murf-livekit-starter\backend\.venv\Lib\site-packages\rich\_win32_console.py", line 402, in write_text
    self.write(text)
    ~~~~~~~~~~^^^^^^
  File "C:\Users\AYESHA RAHMAN\murf-livekit-starter\backend\.uv-python\cpython-3.13-windows-x86_64-none\Lib\encodings\cp1252.py", line 19, in encode
    return codecs.charmap_encode(input,self.errors,encoding_table)[0]
           ~~~~~~~~~~~~~~~~~~~~~^^^^^^^^^^^^^^^^^^^^^^^^^^^^^^^^^^
UnicodeEncodeError: 'charmap' codec can't encode character '\u20b9' in position 52: character maps to <undefined>
Call stack:
  File "C:\Users\AYESHA RAHMAN\murf-livekit-starter\backend\.uv-python\cpython-3.13-windows-x86_64-none\Lib\threading.py", line 1015, in _bootstrap
    self._bootstrap_inner()
  File "C:\Users\AYESHA RAHMAN\murf-livekit-starter\backend\.uv-python\cpython-3.13-windows-x86_64-none\Lib\threading.py", line 1044, in _bootstrap_inner
    self.run()
  File "C:\Users\AYESHA RAHMAN\murf-livekit-starter\backend\.uv-python\cpython-3.13-windows-x86_64-none\Lib\threading.py", line 995, in run
    self._target(*self._args, **self._kwargs)
  File "C:\Users\AYESHA RAHMAN\murf-livekit-starter\backend\.venv\Lib\site-packages\livekit\agents\ipc\job_proc_lazy_main.py", line 418, in thread_main
    client.run()
  File "C:\Users\AYESHA RAHMAN\murf-livekit-starter\backend\.venv\Lib\site-packages\livekit\agents\ipc\proc_client.py", line 70, in run
    loop.run_until_complete(self._task)
  File "C:\Users\AYESHA RAHMAN\murf-livekit-starter\backend\.uv-python\cpython-3.13-windows-x86_64-none\Lib\asyncio\base_events.py", line 712, in run_until_complete
    self.run_forever()
  File "C:\Users\AYESHA RAHMAN\murf-livekit-starter\backend\.uv-python\cpython-3.13-windows-x86_64-none\Lib\asyncio\base_events.py", line 683, in run_forever
    self._run_once()
  File "C:\Users\AYESHA RAHMAN\murf-livekit-starter\backend\.uv-python\cpython-3.13-windows-x86_64-none\Lib\asyncio\base_events.py", line 2060, in _run_once
    handle._run()
  File "C:\Users\AYESHA RAHMAN\murf-livekit-starter\backend\.uv-python\cpython-3.13-windows-x86_64-none\Lib\asyncio\events.py", line 89, in _run
    self._context.run(self._callback, *self._args)
  File "C:\Users\AYESHA RAHMAN\murf-livekit-starter\backend\.venv\Lib\site-packages\livekit\agents\tts\stream_pacer.py", line 149, in _send_task
    logger.debug(
  File "C:\Users\AYESHA RAHMAN\murf-livekit-starter\backend\.uv-python\cpython-3.13-windows-x86_64-none\Lib\logging\__init__.py", line 1508, in debug
    self._log(DEBUG, msg, args, **kwargs)
  File "C:\Users\AYESHA RAHMAN\murf-livekit-starter\backend\.uv-python\cpython-3.13-windows-x86_64-none\Lib\logging\__init__.py", line 1665, in _log
    self.handle(record)
  File "C:\Users\AYESHA RAHMAN\murf-livekit-starter\backend\.uv-python\cpython-3.13-windows-x86_64-none\Lib\logging\__init__.py", line 1681, in handle
    self.callHandlers(record)
  File "C:\Users\AYESHA RAHMAN\murf-livekit-starter\backend\.uv-python\cpython-3.13-windows-x86_64-none\Lib\logging\__init__.py", line 1737, in callHandlers
    hdlr.handle(record)
  File "C:\Users\AYESHA RAHMAN\murf-livekit-starter\backend\.uv-python\cpython-3.13-windows-x86_64-none\Lib\logging\__init__.py", line 1027, in handle
    self.emit(record)
  File "C:\Users\AYESHA RAHMAN\murf-livekit-starter\backend\.venv\Lib\site-packages\livekit\agents\cli\cli.py", line 957, in emit
    self.handleError(record)
Message: 'sent text to tts'
Arguments: ()
--- Logging error ---
Traceback (most recent call last):
  File "C:\Users\AYESHA RAHMAN\murf-livekit-starter\backend\.venv\Lib\site-packages\livekit\agents\cli\cli.py", line 944, in emit
    self.c.console.print(output)
    ~~~~~~~~~~~~~~~~~~~~^^^^^^^^
  File "C:\Users\AYESHA RAHMAN\murf-livekit-starter\backend\.venv\Lib\site-packages\rich\console.py", line 1697, in print
    with self:
         ^^^^
  File "C:\Users\AYESHA RAHMAN\murf-livekit-starter\backend\.venv\Lib\site-packages\rich\console.py", line 870, in __exit__
    self._exit_buffer()
    ~~~~~~~~~~~~~~~~~^^
  File "C:\Users\AYESHA RAHMAN\murf-livekit-starter\backend\.venv\Lib\site-packages\rich\console.py", line 826, in _exit_buffer
    self._check_buffer()
    ~~~~~~~~~~~~~~~~~~^^
  File "C:\Users\AYESHA RAHMAN\murf-livekit-starter\backend\.venv\Lib\site-packages\rich\console.py", line 2042, in _check_buffer
    self._write_buffer()
    ~~~~~~~~~~~~~~~~~~^^
  File "C:\Users\AYESHA RAHMAN\murf-livekit-starter\backend\.venv\Lib\site-packages\rich\console.py", line 2078, in _write_buffer
    legacy_windows_render(buffer, LegacyWindowsTerm(self.file))
    ~~~~~~~~~~~~~~~~~~~~~^^^^^^^^^^^^^^^^^^^^^^^^^^^^^^^^^^^^^^
  File "C:\Users\AYESHA RAHMAN\murf-livekit-starter\backend\.venv\Lib\site-packages\rich\_windows_renderer.py", line 17, in legacy_windows_render
    term.write_styled(text, style)
    ~~~~~~~~~~~~~~~~~^^^^^^^^^^^^^
  File "C:\Users\AYESHA RAHMAN\murf-livekit-starter\backend\.venv\Lib\site-packages\rich\_win32_console.py", line 441, in write_styled
    self.write_text(text)
    ~~~~~~~~~~~~~~~^^^^^^
  File "C:\Users\AYESHA RAHMAN\murf-livekit-starter\backend\.venv\Lib\site-packages\rich\_win32_console.py", line 402, in write_text
    self.write(text)
    ~~~~~~~~~~^^^^^^
  File "C:\Users\AYESHA RAHMAN\murf-livekit-starter\backend\.uv-python\cpython-3.13-windows-x86_64-none\Lib\encodings\cp1252.py", line 19, in encode
    return codecs.charmap_encode(input,self.errors,encoding_table)[0]
           ~~~~~~~~~~~~~~~~~~~~~^^^^^^^^^^^^^^^^^^^^^^^^^^^^^^^^^^
UnicodeEncodeError: 'charmap' codec can't encode character '\u20b9' in position 52: character maps to <undefined>
Call stack:
  File "C:\Users\AYESHA RAHMAN\murf-livekit-starter\backend\.uv-python\cpython-3.13-windows-x86_64-none\Lib\threading.py", line 1015, in _bootstrap
    self._bootstrap_inner()
  File "C:\Users\AYESHA RAHMAN\murf-livekit-starter\backend\.uv-python\cpython-3.13-windows-x86_64-none\Lib\threading.py", line 1044, in _bootstrap_inner
    self.run()
  File "C:\Users\AYESHA RAHMAN\murf-livekit-starter\backend\.uv-python\cpython-3.13-windows-x86_64-none\Lib\threading.py", line 995, in run
    self._target(*self._args, **self._kwargs)
  File "C:\Users\AYESHA RAHMAN\murf-livekit-starter\backend\.venv\Lib\site-packages\livekit\agents\ipc\job_proc_lazy_main.py", line 418, in thread_main
    client.run()
  File "C:\Users\AYESHA RAHMAN\murf-livekit-starter\backend\.venv\Lib\site-packages\livekit\agents\ipc\proc_client.py", line 70, in run
    loop.run_until_complete(self._task)
  File "C:\Users\AYESHA RAHMAN\murf-livekit-starter\backend\.uv-python\cpython-3.13-windows-x86_64-none\Lib\asyncio\base_events.py", line 712, in run_until_complete
    self.run_forever()
  File "C:\Users\AYESHA RAHMAN\murf-livekit-starter\backend\.uv-python\cpython-3.13-windows-x86_64-none\Lib\asyncio\base_events.py", line 683, in run_forever
    self._run_once()
  File "C:\Users\AYESHA RAHMAN\murf-livekit-starter\backend\.uv-python\cpython-3.13-windows-x86_64-none\Lib\asyncio\base_events.py", line 2060, in _run_once
    handle._run()
  File "C:\Users\AYESHA RAHMAN\murf-livekit-starter\backend\.uv-python\cpython-3.13-windows-x86_64-none\Lib\asyncio\events.py", line 89, in _run
    self._context.run(self._callback, *self._args)
  File "C:\Users\AYESHA RAHMAN\murf-livekit-starter\backend\.venv\Lib\site-packages\livekit\agents\tts\tts.py", line 859, in _flush
    logger.debug("flush audio emitter due to slow audio generation")
  File "C:\Users\AYESHA RAHMAN\murf-livekit-starter\backend\.uv-python\cpython-3.13-windows-x86_64-none\Lib\logging\__init__.py", line 1508, in debug
    self._log(DEBUG, msg, args, **kwargs)
  File "C:\Users\AYESHA RAHMAN\murf-livekit-starter\backend\.uv-python\cpython-3.13-windows-x86_64-none\Lib\logging\__init__.py", line 1665, in _log
    self.handle(record)
  File "C:\Users\AYESHA RAHMAN\murf-livekit-starter\backend\.uv-python\cpython-3.13-windows-x86_64-none\Lib\logging\__init__.py", line 1681, in handle
    self.callHandlers(record)
  File "C:\Users\AYESHA RAHMAN\murf-livekit-starter\backend\.uv-python\cpython-3.13-windows-x86_64-none\Lib\logging\__init__.py", line 1737, in callHandlers
    hdlr.handle(record)
  File "C:\Users\AYESHA RAHMAN\murf-livekit-starter\backend\.uv-python\cpython-3.13-windows-x86_64-none\Lib\logging\__init__.py", line 1027, in handle
    self.emit(record)
  File "C:\Users\AYESHA RAHMAN\murf-livekit-starter\backend\.venv\Lib\site-packages\livekit\agents\cli\cli.py", line 957, in emit
    self.handleError(record)
Message: 'flush audio emitter due to slow audio generation'
Arguments: ()
--- Logging error ---
Traceback (most recent call last):
  File "C:\Users\AYESHA RAHMAN\murf-livekit-starter\backend\.venv\Lib\site-packages\livekit\agents\cli\cli.py", line 944, in emit
    self.c.console.print(output)
    ~~~~~~~~~~~~~~~~~~~~^^^^^^^^
  File "C:\Users\AYESHA RAHMAN\murf-livekit-starter\backend\.venv\Lib\site-packages\rich\console.py", line 1697, in print
    with self:
         ^^^^
  File "C:\Users\AYESHA RAHMAN\murf-livekit-starter\backend\.venv\Lib\site-packages\rich\console.py", line 870, in __exit__
    self._exit_buffer()
    ~~~~~~~~~~~~~~~~~^^
  File "C:\Users\AYESHA RAHMAN\murf-livekit-starter\backend\.venv\Lib\site-packages\rich\console.py", line 826, in _exit_buffer
    self._check_buffer()
    ~~~~~~~~~~~~~~~~~~^^
  File "C:\Users\AYESHA RAHMAN\murf-livekit-starter\backend\.venv\Lib\site-packages\rich\console.py", line 2042, in _check_buffer
    self._write_buffer()
    ~~~~~~~~~~~~~~~~~~^^
  File "C:\Users\AYESHA RAHMAN\murf-livekit-starter\backend\.venv\Lib\site-packages\rich\console.py", line 2078, in _write_buffer
    legacy_windows_render(buffer, LegacyWindowsTerm(self.file))
    ~~~~~~~~~~~~~~~~~~~~~^^^^^^^^^^^^^^^^^^^^^^^^^^^^^^^^^^^^^^
  File "C:\Users\AYESHA RAHMAN\murf-livekit-starter\backend\.venv\Lib\site-packages\rich\_windows_renderer.py", line 17, in legacy_windows_render
    term.write_styled(text, style)
    ~~~~~~~~~~~~~~~~~^^^^^^^^^^^^^
  File "C:\Users\AYESHA RAHMAN\murf-livekit-starter\backend\.venv\Lib\site-packages\rich\_win32_console.py", line 441, in write_styled
    self.write_text(text)
    ~~~~~~~~~~~~~~~^^^^^^
  File "C:\Users\AYESHA RAHMAN\murf-livekit-starter\backend\.venv\Lib\site-packages\rich\_win32_console.py", line 402, in write_text
    self.write(text)
    ~~~~~~~~~~^^^^^^
  File "C:\Users\AYESHA RAHMAN\murf-livekit-starter\backend\.uv-python\cpython-3.13-windows-x86_64-none\Lib\encodings\cp1252.py", line 19, in encode
    return codecs.charmap_encode(input,self.errors,encoding_table)[0]
           ~~~~~~~~~~~~~~~~~~~~~^^^^^^^^^^^^^^^^^^^^^^^^^^^^^^^^^^
UnicodeEncodeError: 'charmap' codec can't encode character '\u20b9' in position 52: character maps to <undefined>
Call stack:
  File "C:\Users\AYESHA RAHMAN\murf-livekit-starter\backend\.uv-python\cpython-3.13-windows-x86_64-none\Lib\threading.py", line 1015, in _bootstrap
    self._bootstrap_inner()
  File "C:\Users\AYESHA RAHMAN\murf-livekit-starter\backend\.uv-python\cpython-3.13-windows-x86_64-none\Lib\threading.py", line 1044, in _bootstrap_inner
    self.run()
  File "C:\Users\AYESHA RAHMAN\murf-livekit-starter\backend\.uv-python\cpython-3.13-windows-x86_64-none\Lib\threading.py", line 995, in run
    self._target(*self._args, **self._kwargs)
  File "C:\Users\AYESHA RAHMAN\murf-livekit-starter\backend\.venv\Lib\site-packages\livekit\agents\ipc\job_proc_lazy_main.py", line 418, in thread_main
    client.run()
  File "C:\Users\AYESHA RAHMAN\murf-livekit-starter\backend\.venv\Lib\site-packages\livekit\agents\ipc\proc_client.py", line 70, in run
    loop.run_until_complete(self._task)
  File "C:\Users\AYESHA RAHMAN\murf-livekit-starter\backend\.uv-python\cpython-3.13-windows-x86_64-none\Lib\asyncio\base_events.py", line 712, in run_until_complete
    self.run_forever()
  File "C:\Users\AYESHA RAHMAN\murf-livekit-starter\backend\.uv-python\cpython-3.13-windows-x86_64-none\Lib\asyncio\base_events.py", line 683, in run_forever
    self._run_once()
  File "C:\Users\AYESHA RAHMAN\murf-livekit-starter\backend\.uv-python\cpython-3.13-windows-x86_64-none\Lib\asyncio\base_events.py", line 2060, in _run_once
    handle._run()
  File "C:\Users\AYESHA RAHMAN\murf-livekit-starter\backend\.uv-python\cpython-3.13-windows-x86_64-none\Lib\asyncio\events.py", line 89, in _run
    self._context.run(self._callback, *self._args)
  File "C:\Users\AYESHA RAHMAN\murf-livekit-starter\backend\.venv\Lib\site-packages\livekit\agents\utils\log.py", line 17, in async_fn_logs
    return await fn(*args, **kwargs)
  File "C:\Users\AYESHA RAHMAN\murf-livekit-starter\backend\.venv\Lib\site-packages\livekit\agents\voice\audio_recognition.py", line 713, in _stt_task
    await self._on_stt_event(ev)
  File "C:\Users\AYESHA RAHMAN\murf-livekit-starter\backend\.venv\Lib\site-packages\livekit\agents\voice\audio_recognition.py", line 382, in _on_stt_event
    self._hooks.on_final_transcript(
  File "C:\Users\AYESHA RAHMAN\murf-livekit-starter\backend\.venv\Lib\site-packages\livekit\agents\voice\agent_activity.py", line 1387, in on_final_transcript
    self._session._user_input_transcribed(
  File "C:\Users\AYESHA RAHMAN\murf-livekit-starter\backend\.venv\Lib\site-packages\livekit\agents\voice\agent_session.py", line 1405, in _user_input_transcribed
    self.emit("user_input_transcribed", ev)
  File "C:\Users\AYESHA RAHMAN\murf-livekit-starter\backend\.venv\Lib\site-packages\livekit\agents\voice\agent_session.py", line 428, in emit
    super().emit(event, arg)
  File "C:\Users\AYESHA RAHMAN\murf-livekit-starter\backend\.venv\Lib\site-packages\livekit\rtc\event_emitter.py", line 58, in emit
    callback(*callback_args)
  File "C:\Users\AYESHA RAHMAN\murf-livekit-starter\backend\src\agent.py", line 459, in on_user_input_transcribed
    logger.info(
  File "C:\Users\AYESHA RAHMAN\murf-livekit-starter\backend\.uv-python\cpython-3.13-windows-x86_64-none\Lib\logging\__init__.py", line 1520, in info
    self._log(INFO, msg, args, **kwargs)
  File "C:\Users\AYESHA RAHMAN\murf-livekit-starter\backend\.uv-python\cpython-3.13-windows-x86_64-none\Lib\logging\__init__.py", line 1665, in _log
    self.handle(record)
  File "C:\Users\AYESHA RAHMAN\murf-livekit-starter\backend\.uv-python\cpython-3.13-windows-x86_64-none\Lib\logging\__init__.py", line 1681, in handle
    self.callHandlers(record)
  File "C:\Users\AYESHA RAHMAN\murf-livekit-starter\backend\.uv-python\cpython-3.13-windows-x86_64-none\Lib\logging\__init__.py", line 1737, in callHandlers
    hdlr.handle(record)
  File "C:\Users\AYESHA RAHMAN\murf-livekit-starter\backend\.uv-python\cpython-3.13-windows-x86_64-none\Lib\logging\__init__.py", line 1027, in handle
    self.emit(record)
  File "C:\Users\AYESHA RAHMAN\murf-livekit-starter\backend\.venv\Lib\site-packages\livekit\agents\cli\cli.py", line 957, in emit
    self.handleError(record)
Message: '[DEBUG-STT] final transcript=%r language=%s'
Arguments: ('I give eight thousand rupees to my parents.', 'en')
--- Logging error ---
Traceback (most recent call last):
  File "C:\Users\AYESHA RAHMAN\murf-livekit-starter\backend\.venv\Lib\site-packages\livekit\agents\cli\cli.py", line 944, in emit
    self.c.console.print(output)
    ~~~~~~~~~~~~~~~~~~~~^^^^^^^^
  File "C:\Users\AYESHA RAHMAN\murf-livekit-starter\backend\.venv\Lib\site-packages\rich\console.py", line 1697, in print
    with self:
         ^^^^
  File "C:\Users\AYESHA RAHMAN\murf-livekit-starter\backend\.venv\Lib\site-packages\rich\console.py", line 870, in __exit__
    self._exit_buffer()
    ~~~~~~~~~~~~~~~~~^^
  File "C:\Users\AYESHA RAHMAN\murf-livekit-starter\backend\.venv\Lib\site-packages\rich\console.py", line 826, in _exit_buffer
    self._check_buffer()
    ~~~~~~~~~~~~~~~~~~^^
  File "C:\Users\AYESHA RAHMAN\murf-livekit-starter\backend\.venv\Lib\site-packages\rich\console.py", line 2042, in _check_buffer
    self._write_buffer()
    ~~~~~~~~~~~~~~~~~~^^
  File "C:\Users\AYESHA RAHMAN\murf-livekit-starter\backend\.venv\Lib\site-packages\rich\console.py", line 2078, in _write_buffer
    legacy_windows_render(buffer, LegacyWindowsTerm(self.file))
    ~~~~~~~~~~~~~~~~~~~~~^^^^^^^^^^^^^^^^^^^^^^^^^^^^^^^^^^^^^^
  File "C:\Users\AYESHA RAHMAN\murf-livekit-starter\backend\.venv\Lib\site-packages\rich\_windows_renderer.py", line 17, in legacy_windows_render
    term.write_styled(text, style)
    ~~~~~~~~~~~~~~~~~^^^^^^^^^^^^^
  File "C:\Users\AYESHA RAHMAN\murf-livekit-starter\backend\.venv\Lib\site-packages\rich\_win32_console.py", line 441, in write_styled
    self.write_text(text)
    ~~~~~~~~~~~~~~~^^^^^^
  File "C:\Users\AYESHA RAHMAN\murf-livekit-starter\backend\.venv\Lib\site-packages\rich\_win32_console.py", line 402, in write_text
    self.write(text)
    ~~~~~~~~~~^^^^^^
  File "C:\Users\AYESHA RAHMAN\murf-livekit-starter\backend\.uv-python\cpython-3.13-windows-x86_64-none\Lib\encodings\cp1252.py", line 19, in encode
    return codecs.charmap_encode(input,self.errors,encoding_table)[0]
           ~~~~~~~~~~~~~~~~~~~~~^^^^^^^^^^^^^^^^^^^^^^^^^^^^^^^^^^
UnicodeEncodeError: 'charmap' codec can't encode character '\u20b9' in position 52: character maps to <undefined>
Call stack:
  File "C:\Users\AYESHA RAHMAN\murf-livekit-starter\backend\.uv-python\cpython-3.13-windows-x86_64-none\Lib\threading.py", line 1015, in _bootstrap
    self._bootstrap_inner()
  File "C:\Users\AYESHA RAHMAN\murf-livekit-starter\backend\.uv-python\cpython-3.13-windows-x86_64-none\Lib\threading.py", line 1044, in _bootstrap_inner
    self.run()
  File "C:\Users\AYESHA RAHMAN\murf-livekit-starter\backend\.uv-python\cpython-3.13-windows-x86_64-none\Lib\threading.py", line 995, in run
    self._target(*self._args, **self._kwargs)
  File "C:\Users\AYESHA RAHMAN\murf-livekit-starter\backend\.venv\Lib\site-packages\livekit\agents\ipc\job_proc_lazy_main.py", line 418, in thread_main
    client.run()
  File "C:\Users\AYESHA RAHMAN\murf-livekit-starter\backend\.venv\Lib\site-packages\livekit\agents\ipc\proc_client.py", line 70, in run
    loop.run_until_complete(self._task)
  File "C:\Users\AYESHA RAHMAN\murf-livekit-starter\backend\.uv-python\cpython-3.13-windows-x86_64-none\Lib\asyncio\base_events.py", line 712, in run_until_complete
    self.run_forever()
  File "C:\Users\AYESHA RAHMAN\murf-livekit-starter\backend\.uv-python\cpython-3.13-windows-x86_64-none\Lib\asyncio\base_events.py", line 683, in run_forever
    self._run_once()
  File "C:\Users\AYESHA RAHMAN\murf-livekit-starter\backend\.uv-python\cpython-3.13-windows-x86_64-none\Lib\asyncio\base_events.py", line 2060, in _run_once
    handle._run()
  File "C:\Users\AYESHA RAHMAN\murf-livekit-starter\backend\.uv-python\cpython-3.13-windows-x86_64-none\Lib\asyncio\events.py", line 89, in _run
    self._context.run(self._callback, *self._args)
  File "C:\Users\AYESHA RAHMAN\murf-livekit-starter\backend\.venv\Lib\site-packages\livekit\agents\utils\log.py", line 17, in async_fn_logs
    return await fn(*args, **kwargs)
  File "C:\Users\AYESHA RAHMAN\murf-livekit-starter\backend\.venv\Lib\site-packages\livekit\agents\voice\audio_recognition.py", line 713, in _stt_task
    await self._on_stt_event(ev)
  File "C:\Users\AYESHA RAHMAN\murf-livekit-starter\backend\.venv\Lib\site-packages\livekit\agents\voice\audio_recognition.py", line 391, in _on_stt_event
    logger.debug("received user transcript", extra=extra)
  File "C:\Users\AYESHA RAHMAN\murf-livekit-starter\backend\.uv-python\cpython-3.13-windows-x86_64-none\Lib\logging\__init__.py", line 1508, in debug
    self._log(DEBUG, msg, args, **kwargs)
  File "C:\Users\AYESHA RAHMAN\murf-livekit-starter\backend\.uv-python\cpython-3.13-windows-x86_64-none\Lib\logging\__init__.py", line 1665, in _log
    self.handle(record)
  File "C:\Users\AYESHA RAHMAN\murf-livekit-starter\backend\.uv-python\cpython-3.13-windows-x86_64-none\Lib\logging\__init__.py", line 1681, in handle
    self.callHandlers(record)
  File "C:\Users\AYESHA RAHMAN\murf-livekit-starter\backend\.uv-python\cpython-3.13-windows-x86_64-none\Lib\logging\__init__.py", line 1737, in callHandlers
    hdlr.handle(record)
  File "C:\Users\AYESHA RAHMAN\murf-livekit-starter\backend\.uv-python\cpython-3.13-windows-x86_64-none\Lib\logging\__init__.py", line 1027, in handle
    self.emit(record)
  File "C:\Users\AYESHA RAHMAN\murf-livekit-starter\backend\.venv\Lib\site-packages\livekit\agents\cli\cli.py", line 957, in emit
    self.handleError(record)
Message: 'received user transcript'
Arguments: ()
--- Logging error ---
Traceback (most recent call last):
  File "C:\Users\AYESHA RAHMAN\murf-livekit-starter\backend\.venv\Lib\site-packages\livekit\agents\cli\cli.py", line 944, in emit
    self.c.console.print(output)
    ~~~~~~~~~~~~~~~~~~~~^^^^^^^^
  File "C:\Users\AYESHA RAHMAN\murf-livekit-starter\backend\.venv\Lib\site-packages\rich\console.py", line 1697, in print
    with self:
         ^^^^
  File "C:\Users\AYESHA RAHMAN\murf-livekit-starter\backend\.venv\Lib\site-packages\rich\console.py", line 870, in __exit__
    self._exit_buffer()
    ~~~~~~~~~~~~~~~~~^^
  File "C:\Users\AYESHA RAHMAN\murf-livekit-starter\backend\.venv\Lib\site-packages\rich\console.py", line 826, in _exit_buffer
    self._check_buffer()
    ~~~~~~~~~~~~~~~~~~^^
  File "C:\Users\AYESHA RAHMAN\murf-livekit-starter\backend\.venv\Lib\site-packages\rich\console.py", line 2042, in _check_buffer
    self._write_buffer()
    ~~~~~~~~~~~~~~~~~~^^
  File "C:\Users\AYESHA RAHMAN\murf-livekit-starter\backend\.venv\Lib\site-packages\rich\console.py", line 2078, in _write_buffer
    legacy_windows_render(buffer, LegacyWindowsTerm(self.file))
    ~~~~~~~~~~~~~~~~~~~~~^^^^^^^^^^^^^^^^^^^^^^^^^^^^^^^^^^^^^^
  File "C:\Users\AYESHA RAHMAN\murf-livekit-starter\backend\.venv\Lib\site-packages\rich\_windows_renderer.py", line 17, in legacy_windows_render
    term.write_styled(text, style)
    ~~~~~~~~~~~~~~~~~^^^^^^^^^^^^^
  File "C:\Users\AYESHA RAHMAN\murf-livekit-starter\backend\.venv\Lib\site-packages\rich\_win32_console.py", line 441, in write_styled
    self.write_text(text)
    ~~~~~~~~~~~~~~~^^^^^^
  File "C:\Users\AYESHA RAHMAN\murf-livekit-starter\backend\.venv\Lib\site-packages\rich\_win32_console.py", line 402, in write_text
    self.write(text)
    ~~~~~~~~~~^^^^^^
  File "C:\Users\AYESHA RAHMAN\murf-livekit-starter\backend\.uv-python\cpython-3.13-windows-x86_64-none\Lib\encodings\cp1252.py", line 19, in encode
    return codecs.charmap_encode(input,self.errors,encoding_table)[0]
           ~~~~~~~~~~~~~~~~~~~~~^^^^^^^^^^^^^^^^^^^^^^^^^^^^^^^^^^
UnicodeEncodeError: 'charmap' codec can't encode character '\u20b9' in position 52: character maps to <undefined>
Call stack:
  File "C:\Users\AYESHA RAHMAN\murf-livekit-starter\backend\.uv-python\cpython-3.13-windows-x86_64-none\Lib\threading.py", line 1015, in _bootstrap
    self._bootstrap_inner()
  File "C:\Users\AYESHA RAHMAN\murf-livekit-starter\backend\.uv-python\cpython-3.13-windows-x86_64-none\Lib\threading.py", line 1044, in _bootstrap_inner
    self.run()
  File "C:\Users\AYESHA RAHMAN\murf-livekit-starter\backend\.uv-python\cpython-3.13-windows-x86_64-none\Lib\threading.py", line 995, in run
    self._target(*self._args, **self._kwargs)
  File "C:\Users\AYESHA RAHMAN\murf-livekit-starter\backend\.venv\Lib\site-packages\livekit\agents\ipc\job_proc_lazy_main.py", line 418, in thread_main
    client.run()
  File "C:\Users\AYESHA RAHMAN\murf-livekit-starter\backend\.venv\Lib\site-packages\livekit\agents\ipc\proc_client.py", line 70, in run
    loop.run_until_complete(self._task)
  File "C:\Users\AYESHA RAHMAN\murf-livekit-starter\backend\.uv-python\cpython-3.13-windows-x86_64-none\Lib\asyncio\base_events.py", line 712, in run_until_complete
    self.run_forever()
  File "C:\Users\AYESHA RAHMAN\murf-livekit-starter\backend\.uv-python\cpython-3.13-windows-x86_64-none\Lib\asyncio\base_events.py", line 683, in run_forever
    self._run_once()
  File "C:\Users\AYESHA RAHMAN\murf-livekit-starter\backend\.uv-python\cpython-3.13-windows-x86_64-none\Lib\asyncio\base_events.py", line 2060, in _run_once
    handle._run()
  File "C:\Users\AYESHA RAHMAN\murf-livekit-starter\backend\.uv-python\cpython-3.13-windows-x86_64-none\Lib\asyncio\events.py", line 89, in _run
    self._context.run(self._callback, *self._args)
  File "C:\Users\AYESHA RAHMAN\murf-livekit-starter\backend\.venv\Lib\site-packages\livekit\agents\stt\stt.py", line 384, in _metrics_monitor_task
    self._stt.emit("metrics_collected", stt_metrics)
  File "C:\Users\AYESHA RAHMAN\murf-livekit-starter\backend\.venv\Lib\site-packages\livekit\rtc\event_emitter.py", line 58, in emit
    callback(*callback_args)
  File "C:\Users\AYESHA RAHMAN\murf-livekit-starter\backend\.venv\Lib\site-packages\livekit\agents\voice\agent_activity.py", line 1162, in _on_metrics_collected
    self._session.emit("metrics_collected", MetricsCollectedEvent(metrics=ev))
  File "C:\Users\AYESHA RAHMAN\murf-livekit-starter\backend\.venv\Lib\site-packages\livekit\agents\voice\agent_session.py", line 428, in emit
    super().emit(event, arg)
  File "C:\Users\AYESHA RAHMAN\murf-livekit-starter\backend\.venv\Lib\site-packages\livekit\rtc\event_emitter.py", line 58, in emit
    callback(*callback_args)
  File "C:\Users\AYESHA RAHMAN\murf-livekit-starter\backend\src\agent.py", line 477, in on_metrics_collected
    logger.info(
  File "C:\Users\AYESHA RAHMAN\murf-livekit-starter\backend\.uv-python\cpython-3.13-windows-x86_64-none\Lib\logging\__init__.py", line 1520, in info
    self._log(INFO, msg, args, **kwargs)
  File "C:\Users\AYESHA RAHMAN\murf-livekit-starter\backend\.uv-python\cpython-3.13-windows-x86_64-none\Lib\logging\__init__.py", line 1665, in _log
    self.handle(record)
  File "C:\Users\AYESHA RAHMAN\murf-livekit-starter\backend\.uv-python\cpython-3.13-windows-x86_64-none\Lib\logging\__init__.py", line 1681, in handle
    self.callHandlers(record)
  File "C:\Users\AYESHA RAHMAN\murf-livekit-starter\backend\.uv-python\cpython-3.13-windows-x86_64-none\Lib\logging\__init__.py", line 1737, in callHandlers
    hdlr.handle(record)
  File "C:\Users\AYESHA RAHMAN\murf-livekit-starter\backend\.uv-python\cpython-3.13-windows-x86_64-none\Lib\logging\__init__.py", line 1027, in handle
    self.emit(record)
  File "C:\Users\AYESHA RAHMAN\murf-livekit-starter\backend\.venv\Lib\site-packages\livekit\agents\cli\cli.py", line 957, in emit
    self.handleError(record)
Message: '[DEBUG-%s] metrics=%s'
Arguments: ('STT', STTMetrics(type='stt_metrics', label='livekit.plugins.deepgram.stt.STT', request_id='01a00183-59f7-7ad3-8d42-92bf10e19690', timestamp=1786731835.5190847, duration=0.0, audio_duration=4.99999999999999, streamed=True, metadata=Metadata(model_name='nova-3', model_provider='Deepgram')))
--- Logging error ---
Traceback (most recent call last):
  File "C:\Users\AYESHA RAHMAN\murf-livekit-starter\backend\.venv\Lib\site-packages\livekit\agents\cli\cli.py", line 944, in emit
    self.c.console.print(output)
    ~~~~~~~~~~~~~~~~~~~~^^^^^^^^
  File "C:\Users\AYESHA RAHMAN\murf-livekit-starter\backend\.venv\Lib\site-packages\rich\console.py", line 1697, in print
    with self:
         ^^^^
  File "C:\Users\AYESHA RAHMAN\murf-livekit-starter\backend\.venv\Lib\site-packages\rich\console.py", line 870, in __exit__
    self._exit_buffer()
    ~~~~~~~~~~~~~~~~~^^
  File "C:\Users\AYESHA RAHMAN\murf-livekit-starter\backend\.venv\Lib\site-packages\rich\console.py", line 826, in _exit_buffer
    self._check_buffer()
    ~~~~~~~~~~~~~~~~~~^^
  File "C:\Users\AYESHA RAHMAN\murf-livekit-starter\backend\.venv\Lib\site-packages\rich\console.py", line 2042, in _check_buffer
    self._write_buffer()
    ~~~~~~~~~~~~~~~~~~^^
  File "C:\Users\AYESHA RAHMAN\murf-livekit-starter\backend\.venv\Lib\site-packages\rich\console.py", line 2078, in _write_buffer
    legacy_windows_render(buffer, LegacyWindowsTerm(self.file))
    ~~~~~~~~~~~~~~~~~~~~~^^^^^^^^^^^^^^^^^^^^^^^^^^^^^^^^^^^^^^
  File "C:\Users\AYESHA RAHMAN\murf-livekit-starter\backend\.venv\Lib\site-packages\rich\_windows_renderer.py", line 17, in legacy_windows_render
    term.write_styled(text, style)
    ~~~~~~~~~~~~~~~~~^^^^^^^^^^^^^
  File "C:\Users\AYESHA RAHMAN\murf-livekit-starter\backend\.venv\Lib\site-packages\rich\_win32_console.py", line 441, in write_styled
    self.write_text(text)
    ~~~~~~~~~~~~~~~^^^^^^
  File "C:\Users\AYESHA RAHMAN\murf-livekit-starter\backend\.venv\Lib\site-packages\rich\_win32_console.py", line 402, in write_text
    self.write(text)
    ~~~~~~~~~~^^^^^^
  File "C:\Users\AYESHA RAHMAN\murf-livekit-starter\backend\.uv-python\cpython-3.13-windows-x86_64-none\Lib\encodings\cp1252.py", line 19, in encode
    return codecs.charmap_encode(input,self.errors,encoding_table)[0]
           ~~~~~~~~~~~~~~~~~~~~~^^^^^^^^^^^^^^^^^^^^^^^^^^^^^^^^^^
UnicodeEncodeError: 'charmap' codec can't encode character '\u20b9' in position 52: character maps to <undefined>
Call stack:
  File "C:\Users\AYESHA RAHMAN\murf-livekit-starter\backend\.uv-python\cpython-3.13-windows-x86_64-none\Lib\threading.py", line 1015, in _bootstrap
    self._bootstrap_inner()
  File "C:\Users\AYESHA RAHMAN\murf-livekit-starter\backend\.uv-python\cpython-3.13-windows-x86_64-none\Lib\threading.py", line 1044, in _bootstrap_inner
    self.run()
  File "C:\Users\AYESHA RAHMAN\murf-livekit-starter\backend\.uv-python\cpython-3.13-windows-x86_64-none\Lib\threading.py", line 995, in run
    self._target(*self._args, **self._kwargs)
  File "C:\Users\AYESHA RAHMAN\murf-livekit-starter\backend\.venv\Lib\site-packages\livekit\agents\ipc\job_proc_lazy_main.py", line 418, in thread_main
    client.run()
  File "C:\Users\AYESHA RAHMAN\murf-livekit-starter\backend\.venv\Lib\site-packages\livekit\agents\ipc\proc_client.py", line 70, in run
    loop.run_until_complete(self._task)
  File "C:\Users\AYESHA RAHMAN\murf-livekit-starter\backend\.uv-python\cpython-3.13-windows-x86_64-none\Lib\asyncio\base_events.py", line 712, in run_until_complete
    self.run_forever()
  File "C:\Users\AYESHA RAHMAN\murf-livekit-starter\backend\.uv-python\cpython-3.13-windows-x86_64-none\Lib\asyncio\base_events.py", line 683, in run_forever
    self._run_once()
  File "C:\Users\AYESHA RAHMAN\murf-livekit-starter\backend\.uv-python\cpython-3.13-windows-x86_64-none\Lib\asyncio\base_events.py", line 2060, in _run_once
    handle._run()
  File "C:\Users\AYESHA RAHMAN\murf-livekit-starter\backend\.uv-python\cpython-3.13-windows-x86_64-none\Lib\asyncio\events.py", line 89, in _run
    self._context.run(self._callback, *self._args)
  File "C:\Users\AYESHA RAHMAN\murf-livekit-starter\backend\.venv\Lib\site-packages\livekit\agents\tts\stream_pacer.py", line 149, in _send_task
    logger.debug(
  File "C:\Users\AYESHA RAHMAN\murf-livekit-starter\backend\.uv-python\cpython-3.13-windows-x86_64-none\Lib\logging\__init__.py", line 1508, in debug
    self._log(DEBUG, msg, args, **kwargs)
  File "C:\Users\AYESHA RAHMAN\murf-livekit-starter\backend\.uv-python\cpython-3.13-windows-x86_64-none\Lib\logging\__init__.py", line 1665, in _log
    self.handle(record)
  File "C:\Users\AYESHA RAHMAN\murf-livekit-starter\backend\.uv-python\cpython-3.13-windows-x86_64-none\Lib\logging\__init__.py", line 1681, in handle
    self.callHandlers(record)
  File "C:\Users\AYESHA RAHMAN\murf-livekit-starter\backend\.uv-python\cpython-3.13-windows-x86_64-none\Lib\logging\__init__.py", line 1737, in callHandlers
    hdlr.handle(record)
  File "C:\Users\AYESHA RAHMAN\murf-livekit-starter\backend\.uv-python\cpython-3.13-windows-x86_64-none\Lib\logging\__init__.py", line 1027, in handle
    self.emit(record)
  File "C:\Users\AYESHA RAHMAN\murf-livekit-starter\backend\.venv\Lib\site-packages\livekit\agents\cli\cli.py", line 957, in emit
    self.handleError(record)
Message: 'sent text to tts'
Arguments: ()
--- Logging error ---
Traceback (most recent call last):
  File "C:\Users\AYESHA RAHMAN\murf-livekit-starter\backend\.venv\Lib\site-packages\livekit\agents\cli\cli.py", line 944, in emit
    self.c.console.print(output)
    ~~~~~~~~~~~~~~~~~~~~^^^^^^^^
  File "C:\Users\AYESHA RAHMAN\murf-livekit-starter\backend\.venv\Lib\site-packages\rich\console.py", line 1697, in print
    with self:
         ^^^^
  File "C:\Users\AYESHA RAHMAN\murf-livekit-starter\backend\.venv\Lib\site-packages\rich\console.py", line 870, in __exit__
    self._exit_buffer()
    ~~~~~~~~~~~~~~~~~^^
  File "C:\Users\AYESHA RAHMAN\murf-livekit-starter\backend\.venv\Lib\site-packages\rich\console.py", line 826, in _exit_buffer
    self._check_buffer()
    ~~~~~~~~~~~~~~~~~~^^
  File "C:\Users\AYESHA RAHMAN\murf-livekit-starter\backend\.venv\Lib\site-packages\rich\console.py", line 2042, in _check_buffer
    self._write_buffer()
    ~~~~~~~~~~~~~~~~~~^^
  File "C:\Users\AYESHA RAHMAN\murf-livekit-starter\backend\.venv\Lib\site-packages\rich\console.py", line 2078, in _write_buffer
    legacy_windows_render(buffer, LegacyWindowsTerm(self.file))
    ~~~~~~~~~~~~~~~~~~~~~^^^^^^^^^^^^^^^^^^^^^^^^^^^^^^^^^^^^^^
  File "C:\Users\AYESHA RAHMAN\murf-livekit-starter\backend\.venv\Lib\site-packages\rich\_windows_renderer.py", line 17, in legacy_windows_render
    term.write_styled(text, style)
    ~~~~~~~~~~~~~~~~~^^^^^^^^^^^^^
  File "C:\Users\AYESHA RAHMAN\murf-livekit-starter\backend\.venv\Lib\site-packages\rich\_win32_console.py", line 441, in write_styled
    self.write_text(text)
    ~~~~~~~~~~~~~~~^^^^^^
  File "C:\Users\AYESHA RAHMAN\murf-livekit-starter\backend\.venv\Lib\site-packages\rich\_win32_console.py", line 402, in write_text
    self.write(text)
    ~~~~~~~~~~^^^^^^
  File "C:\Users\AYESHA RAHMAN\murf-livekit-starter\backend\.uv-python\cpython-3.13-windows-x86_64-none\Lib\encodings\cp1252.py", line 19, in encode
    return codecs.charmap_encode(input,self.errors,encoding_table)[0]
           ~~~~~~~~~~~~~~~~~~~~~^^^^^^^^^^^^^^^^^^^^^^^^^^^^^^^^^^
UnicodeEncodeError: 'charmap' codec can't encode character '\u20b9' in position 52: character maps to <undefined>
Call stack:
  File "C:\Users\AYESHA RAHMAN\murf-livekit-starter\backend\.uv-python\cpython-3.13-windows-x86_64-none\Lib\threading.py", line 1015, in _bootstrap
    self._bootstrap_inner()
  File "C:\Users\AYESHA RAHMAN\murf-livekit-starter\backend\.uv-python\cpython-3.13-windows-x86_64-none\Lib\threading.py", line 1044, in _bootstrap_inner
    self.run()
  File "C:\Users\AYESHA RAHMAN\murf-livekit-starter\backend\.uv-python\cpython-3.13-windows-x86_64-none\Lib\threading.py", line 995, in run
    self._target(*self._args, **self._kwargs)
  File "C:\Users\AYESHA RAHMAN\murf-livekit-starter\backend\.venv\Lib\site-packages\livekit\agents\ipc\job_proc_lazy_main.py", line 418, in thread_main
    client.run()
  File "C:\Users\AYESHA RAHMAN\murf-livekit-starter\backend\.venv\Lib\site-packages\livekit\agents\ipc\proc_client.py", line 70, in run
    loop.run_until_complete(self._task)
  File "C:\Users\AYESHA RAHMAN\murf-livekit-starter\backend\.uv-python\cpython-3.13-windows-x86_64-none\Lib\asyncio\base_events.py", line 712, in run_until_complete
    self.run_forever()
  File "C:\Users\AYESHA RAHMAN\murf-livekit-starter\backend\.uv-python\cpython-3.13-windows-x86_64-none\Lib\asyncio\base_events.py", line 683, in run_forever
    self._run_once()
  File "C:\Users\AYESHA RAHMAN\murf-livekit-starter\backend\.uv-python\cpython-3.13-windows-x86_64-none\Lib\asyncio\base_events.py", line 2060, in _run_once
    handle._run()
  File "C:\Users\AYESHA RAHMAN\murf-livekit-starter\backend\.uv-python\cpython-3.13-windows-x86_64-none\Lib\asyncio\events.py", line 89, in _run
    self._context.run(self._callback, *self._args)
  File "C:\Users\AYESHA RAHMAN\murf-livekit-starter\backend\.venv\Lib\site-packages\livekit\plugins\murf\tts.py", line 351, in _sentence_stream_task
    logger.info(
  File "C:\Users\AYESHA RAHMAN\murf-livekit-starter\backend\.uv-python\cpython-3.13-windows-x86_64-none\Lib\logging\__init__.py", line 1520, in info
    self._log(INFO, msg, args, **kwargs)
  File "C:\Users\AYESHA RAHMAN\murf-livekit-starter\backend\.uv-python\cpython-3.13-windows-x86_64-none\Lib\logging\__init__.py", line 1665, in _log
    self.handle(record)
  File "C:\Users\AYESHA RAHMAN\murf-livekit-starter\backend\.uv-python\cpython-3.13-windows-x86_64-none\Lib\logging\__init__.py", line 1681, in handle
    self.callHandlers(record)
  File "C:\Users\AYESHA RAHMAN\murf-livekit-starter\backend\.uv-python\cpython-3.13-windows-x86_64-none\Lib\logging\__init__.py", line 1737, in callHandlers
    hdlr.handle(record)
  File "C:\Users\AYESHA RAHMAN\murf-livekit-starter\backend\.uv-python\cpython-3.13-windows-x86_64-none\Lib\logging\__init__.py", line 1027, in handle
    self.emit(record)
  File "C:\Users\AYESHA RAHMAN\murf-livekit-starter\backend\.venv\Lib\site-packages\livekit\agents\cli\cli.py", line 957, in emit
    self.handleError(record)
Message: '[Murf TTS] Stream started - context_id=%s, voice=%s, style=%s, locale=%s, min_buffer_size=%d, max_buffer_delay_in_ms=%d, endpoint=%s'
Arguments: ('5b8e0c50050a', 'Samar', 'Conversation', None, 3, 0, 'https://global.api.murf.ai')
--- Logging error ---
Traceback (most recent call last):
  File "C:\Users\AYESHA RAHMAN\murf-livekit-starter\backend\.venv\Lib\site-packages\livekit\agents\cli\cli.py", line 944, in emit
    self.c.console.print(output)
    ~~~~~~~~~~~~~~~~~~~~^^^^^^^^
  File "C:\Users\AYESHA RAHMAN\murf-livekit-starter\backend\.venv\Lib\site-packages\rich\console.py", line 1697, in print
    with self:
         ^^^^
  File "C:\Users\AYESHA RAHMAN\murf-livekit-starter\backend\.venv\Lib\site-packages\rich\console.py", line 870, in __exit__
    self._exit_buffer()
    ~~~~~~~~~~~~~~~~~^^
  File "C:\Users\AYESHA RAHMAN\murf-livekit-starter\backend\.venv\Lib\site-packages\rich\console.py", line 826, in _exit_buffer
    self._check_buffer()
    ~~~~~~~~~~~~~~~~~~^^
  File "C:\Users\AYESHA RAHMAN\murf-livekit-starter\backend\.venv\Lib\site-packages\rich\console.py", line 2042, in _check_buffer
    self._write_buffer()
    ~~~~~~~~~~~~~~~~~~^^
  File "C:\Users\AYESHA RAHMAN\murf-livekit-starter\backend\.venv\Lib\site-packages\rich\console.py", line 2078, in _write_buffer
    legacy_windows_render(buffer, LegacyWindowsTerm(self.file))
    ~~~~~~~~~~~~~~~~~~~~~^^^^^^^^^^^^^^^^^^^^^^^^^^^^^^^^^^^^^^
  File "C:\Users\AYESHA RAHMAN\murf-livekit-starter\backend\.venv\Lib\site-packages\rich\_windows_renderer.py", line 17, in legacy_windows_render
    term.write_styled(text, style)
    ~~~~~~~~~~~~~~~~~^^^^^^^^^^^^^
  File "C:\Users\AYESHA RAHMAN\murf-livekit-starter\backend\.venv\Lib\site-packages\rich\_win32_console.py", line 441, in write_styled
    self.write_text(text)
    ~~~~~~~~~~~~~~~^^^^^^
  File "C:\Users\AYESHA RAHMAN\murf-livekit-starter\backend\.venv\Lib\site-packages\rich\_win32_console.py", line 402, in write_text
    self.write(text)
    ~~~~~~~~~~^^^^^^
  File "C:\Users\AYESHA RAHMAN\murf-livekit-starter\backend\.uv-python\cpython-3.13-windows-x86_64-none\Lib\encodings\cp1252.py", line 19, in encode
    return codecs.charmap_encode(input,self.errors,encoding_table)[0]
           ~~~~~~~~~~~~~~~~~~~~~^^^^^^^^^^^^^^^^^^^^^^^^^^^^^^^^^^
UnicodeEncodeError: 'charmap' codec can't encode character '\u20b9' in position 52: character maps to <undefined>
Call stack:
  File "C:\Users\AYESHA RAHMAN\murf-livekit-starter\backend\.uv-python\cpython-3.13-windows-x86_64-none\Lib\threading.py", line 1015, in _bootstrap
    self._bootstrap_inner()
  File "C:\Users\AYESHA RAHMAN\murf-livekit-starter\backend\.uv-python\cpython-3.13-windows-x86_64-none\Lib\threading.py", line 1044, in _bootstrap_inner
    self.run()
  File "C:\Users\AYESHA RAHMAN\murf-livekit-starter\backend\.uv-python\cpython-3.13-windows-x86_64-none\Lib\threading.py", line 995, in run
    self._target(*self._args, **self._kwargs)
  File "C:\Users\AYESHA RAHMAN\murf-livekit-starter\backend\.venv\Lib\site-packages\livekit\agents\ipc\job_proc_lazy_main.py", line 418, in thread_main
    client.run()
  File "C:\Users\AYESHA RAHMAN\murf-livekit-starter\backend\.venv\Lib\site-packages\livekit\agents\ipc\proc_client.py", line 70, in run
    loop.run_until_complete(self._task)
  File "C:\Users\AYESHA RAHMAN\murf-livekit-starter\backend\.uv-python\cpython-3.13-windows-x86_64-none\Lib\asyncio\base_events.py", line 712, in run_until_complete
    self.run_forever()
  File "C:\Users\AYESHA RAHMAN\murf-livekit-starter\backend\.uv-python\cpython-3.13-windows-x86_64-none\Lib\asyncio\base_events.py", line 683, in run_forever
    self._run_once()
  File "C:\Users\AYESHA RAHMAN\murf-livekit-starter\backend\.uv-python\cpython-3.13-windows-x86_64-none\Lib\asyncio\base_events.py", line 2060, in _run_once
    handle._run()
  File "C:\Users\AYESHA RAHMAN\murf-livekit-starter\backend\.uv-python\cpython-3.13-windows-x86_64-none\Lib\asyncio\events.py", line 89, in _run
    self._context.run(self._callback, *self._args)
  File "C:\Users\AYESHA RAHMAN\murf-livekit-starter\backend\.venv\Lib\site-packages\livekit\plugins\murf\tts.py", line 412, in _recv_task
    logger.info("[Murf TTS] Murf TTFB (first sentence to first audio): %.2f ms", ttfb_ms)
  File "C:\Users\AYESHA RAHMAN\murf-livekit-starter\backend\.uv-python\cpython-3.13-windows-x86_64-none\Lib\logging\__init__.py", line 1520, in info
    self._log(INFO, msg, args, **kwargs)
  File "C:\Users\AYESHA RAHMAN\murf-livekit-starter\backend\.uv-python\cpython-3.13-windows-x86_64-none\Lib\logging\__init__.py", line 1665, in _log
    self.handle(record)
  File "C:\Users\AYESHA RAHMAN\murf-livekit-starter\backend\.uv-python\cpython-3.13-windows-x86_64-none\Lib\logging\__init__.py", line 1681, in handle
    self.callHandlers(record)
  File "C:\Users\AYESHA RAHMAN\murf-livekit-starter\backend\.uv-python\cpython-3.13-windows-x86_64-none\Lib\logging\__init__.py", line 1737, in callHandlers
    hdlr.handle(record)
  File "C:\Users\AYESHA RAHMAN\murf-livekit-starter\backend\.uv-python\cpython-3.13-windows-x86_64-none\Lib\logging\__init__.py", line 1027, in handle
    self.emit(record)
  File "C:\Users\AYESHA RAHMAN\murf-livekit-starter\backend\.venv\Lib\site-packages\livekit\agents\cli\cli.py", line 957, in emit
    self.handleError(record)
Message: '[Murf TTS] Murf TTFB (first sentence to first audio): %.2f ms'
Arguments: (145.7308999997622,)
--- Logging error ---
Traceback (most recent call last):
  File "C:\Users\AYESHA RAHMAN\murf-livekit-starter\backend\.venv\Lib\site-packages\livekit\agents\cli\cli.py", line 944, in emit
    self.c.console.print(output)
    ~~~~~~~~~~~~~~~~~~~~^^^^^^^^
  File "C:\Users\AYESHA RAHMAN\murf-livekit-starter\backend\.venv\Lib\site-packages\rich\console.py", line 1697, in print
    with self:
         ^^^^
  File "C:\Users\AYESHA RAHMAN\murf-livekit-starter\backend\.venv\Lib\site-packages\rich\console.py", line 870, in __exit__
    self._exit_buffer()
    ~~~~~~~~~~~~~~~~~^^
  File "C:\Users\AYESHA RAHMAN\murf-livekit-starter\backend\.venv\Lib\site-packages\rich\console.py", line 826, in _exit_buffer
    self._check_buffer()
    ~~~~~~~~~~~~~~~~~~^^
  File "C:\Users\AYESHA RAHMAN\murf-livekit-starter\backend\.venv\Lib\site-packages\rich\console.py", line 2042, in _check_buffer
    self._write_buffer()
    ~~~~~~~~~~~~~~~~~~^^
  File "C:\Users\AYESHA RAHMAN\murf-livekit-starter\backend\.venv\Lib\site-packages\rich\console.py", line 2078, in _write_buffer
    legacy_windows_render(buffer, LegacyWindowsTerm(self.file))
    ~~~~~~~~~~~~~~~~~~~~~^^^^^^^^^^^^^^^^^^^^^^^^^^^^^^^^^^^^^^
  File "C:\Users\AYESHA RAHMAN\murf-livekit-starter\backend\.venv\Lib\site-packages\rich\_windows_renderer.py", line 17, in legacy_windows_render
    term.write_styled(text, style)
    ~~~~~~~~~~~~~~~~~^^^^^^^^^^^^^
  File "C:\Users\AYESHA RAHMAN\murf-livekit-starter\backend\.venv\Lib\site-packages\rich\_win32_console.py", line 441, in write_styled
    self.write_text(text)
    ~~~~~~~~~~~~~~~^^^^^^
  File "C:\Users\AYESHA RAHMAN\murf-livekit-starter\backend\.venv\Lib\site-packages\rich\_win32_console.py", line 402, in write_text
    self.write(text)
    ~~~~~~~~~~^^^^^^
  File "C:\Users\AYESHA RAHMAN\murf-livekit-starter\backend\.uv-python\cpython-3.13-windows-x86_64-none\Lib\encodings\cp1252.py", line 19, in encode
    return codecs.charmap_encode(input,self.errors,encoding_table)[0]
           ~~~~~~~~~~~~~~~~~~~~~^^^^^^^^^^^^^^^^^^^^^^^^^^^^^^^^^^
UnicodeEncodeError: 'charmap' codec can't encode character '\u20b9' in position 52: character maps to <undefined>
Call stack:
  File "C:\Users\AYESHA RAHMAN\murf-livekit-starter\backend\.uv-python\cpython-3.13-windows-x86_64-none\Lib\threading.py", line 1015, in _bootstrap
    self._bootstrap_inner()
  File "C:\Users\AYESHA RAHMAN\murf-livekit-starter\backend\.uv-python\cpython-3.13-windows-x86_64-none\Lib\threading.py", line 1044, in _bootstrap_inner
    self.run()
  File "C:\Users\AYESHA RAHMAN\murf-livekit-starter\backend\.uv-python\cpython-3.13-windows-x86_64-none\Lib\threading.py", line 995, in run
    self._target(*self._args, **self._kwargs)
  File "C:\Users\AYESHA RAHMAN\murf-livekit-starter\backend\.venv\Lib\site-packages\livekit\agents\ipc\job_proc_lazy_main.py", line 418, in thread_main
    client.run()
  File "C:\Users\AYESHA RAHMAN\murf-livekit-starter\backend\.venv\Lib\site-packages\livekit\agents\ipc\proc_client.py", line 70, in run
    loop.run_until_complete(self._task)
  File "C:\Users\AYESHA RAHMAN\murf-livekit-starter\backend\.uv-python\cpython-3.13-windows-x86_64-none\Lib\asyncio\base_events.py", line 712, in run_until_complete
    self.run_forever()
  File "C:\Users\AYESHA RAHMAN\murf-livekit-starter\backend\.uv-python\cpython-3.13-windows-x86_64-none\Lib\asyncio\base_events.py", line 683, in run_forever
    self._run_once()
  File "C:\Users\AYESHA RAHMAN\murf-livekit-starter\backend\.uv-python\cpython-3.13-windows-x86_64-none\Lib\asyncio\base_events.py", line 2060, in _run_once
    handle._run()
  File "C:\Users\AYESHA RAHMAN\murf-livekit-starter\backend\.uv-python\cpython-3.13-windows-x86_64-none\Lib\asyncio\events.py", line 89, in _run
    self._context.run(self._callback, *self._args)
  File "C:\Users\AYESHA RAHMAN\murf-livekit-starter\backend\.venv\Lib\site-packages\livekit\agents\utils\log.py", line 17, in async_fn_logs
    return await fn(*args, **kwargs)
  File "C:\Users\AYESHA RAHMAN\murf-livekit-starter\backend\.venv\Lib\site-packages\livekit\agents\llm\llm.py", line 348, in _metrics_monitor_task
    self._llm.emit("metrics_collected", metrics)
  File "C:\Users\AYESHA RAHMAN\murf-livekit-starter\backend\.venv\Lib\site-packages\livekit\rtc\event_emitter.py", line 58, in emit
    callback(*callback_args)
  File "C:\Users\AYESHA RAHMAN\murf-livekit-starter\backend\.venv\Lib\site-packages\livekit\agents\voice\agent_activity.py", line 1162, in _on_metrics_collected
    self._session.emit("metrics_collected", MetricsCollectedEvent(metrics=ev))
  File "C:\Users\AYESHA RAHMAN\murf-livekit-starter\backend\.venv\Lib\site-packages\livekit\agents\voice\agent_session.py", line 428, in emit
    super().emit(event, arg)
  File "C:\Users\AYESHA RAHMAN\murf-livekit-starter\backend\.venv\Lib\site-packages\livekit\rtc\event_emitter.py", line 58, in emit
    callback(*callback_args)
  File "C:\Users\AYESHA RAHMAN\murf-livekit-starter\backend\src\agent.py", line 477, in on_metrics_collected
    logger.info(
  File "C:\Users\AYESHA RAHMAN\murf-livekit-starter\backend\.uv-python\cpython-3.13-windows-x86_64-none\Lib\logging\__init__.py", line 1520, in info
    self._log(INFO, msg, args, **kwargs)
  File "C:\Users\AYESHA RAHMAN\murf-livekit-starter\backend\.uv-python\cpython-3.13-windows-x86_64-none\Lib\logging\__init__.py", line 1665, in _log
    self.handle(record)
  File "C:\Users\AYESHA RAHMAN\murf-livekit-starter\backend\.uv-python\cpython-3.13-windows-x86_64-none\Lib\logging\__init__.py", line 1681, in handle
    self.callHandlers(record)
  File "C:\Users\AYESHA RAHMAN\murf-livekit-starter\backend\.uv-python\cpython-3.13-windows-x86_64-none\Lib\logging\__init__.py", line 1737, in callHandlers
    hdlr.handle(record)
  File "C:\Users\AYESHA RAHMAN\murf-livekit-starter\backend\.uv-python\cpython-3.13-windows-x86_64-none\Lib\logging\__init__.py", line 1027, in handle
    self.emit(record)
  File "C:\Users\AYESHA RAHMAN\murf-livekit-starter\backend\.venv\Lib\site-packages\livekit\agents\cli\cli.py", line 957, in emit
    self.handleError(record)
Message: '[DEBUG-%s] metrics=%s'
Arguments: ('LLM', LLMMetrics(type='llm_metrics', label='livekit.plugins.google.llm.LLM', request_id='e05859e8a6df', timestamp=1786731836.6568284, duration=1.2081962999982352, ttft=0.7338111999997636, cancelled=False, completion_tokens=214, prompt_tokens=844, prompt_cached_tokens=0, total_tokens=1058, tokens_per_second=177.12353530656614, speech_id='speech_0ee721f11943', metadata=Metadata(model_name='gemini-3.5-flash-lite', model_provider='Gemini')))
--- Logging error ---
Traceback (most recent call last):
  File "C:\Users\AYESHA RAHMAN\murf-livekit-starter\backend\.venv\Lib\site-packages\livekit\agents\cli\cli.py", line 944, in emit
    self.c.console.print(output)
    ~~~~~~~~~~~~~~~~~~~~^^^^^^^^
  File "C:\Users\AYESHA RAHMAN\murf-livekit-starter\backend\.venv\Lib\site-packages\rich\console.py", line 1697, in print
    with self:
         ^^^^
  File "C:\Users\AYESHA RAHMAN\murf-livekit-starter\backend\.venv\Lib\site-packages\rich\console.py", line 870, in __exit__
    self._exit_buffer()
    ~~~~~~~~~~~~~~~~~^^
  File "C:\Users\AYESHA RAHMAN\murf-livekit-starter\backend\.venv\Lib\site-packages\rich\console.py", line 826, in _exit_buffer
    self._check_buffer()
    ~~~~~~~~~~~~~~~~~~^^
  File "C:\Users\AYESHA RAHMAN\murf-livekit-starter\backend\.venv\Lib\site-packages\rich\console.py", line 2042, in _check_buffer
    self._write_buffer()
    ~~~~~~~~~~~~~~~~~~^^
  File "C:\Users\AYESHA RAHMAN\murf-livekit-starter\backend\.venv\Lib\site-packages\rich\console.py", line 2078, in _write_buffer
    legacy_windows_render(buffer, LegacyWindowsTerm(self.file))
    ~~~~~~~~~~~~~~~~~~~~~^^^^^^^^^^^^^^^^^^^^^^^^^^^^^^^^^^^^^^
  File "C:\Users\AYESHA RAHMAN\murf-livekit-starter\backend\.venv\Lib\site-packages\rich\_windows_renderer.py", line 17, in legacy_windows_render
    term.write_styled(text, style)
    ~~~~~~~~~~~~~~~~~^^^^^^^^^^^^^
  File "C:\Users\AYESHA RAHMAN\murf-livekit-starter\backend\.venv\Lib\site-packages\rich\_win32_console.py", line 441, in write_styled
    self.write_text(text)
    ~~~~~~~~~~~~~~~^^^^^^
  File "C:\Users\AYESHA RAHMAN\murf-livekit-starter\backend\.venv\Lib\site-packages\rich\_win32_console.py", line 402, in write_text
    self.write(text)
    ~~~~~~~~~~^^^^^^
  File "C:\Users\AYESHA RAHMAN\murf-livekit-starter\backend\.uv-python\cpython-3.13-windows-x86_64-none\Lib\encodings\cp1252.py", line 19, in encode
    return codecs.charmap_encode(input,self.errors,encoding_table)[0]
           ~~~~~~~~~~~~~~~~~~~~~^^^^^^^^^^^^^^^^^^^^^^^^^^^^^^^^^^
UnicodeEncodeError: 'charmap' codec can't encode character '\u20b9' in position 52: character maps to <undefined>
Call stack:
  File "C:\Users\AYESHA RAHMAN\murf-livekit-starter\backend\.uv-python\cpython-3.13-windows-x86_64-none\Lib\threading.py", line 1015, in _bootstrap
    self._bootstrap_inner()
  File "C:\Users\AYESHA RAHMAN\murf-livekit-starter\backend\.uv-python\cpython-3.13-windows-x86_64-none\Lib\threading.py", line 1044, in _bootstrap_inner
    self.run()
  File "C:\Users\AYESHA RAHMAN\murf-livekit-starter\backend\.uv-python\cpython-3.13-windows-x86_64-none\Lib\threading.py", line 995, in run
    self._target(*self._args, **self._kwargs)
  File "C:\Users\AYESHA RAHMAN\murf-livekit-starter\backend\.venv\Lib\site-packages\livekit\agents\ipc\job_proc_lazy_main.py", line 418, in thread_main
    client.run()
  File "C:\Users\AYESHA RAHMAN\murf-livekit-starter\backend\.venv\Lib\site-packages\livekit\agents\ipc\proc_client.py", line 70, in run
    loop.run_until_complete(self._task)
  File "C:\Users\AYESHA RAHMAN\murf-livekit-starter\backend\.uv-python\cpython-3.13-windows-x86_64-none\Lib\asyncio\base_events.py", line 712, in run_until_complete
    self.run_forever()
  File "C:\Users\AYESHA RAHMAN\murf-livekit-starter\backend\.uv-python\cpython-3.13-windows-x86_64-none\Lib\asyncio\base_events.py", line 683, in run_forever
    self._run_once()
  File "C:\Users\AYESHA RAHMAN\murf-livekit-starter\backend\.uv-python\cpython-3.13-windows-x86_64-none\Lib\asyncio\base_events.py", line 2060, in _run_once
    handle._run()
  File "C:\Users\AYESHA RAHMAN\murf-livekit-starter\backend\.uv-python\cpython-3.13-windows-x86_64-none\Lib\asyncio\events.py", line 89, in _run
    self._context.run(self._callback, *self._args)
  File "C:\Users\AYESHA RAHMAN\murf-livekit-starter\backend\.venv\Lib\site-packages\livekit\agents\tts\stream_pacer.py", line 149, in _send_task
    logger.debug(
  File "C:\Users\AYESHA RAHMAN\murf-livekit-starter\backend\.uv-python\cpython-3.13-windows-x86_64-none\Lib\logging\__init__.py", line 1508, in debug
    self._log(DEBUG, msg, args, **kwargs)
  File "C:\Users\AYESHA RAHMAN\murf-livekit-starter\backend\.uv-python\cpython-3.13-windows-x86_64-none\Lib\logging\__init__.py", line 1665, in _log
    self.handle(record)
  File "C:\Users\AYESHA RAHMAN\murf-livekit-starter\backend\.uv-python\cpython-3.13-windows-x86_64-none\Lib\logging\__init__.py", line 1681, in handle
    self.callHandlers(record)
  File "C:\Users\AYESHA RAHMAN\murf-livekit-starter\backend\.uv-python\cpython-3.13-windows-x86_64-none\Lib\logging\__init__.py", line 1737, in callHandlers
    hdlr.handle(record)
  File "C:\Users\AYESHA RAHMAN\murf-livekit-starter\backend\.uv-python\cpython-3.13-windows-x86_64-none\Lib\logging\__init__.py", line 1027, in handle
    self.emit(record)
  File "C:\Users\AYESHA RAHMAN\murf-livekit-starter\backend\.venv\Lib\site-packages\livekit\agents\cli\cli.py", line 957, in emit
    self.handleError(record)
Message: 'sent text to tts'
Arguments: ()
--- Logging error ---
Traceback (most recent call last):
  File "C:\Users\AYESHA RAHMAN\murf-livekit-starter\backend\.venv\Lib\site-packages\livekit\agents\cli\cli.py", line 944, in emit
    self.c.console.print(output)
    ~~~~~~~~~~~~~~~~~~~~^^^^^^^^
  File "C:\Users\AYESHA RAHMAN\murf-livekit-starter\backend\.venv\Lib\site-packages\rich\console.py", line 1697, in print
    with self:
         ^^^^
  File "C:\Users\AYESHA RAHMAN\murf-livekit-starter\backend\.venv\Lib\site-packages\rich\console.py", line 870, in __exit__
    self._exit_buffer()
    ~~~~~~~~~~~~~~~~~^^
  File "C:\Users\AYESHA RAHMAN\murf-livekit-starter\backend\.venv\Lib\site-packages\rich\console.py", line 826, in _exit_buffer
    self._check_buffer()
    ~~~~~~~~~~~~~~~~~~^^
  File "C:\Users\AYESHA RAHMAN\murf-livekit-starter\backend\.venv\Lib\site-packages\rich\console.py", line 2042, in _check_buffer
    self._write_buffer()
    ~~~~~~~~~~~~~~~~~~^^
  File "C:\Users\AYESHA RAHMAN\murf-livekit-starter\backend\.venv\Lib\site-packages\rich\console.py", line 2078, in _write_buffer
    legacy_windows_render(buffer, LegacyWindowsTerm(self.file))
    ~~~~~~~~~~~~~~~~~~~~~^^^^^^^^^^^^^^^^^^^^^^^^^^^^^^^^^^^^^^
  File "C:\Users\AYESHA RAHMAN\murf-livekit-starter\backend\.venv\Lib\site-packages\rich\_windows_renderer.py", line 17, in legacy_windows_render
    term.write_styled(text, style)
    ~~~~~~~~~~~~~~~~~^^^^^^^^^^^^^
  File "C:\Users\AYESHA RAHMAN\murf-livekit-starter\backend\.venv\Lib\site-packages\rich\_win32_console.py", line 441, in write_styled
    self.write_text(text)
    ~~~~~~~~~~~~~~~^^^^^^
  File "C:\Users\AYESHA RAHMAN\murf-livekit-starter\backend\.venv\Lib\site-packages\rich\_win32_console.py", line 402, in write_text
    self.write(text)
    ~~~~~~~~~~^^^^^^
  File "C:\Users\AYESHA RAHMAN\murf-livekit-starter\backend\.uv-python\cpython-3.13-windows-x86_64-none\Lib\encodings\cp1252.py", line 19, in encode
    return codecs.charmap_encode(input,self.errors,encoding_table)[0]
           ~~~~~~~~~~~~~~~~~~~~~^^^^^^^^^^^^^^^^^^^^^^^^^^^^^^^^^^
UnicodeEncodeError: 'charmap' codec can't encode character '\u20b9' in position 52: character maps to <undefined>
Call stack:
  File "C:\Users\AYESHA RAHMAN\murf-livekit-starter\backend\.uv-python\cpython-3.13-windows-x86_64-none\Lib\threading.py", line 1015, in _bootstrap
    self._bootstrap_inner()
  File "C:\Users\AYESHA RAHMAN\murf-livekit-starter\backend\.uv-python\cpython-3.13-windows-x86_64-none\Lib\threading.py", line 1044, in _bootstrap_inner
    self.run()
  File "C:\Users\AYESHA RAHMAN\murf-livekit-starter\backend\.uv-python\cpython-3.13-windows-x86_64-none\Lib\threading.py", line 995, in run
    self._target(*self._args, **self._kwargs)
  File "C:\Users\AYESHA RAHMAN\murf-livekit-starter\backend\.venv\Lib\site-packages\livekit\agents\ipc\job_proc_lazy_main.py", line 418, in thread_main
    client.run()
  File "C:\Users\AYESHA RAHMAN\murf-livekit-starter\backend\.venv\Lib\site-packages\livekit\agents\ipc\proc_client.py", line 70, in run
    loop.run_until_complete(self._task)
  File "C:\Users\AYESHA RAHMAN\murf-livekit-starter\backend\.uv-python\cpython-3.13-windows-x86_64-none\Lib\asyncio\base_events.py", line 712, in run_until_complete
    self.run_forever()
  File "C:\Users\AYESHA RAHMAN\murf-livekit-starter\backend\.uv-python\cpython-3.13-windows-x86_64-none\Lib\asyncio\base_events.py", line 683, in run_forever
    self._run_once()
  File "C:\Users\AYESHA RAHMAN\murf-livekit-starter\backend\.uv-python\cpython-3.13-windows-x86_64-none\Lib\asyncio\base_events.py", line 2060, in _run_once
    handle._run()
  File "C:\Users\AYESHA RAHMAN\murf-livekit-starter\backend\.uv-python\cpython-3.13-windows-x86_64-none\Lib\asyncio\events.py", line 89, in _run
    self._context.run(self._callback, *self._args)
  File "C:\Users\AYESHA RAHMAN\murf-livekit-starter\backend\.venv\Lib\site-packages\livekit\agents\tts\stream_pacer.py", line 149, in _send_task
    logger.debug(
  File "C:\Users\AYESHA RAHMAN\murf-livekit-starter\backend\.uv-python\cpython-3.13-windows-x86_64-none\Lib\logging\__init__.py", line 1508, in debug
    self._log(DEBUG, msg, args, **kwargs)
  File "C:\Users\AYESHA RAHMAN\murf-livekit-starter\backend\.uv-python\cpython-3.13-windows-x86_64-none\Lib\logging\__init__.py", line 1665, in _log
    self.handle(record)
  File "C:\Users\AYESHA RAHMAN\murf-livekit-starter\backend\.uv-python\cpython-3.13-windows-x86_64-none\Lib\logging\__init__.py", line 1681, in handle
    self.callHandlers(record)
  File "C:\Users\AYESHA RAHMAN\murf-livekit-starter\backend\.uv-python\cpython-3.13-windows-x86_64-none\Lib\logging\__init__.py", line 1737, in callHandlers
    hdlr.handle(record)
  File "C:\Users\AYESHA RAHMAN\murf-livekit-starter\backend\.uv-python\cpython-3.13-windows-x86_64-none\Lib\logging\__init__.py", line 1027, in handle
    self.emit(record)
  File "C:\Users\AYESHA RAHMAN\murf-livekit-starter\backend\.venv\Lib\site-packages\livekit\agents\cli\cli.py", line 957, in emit
    self.handleError(record)
Message: 'sent text to tts'
Arguments: ()
--- Logging error ---
Traceback (most recent call last):
  File "C:\Users\AYESHA RAHMAN\murf-livekit-starter\backend\.venv\Lib\site-packages\livekit\agents\cli\cli.py", line 944, in emit
    self.c.console.print(output)
    ~~~~~~~~~~~~~~~~~~~~^^^^^^^^
  File "C:\Users\AYESHA RAHMAN\murf-livekit-starter\backend\.venv\Lib\site-packages\rich\console.py", line 1697, in print
    with self:
         ^^^^
  File "C:\Users\AYESHA RAHMAN\murf-livekit-starter\backend\.venv\Lib\site-packages\rich\console.py", line 870, in __exit__
    self._exit_buffer()
    ~~~~~~~~~~~~~~~~~^^
  File "C:\Users\AYESHA RAHMAN\murf-livekit-starter\backend\.venv\Lib\site-packages\rich\console.py", line 826, in _exit_buffer
    self._check_buffer()
    ~~~~~~~~~~~~~~~~~~^^
  File "C:\Users\AYESHA RAHMAN\murf-livekit-starter\backend\.venv\Lib\site-packages\rich\console.py", line 2042, in _check_buffer
    self._write_buffer()
    ~~~~~~~~~~~~~~~~~~^^
  File "C:\Users\AYESHA RAHMAN\murf-livekit-starter\backend\.venv\Lib\site-packages\rich\console.py", line 2078, in _write_buffer
    legacy_windows_render(buffer, LegacyWindowsTerm(self.file))
    ~~~~~~~~~~~~~~~~~~~~~^^^^^^^^^^^^^^^^^^^^^^^^^^^^^^^^^^^^^^
  File "C:\Users\AYESHA RAHMAN\murf-livekit-starter\backend\.venv\Lib\site-packages\rich\_windows_renderer.py", line 17, in legacy_windows_render
    term.write_styled(text, style)
    ~~~~~~~~~~~~~~~~~^^^^^^^^^^^^^
  File "C:\Users\AYESHA RAHMAN\murf-livekit-starter\backend\.venv\Lib\site-packages\rich\_win32_console.py", line 441, in write_styled
    self.write_text(text)
    ~~~~~~~~~~~~~~~^^^^^^
  File "C:\Users\AYESHA RAHMAN\murf-livekit-starter\backend\.venv\Lib\site-packages\rich\_win32_console.py", line 402, in write_text
    self.write(text)
    ~~~~~~~~~~^^^^^^
  File "C:\Users\AYESHA RAHMAN\murf-livekit-starter\backend\.uv-python\cpython-3.13-windows-x86_64-none\Lib\encodings\cp1252.py", line 19, in encode
    return codecs.charmap_encode(input,self.errors,encoding_table)[0]
           ~~~~~~~~~~~~~~~~~~~~~^^^^^^^^^^^^^^^^^^^^^^^^^^^^^^^^^^
UnicodeEncodeError: 'charmap' codec can't encode character '\u20b9' in position 52: character maps to <undefined>
Call stack:
  File "C:\Users\AYESHA RAHMAN\murf-livekit-starter\backend\.uv-python\cpython-3.13-windows-x86_64-none\Lib\threading.py", line 1015, in _bootstrap
    self._bootstrap_inner()
  File "C:\Users\AYESHA RAHMAN\murf-livekit-starter\backend\.uv-python\cpython-3.13-windows-x86_64-none\Lib\threading.py", line 1044, in _bootstrap_inner
    self.run()
  File "C:\Users\AYESHA RAHMAN\murf-livekit-starter\backend\.uv-python\cpython-3.13-windows-x86_64-none\Lib\threading.py", line 995, in run
    self._target(*self._args, **self._kwargs)
  File "C:\Users\AYESHA RAHMAN\murf-livekit-starter\backend\.venv\Lib\site-packages\livekit\agents\ipc\job_proc_lazy_main.py", line 418, in thread_main
    client.run()
  File "C:\Users\AYESHA RAHMAN\murf-livekit-starter\backend\.venv\Lib\site-packages\livekit\agents\ipc\proc_client.py", line 70, in run
    loop.run_until_complete(self._task)
  File "C:\Users\AYESHA RAHMAN\murf-livekit-starter\backend\.uv-python\cpython-3.13-windows-x86_64-none\Lib\asyncio\base_events.py", line 712, in run_until_complete
    self.run_forever()
  File "C:\Users\AYESHA RAHMAN\murf-livekit-starter\backend\.uv-python\cpython-3.13-windows-x86_64-none\Lib\asyncio\base_events.py", line 683, in run_forever
    self._run_once()
  File "C:\Users\AYESHA RAHMAN\murf-livekit-starter\backend\.uv-python\cpython-3.13-windows-x86_64-none\Lib\asyncio\base_events.py", line 2060, in _run_once
    handle._run()
  File "C:\Users\AYESHA RAHMAN\murf-livekit-starter\backend\.uv-python\cpython-3.13-windows-x86_64-none\Lib\asyncio\events.py", line 89, in _run
    self._context.run(self._callback, *self._args)
  File "C:\Users\AYESHA RAHMAN\murf-livekit-starter\backend\.venv\Lib\site-packages\livekit\agents\utils\log.py", line 17, in async_fn_logs
    return await fn(*args, **kwargs)
  File "C:\Users\AYESHA RAHMAN\murf-livekit-starter\backend\.venv\Lib\site-packages\livekit\agents\voice\audio_recognition.py", line 713, in _stt_task
    await self._on_stt_event(ev)
  File "C:\Users\AYESHA RAHMAN\murf-livekit-starter\backend\.venv\Lib\site-packages\livekit\agents\voice\audio_recognition.py", line 382, in _on_stt_event
    self._hooks.on_final_transcript(
  File "C:\Users\AYESHA RAHMAN\murf-livekit-starter\backend\.venv\Lib\site-packages\livekit\agents\voice\agent_activity.py", line 1387, in on_final_transcript
    self._session._user_input_transcribed(
  File "C:\Users\AYESHA RAHMAN\murf-livekit-starter\backend\.venv\Lib\site-packages\livekit\agents\voice\agent_session.py", line 1405, in _user_input_transcribed
    self.emit("user_input_transcribed", ev)
  File "C:\Users\AYESHA RAHMAN\murf-livekit-starter\backend\.venv\Lib\site-packages\livekit\agents\voice\agent_session.py", line 428, in emit
    super().emit(event, arg)
  File "C:\Users\AYESHA RAHMAN\murf-livekit-starter\backend\.venv\Lib\site-packages\livekit\rtc\event_emitter.py", line 58, in emit
    callback(*callback_args)
  File "C:\Users\AYESHA RAHMAN\murf-livekit-starter\backend\src\agent.py", line 459, in on_user_input_transcribed
    logger.info(
  File "C:\Users\AYESHA RAHMAN\murf-livekit-starter\backend\.uv-python\cpython-3.13-windows-x86_64-none\Lib\logging\__init__.py", line 1520, in info
    self._log(INFO, msg, args, **kwargs)
  File "C:\Users\AYESHA RAHMAN\murf-livekit-starter\backend\.uv-python\cpython-3.13-windows-x86_64-none\Lib\logging\__init__.py", line 1665, in _log
    self.handle(record)
  File "C:\Users\AYESHA RAHMAN\murf-livekit-starter\backend\.uv-python\cpython-3.13-windows-x86_64-none\Lib\logging\__init__.py", line 1681, in handle
    self.callHandlers(record)
  File "C:\Users\AYESHA RAHMAN\murf-livekit-starter\backend\.uv-python\cpython-3.13-windows-x86_64-none\Lib\logging\__init__.py", line 1737, in callHandlers
    hdlr.handle(record)
  File "C:\Users\AYESHA RAHMAN\murf-livekit-starter\backend\.uv-python\cpython-3.13-windows-x86_64-none\Lib\logging\__init__.py", line 1027, in handle
    self.emit(record)
  File "C:\Users\AYESHA RAHMAN\murf-livekit-starter\backend\.venv\Lib\site-packages\livekit\agents\cli\cli.py", line 957, in emit
    self.handleError(record)
Message: '[DEBUG-STT] final transcript=%r language=%s'
Arguments: ('And I spend a little bit on shopping.', 'en')
--- Logging error ---
Traceback (most recent call last):
  File "C:\Users\AYESHA RAHMAN\murf-livekit-starter\backend\.venv\Lib\site-packages\livekit\agents\cli\cli.py", line 944, in emit
    self.c.console.print(output)
    ~~~~~~~~~~~~~~~~~~~~^^^^^^^^
  File "C:\Users\AYESHA RAHMAN\murf-livekit-starter\backend\.venv\Lib\site-packages\rich\console.py", line 1697, in print
    with self:
         ^^^^
  File "C:\Users\AYESHA RAHMAN\murf-livekit-starter\backend\.venv\Lib\site-packages\rich\console.py", line 870, in __exit__
    self._exit_buffer()
    ~~~~~~~~~~~~~~~~~^^
  File "C:\Users\AYESHA RAHMAN\murf-livekit-starter\backend\.venv\Lib\site-packages\rich\console.py", line 826, in _exit_buffer
    self._check_buffer()
    ~~~~~~~~~~~~~~~~~~^^
  File "C:\Users\AYESHA RAHMAN\murf-livekit-starter\backend\.venv\Lib\site-packages\rich\console.py", line 2042, in _check_buffer
    self._write_buffer()
    ~~~~~~~~~~~~~~~~~~^^
  File "C:\Users\AYESHA RAHMAN\murf-livekit-starter\backend\.venv\Lib\site-packages\rich\console.py", line 2078, in _write_buffer
    legacy_windows_render(buffer, LegacyWindowsTerm(self.file))
    ~~~~~~~~~~~~~~~~~~~~~^^^^^^^^^^^^^^^^^^^^^^^^^^^^^^^^^^^^^^
  File "C:\Users\AYESHA RAHMAN\murf-livekit-starter\backend\.venv\Lib\site-packages\rich\_windows_renderer.py", line 17, in legacy_windows_render
    term.write_styled(text, style)
    ~~~~~~~~~~~~~~~~~^^^^^^^^^^^^^
  File "C:\Users\AYESHA RAHMAN\murf-livekit-starter\backend\.venv\Lib\site-packages\rich\_win32_console.py", line 441, in write_styled
    self.write_text(text)
    ~~~~~~~~~~~~~~~^^^^^^
  File "C:\Users\AYESHA RAHMAN\murf-livekit-starter\backend\.venv\Lib\site-packages\rich\_win32_console.py", line 402, in write_text
    self.write(text)
    ~~~~~~~~~~^^^^^^
  File "C:\Users\AYESHA RAHMAN\murf-livekit-starter\backend\.uv-python\cpython-3.13-windows-x86_64-none\Lib\encodings\cp1252.py", line 19, in encode
    return codecs.charmap_encode(input,self.errors,encoding_table)[0]
           ~~~~~~~~~~~~~~~~~~~~~^^^^^^^^^^^^^^^^^^^^^^^^^^^^^^^^^^
UnicodeEncodeError: 'charmap' codec can't encode character '\u20b9' in position 52: character maps to <undefined>
Call stack:
  File "C:\Users\AYESHA RAHMAN\murf-livekit-starter\backend\.uv-python\cpython-3.13-windows-x86_64-none\Lib\threading.py", line 1015, in _bootstrap
    self._bootstrap_inner()
  File "C:\Users\AYESHA RAHMAN\murf-livekit-starter\backend\.uv-python\cpython-3.13-windows-x86_64-none\Lib\threading.py", line 1044, in _bootstrap_inner
    self.run()
  File "C:\Users\AYESHA RAHMAN\murf-livekit-starter\backend\.uv-python\cpython-3.13-windows-x86_64-none\Lib\threading.py", line 995, in run
    self._target(*self._args, **self._kwargs)
  File "C:\Users\AYESHA RAHMAN\murf-livekit-starter\backend\.venv\Lib\site-packages\livekit\agents\ipc\job_proc_lazy_main.py", line 418, in thread_main
    client.run()
  File "C:\Users\AYESHA RAHMAN\murf-livekit-starter\backend\.venv\Lib\site-packages\livekit\agents\ipc\proc_client.py", line 70, in run
    loop.run_until_complete(self._task)
  File "C:\Users\AYESHA RAHMAN\murf-livekit-starter\backend\.uv-python\cpython-3.13-windows-x86_64-none\Lib\asyncio\base_events.py", line 712, in run_until_complete
    self.run_forever()
  File "C:\Users\AYESHA RAHMAN\murf-livekit-starter\backend\.uv-python\cpython-3.13-windows-x86_64-none\Lib\asyncio\base_events.py", line 683, in run_forever
    self._run_once()
  File "C:\Users\AYESHA RAHMAN\murf-livekit-starter\backend\.uv-python\cpython-3.13-windows-x86_64-none\Lib\asyncio\base_events.py", line 2060, in _run_once
    handle._run()
  File "C:\Users\AYESHA RAHMAN\murf-livekit-starter\backend\.uv-python\cpython-3.13-windows-x86_64-none\Lib\asyncio\events.py", line 89, in _run
    self._context.run(self._callback, *self._args)
  File "C:\Users\AYESHA RAHMAN\murf-livekit-starter\backend\.venv\Lib\site-packages\livekit\agents\utils\log.py", line 17, in async_fn_logs
    return await fn(*args, **kwargs)
  File "C:\Users\AYESHA RAHMAN\murf-livekit-starter\backend\.venv\Lib\site-packages\livekit\agents\voice\audio_recognition.py", line 713, in _stt_task
    await self._on_stt_event(ev)
  File "C:\Users\AYESHA RAHMAN\murf-livekit-starter\backend\.venv\Lib\site-packages\livekit\agents\voice\audio_recognition.py", line 391, in _on_stt_event
    logger.debug("received user transcript", extra=extra)
  File "C:\Users\AYESHA RAHMAN\murf-livekit-starter\backend\.uv-python\cpython-3.13-windows-x86_64-none\Lib\logging\__init__.py", line 1508, in debug
    self._log(DEBUG, msg, args, **kwargs)
  File "C:\Users\AYESHA RAHMAN\murf-livekit-starter\backend\.uv-python\cpython-3.13-windows-x86_64-none\Lib\logging\__init__.py", line 1665, in _log
    self.handle(record)
  File "C:\Users\AYESHA RAHMAN\murf-livekit-starter\backend\.uv-python\cpython-3.13-windows-x86_64-none\Lib\logging\__init__.py", line 1681, in handle
    self.callHandlers(record)
  File "C:\Users\AYESHA RAHMAN\murf-livekit-starter\backend\.uv-python\cpython-3.13-windows-x86_64-none\Lib\logging\__init__.py", line 1737, in callHandlers
    hdlr.handle(record)
  File "C:\Users\AYESHA RAHMAN\murf-livekit-starter\backend\.uv-python\cpython-3.13-windows-x86_64-none\Lib\logging\__init__.py", line 1027, in handle
    self.emit(record)
  File "C:\Users\AYESHA RAHMAN\murf-livekit-starter\backend\.venv\Lib\site-packages\livekit\agents\cli\cli.py", line 957, in emit
    self.handleError(record)
Message: 'received user transcript'
Arguments: ()
--- Logging error ---
Traceback (most recent call last):
  File "C:\Users\AYESHA RAHMAN\murf-livekit-starter\backend\.venv\Lib\site-packages\livekit\agents\cli\cli.py", line 944, in emit
    self.c.console.print(output)
    ~~~~~~~~~~~~~~~~~~~~^^^^^^^^
  File "C:\Users\AYESHA RAHMAN\murf-livekit-starter\backend\.venv\Lib\site-packages\rich\console.py", line 1697, in print
    with self:
         ^^^^
  File "C:\Users\AYESHA RAHMAN\murf-livekit-starter\backend\.venv\Lib\site-packages\rich\console.py", line 870, in __exit__
    self._exit_buffer()
    ~~~~~~~~~~~~~~~~~^^
  File "C:\Users\AYESHA RAHMAN\murf-livekit-starter\backend\.venv\Lib\site-packages\rich\console.py", line 826, in _exit_buffer
    self._check_buffer()
    ~~~~~~~~~~~~~~~~~~^^
  File "C:\Users\AYESHA RAHMAN\murf-livekit-starter\backend\.venv\Lib\site-packages\rich\console.py", line 2042, in _check_buffer
    self._write_buffer()
    ~~~~~~~~~~~~~~~~~~^^
  File "C:\Users\AYESHA RAHMAN\murf-livekit-starter\backend\.venv\Lib\site-packages\rich\console.py", line 2078, in _write_buffer
    legacy_windows_render(buffer, LegacyWindowsTerm(self.file))
    ~~~~~~~~~~~~~~~~~~~~~^^^^^^^^^^^^^^^^^^^^^^^^^^^^^^^^^^^^^^
  File "C:\Users\AYESHA RAHMAN\murf-livekit-starter\backend\.venv\Lib\site-packages\rich\_windows_renderer.py", line 17, in legacy_windows_render
    term.write_styled(text, style)
    ~~~~~~~~~~~~~~~~~^^^^^^^^^^^^^
  File "C:\Users\AYESHA RAHMAN\murf-livekit-starter\backend\.venv\Lib\site-packages\rich\_win32_console.py", line 441, in write_styled
    self.write_text(text)
    ~~~~~~~~~~~~~~~^^^^^^
  File "C:\Users\AYESHA RAHMAN\murf-livekit-starter\backend\.venv\Lib\site-packages\rich\_win32_console.py", line 402, in write_text
    self.write(text)
    ~~~~~~~~~~^^^^^^
  File "C:\Users\AYESHA RAHMAN\murf-livekit-starter\backend\.uv-python\cpython-3.13-windows-x86_64-none\Lib\encodings\cp1252.py", line 19, in encode
    return codecs.charmap_encode(input,self.errors,encoding_table)[0]
           ~~~~~~~~~~~~~~~~~~~~~^^^^^^^^^^^^^^^^^^^^^^^^^^^^^^^^^^
UnicodeEncodeError: 'charmap' codec can't encode character '\u20b9' in position 52: character maps to <undefined>
Call stack:
  File "C:\Users\AYESHA RAHMAN\murf-livekit-starter\backend\.uv-python\cpython-3.13-windows-x86_64-none\Lib\threading.py", line 1015, in _bootstrap
    self._bootstrap_inner()
  File "C:\Users\AYESHA RAHMAN\murf-livekit-starter\backend\.uv-python\cpython-3.13-windows-x86_64-none\Lib\threading.py", line 1044, in _bootstrap_inner
    self.run()
  File "C:\Users\AYESHA RAHMAN\murf-livekit-starter\backend\.uv-python\cpython-3.13-windows-x86_64-none\Lib\threading.py", line 995, in run
    self._target(*self._args, **self._kwargs)
  File "C:\Users\AYESHA RAHMAN\murf-livekit-starter\backend\.venv\Lib\site-packages\livekit\agents\ipc\job_proc_lazy_main.py", line 418, in thread_main
    client.run()
  File "C:\Users\AYESHA RAHMAN\murf-livekit-starter\backend\.venv\Lib\site-packages\livekit\agents\ipc\proc_client.py", line 70, in run
    loop.run_until_complete(self._task)
  File "C:\Users\AYESHA RAHMAN\murf-livekit-starter\backend\.uv-python\cpython-3.13-windows-x86_64-none\Lib\asyncio\base_events.py", line 712, in run_until_complete
    self.run_forever()
  File "C:\Users\AYESHA RAHMAN\murf-livekit-starter\backend\.uv-python\cpython-3.13-windows-x86_64-none\Lib\asyncio\base_events.py", line 683, in run_forever
    self._run_once()
  File "C:\Users\AYESHA RAHMAN\murf-livekit-starter\backend\.uv-python\cpython-3.13-windows-x86_64-none\Lib\asyncio\base_events.py", line 2060, in _run_once
    handle._run()
  File "C:\Users\AYESHA RAHMAN\murf-livekit-starter\backend\.uv-python\cpython-3.13-windows-x86_64-none\Lib\asyncio\events.py", line 89, in _run
    self._context.run(self._callback, *self._args)
  File "C:\Users\AYESHA RAHMAN\murf-livekit-starter\backend\.venv\Lib\site-packages\livekit\agents\tts\stream_pacer.py", line 149, in _send_task
    logger.debug(
  File "C:\Users\AYESHA RAHMAN\murf-livekit-starter\backend\.uv-python\cpython-3.13-windows-x86_64-none\Lib\logging\__init__.py", line 1508, in debug
    self._log(DEBUG, msg, args, **kwargs)
  File "C:\Users\AYESHA RAHMAN\murf-livekit-starter\backend\.uv-python\cpython-3.13-windows-x86_64-none\Lib\logging\__init__.py", line 1665, in _log
    self.handle(record)
  File "C:\Users\AYESHA RAHMAN\murf-livekit-starter\backend\.uv-python\cpython-3.13-windows-x86_64-none\Lib\logging\__init__.py", line 1681, in handle
    self.callHandlers(record)
  File "C:\Users\AYESHA RAHMAN\murf-livekit-starter\backend\.uv-python\cpython-3.13-windows-x86_64-none\Lib\logging\__init__.py", line 1737, in callHandlers
    hdlr.handle(record)
  File "C:\Users\AYESHA RAHMAN\murf-livekit-starter\backend\.uv-python\cpython-3.13-windows-x86_64-none\Lib\logging\__init__.py", line 1027, in handle
    self.emit(record)
  File "C:\Users\AYESHA RAHMAN\murf-livekit-starter\backend\.venv\Lib\site-packages\livekit\agents\cli\cli.py", line 957, in emit
    self.handleError(record)
Message: 'sent text to tts'
Arguments: ()
--- Logging error ---
Traceback (most recent call last):
  File "C:\Users\AYESHA RAHMAN\murf-livekit-starter\backend\.venv\Lib\site-packages\livekit\agents\cli\cli.py", line 944, in emit
    self.c.console.print(output)
    ~~~~~~~~~~~~~~~~~~~~^^^^^^^^
  File "C:\Users\AYESHA RAHMAN\murf-livekit-starter\backend\.venv\Lib\site-packages\rich\console.py", line 1697, in print
    with self:
         ^^^^
  File "C:\Users\AYESHA RAHMAN\murf-livekit-starter\backend\.venv\Lib\site-packages\rich\console.py", line 870, in __exit__
    self._exit_buffer()
    ~~~~~~~~~~~~~~~~~^^
  File "C:\Users\AYESHA RAHMAN\murf-livekit-starter\backend\.venv\Lib\site-packages\rich\console.py", line 826, in _exit_buffer
    self._check_buffer()
    ~~~~~~~~~~~~~~~~~~^^
  File "C:\Users\AYESHA RAHMAN\murf-livekit-starter\backend\.venv\Lib\site-packages\rich\console.py", line 2042, in _check_buffer
    self._write_buffer()
    ~~~~~~~~~~~~~~~~~~^^
  File "C:\Users\AYESHA RAHMAN\murf-livekit-starter\backend\.venv\Lib\site-packages\rich\console.py", line 2078, in _write_buffer
    legacy_windows_render(buffer, LegacyWindowsTerm(self.file))
    ~~~~~~~~~~~~~~~~~~~~~^^^^^^^^^^^^^^^^^^^^^^^^^^^^^^^^^^^^^^
  File "C:\Users\AYESHA RAHMAN\murf-livekit-starter\backend\.venv\Lib\site-packages\rich\_windows_renderer.py", line 17, in legacy_windows_render
    term.write_styled(text, style)
    ~~~~~~~~~~~~~~~~~^^^^^^^^^^^^^
  File "C:\Users\AYESHA RAHMAN\murf-livekit-starter\backend\.venv\Lib\site-packages\rich\_win32_console.py", line 441, in write_styled
    self.write_text(text)
    ~~~~~~~~~~~~~~~^^^^^^
  File "C:\Users\AYESHA RAHMAN\murf-livekit-starter\backend\.venv\Lib\site-packages\rich\_win32_console.py", line 402, in write_text
    self.write(text)
    ~~~~~~~~~~^^^^^^
  File "C:\Users\AYESHA RAHMAN\murf-livekit-starter\backend\.uv-python\cpython-3.13-windows-x86_64-none\Lib\encodings\cp1252.py", line 19, in encode
    return codecs.charmap_encode(input,self.errors,encoding_table)[0]
           ~~~~~~~~~~~~~~~~~~~~~^^^^^^^^^^^^^^^^^^^^^^^^^^^^^^^^^^
UnicodeEncodeError: 'charmap' codec can't encode character '\u20b9' in position 52: character maps to <undefined>
Call stack:
  File "C:\Users\AYESHA RAHMAN\murf-livekit-starter\backend\.uv-python\cpython-3.13-windows-x86_64-none\Lib\threading.py", line 1015, in _bootstrap
    self._bootstrap_inner()
  File "C:\Users\AYESHA RAHMAN\murf-livekit-starter\backend\.uv-python\cpython-3.13-windows-x86_64-none\Lib\threading.py", line 1044, in _bootstrap_inner
    self.run()
  File "C:\Users\AYESHA RAHMAN\murf-livekit-starter\backend\.uv-python\cpython-3.13-windows-x86_64-none\Lib\threading.py", line 995, in run
    self._target(*self._args, **self._kwargs)
  File "C:\Users\AYESHA RAHMAN\murf-livekit-starter\backend\.venv\Lib\site-packages\livekit\agents\ipc\job_proc_lazy_main.py", line 418, in thread_main
    client.run()
  File "C:\Users\AYESHA RAHMAN\murf-livekit-starter\backend\.venv\Lib\site-packages\livekit\agents\ipc\proc_client.py", line 70, in run
    loop.run_until_complete(self._task)
  File "C:\Users\AYESHA RAHMAN\murf-livekit-starter\backend\.uv-python\cpython-3.13-windows-x86_64-none\Lib\asyncio\base_events.py", line 712, in run_until_complete
    self.run_forever()
  File "C:\Users\AYESHA RAHMAN\murf-livekit-starter\backend\.uv-python\cpython-3.13-windows-x86_64-none\Lib\asyncio\base_events.py", line 683, in run_forever
    self._run_once()
  File "C:\Users\AYESHA RAHMAN\murf-livekit-starter\backend\.uv-python\cpython-3.13-windows-x86_64-none\Lib\asyncio\base_events.py", line 2060, in _run_once
    handle._run()
  File "C:\Users\AYESHA RAHMAN\murf-livekit-starter\backend\.uv-python\cpython-3.13-windows-x86_64-none\Lib\asyncio\events.py", line 89, in _run
    self._context.run(self._callback, *self._args)
  File "C:\Users\AYESHA RAHMAN\murf-livekit-starter\backend\.venv\Lib\site-packages\livekit\plugins\murf\tts.py", line 351, in _sentence_stream_task
    logger.info(
  File "C:\Users\AYESHA RAHMAN\murf-livekit-starter\backend\.uv-python\cpython-3.13-windows-x86_64-none\Lib\logging\__init__.py", line 1520, in info
    self._log(INFO, msg, args, **kwargs)
  File "C:\Users\AYESHA RAHMAN\murf-livekit-starter\backend\.uv-python\cpython-3.13-windows-x86_64-none\Lib\logging\__init__.py", line 1665, in _log
    self.handle(record)
  File "C:\Users\AYESHA RAHMAN\murf-livekit-starter\backend\.uv-python\cpython-3.13-windows-x86_64-none\Lib\logging\__init__.py", line 1681, in handle
    self.callHandlers(record)
  File "C:\Users\AYESHA RAHMAN\murf-livekit-starter\backend\.uv-python\cpython-3.13-windows-x86_64-none\Lib\logging\__init__.py", line 1737, in callHandlers
    hdlr.handle(record)
  File "C:\Users\AYESHA RAHMAN\murf-livekit-starter\backend\.uv-python\cpython-3.13-windows-x86_64-none\Lib\logging\__init__.py", line 1027, in handle
    self.emit(record)
  File "C:\Users\AYESHA RAHMAN\murf-livekit-starter\backend\.venv\Lib\site-packages\livekit\agents\cli\cli.py", line 957, in emit
    self.handleError(record)
Message: '[Murf TTS] Stream started - context_id=%s, voice=%s, style=%s, locale=%s, min_buffer_size=%d, max_buffer_delay_in_ms=%d, endpoint=%s'
Arguments: ('8229ba0f1b4e', 'Samar', 'Conversation', None, 3, 0, 'https://global.api.murf.ai')
--- Logging error ---
Traceback (most recent call last):
  File "C:\Users\AYESHA RAHMAN\murf-livekit-starter\backend\.venv\Lib\site-packages\livekit\agents\cli\cli.py", line 944, in emit
    self.c.console.print(output)
    ~~~~~~~~~~~~~~~~~~~~^^^^^^^^
  File "C:\Users\AYESHA RAHMAN\murf-livekit-starter\backend\.venv\Lib\site-packages\rich\console.py", line 1697, in print
    with self:
         ^^^^
  File "C:\Users\AYESHA RAHMAN\murf-livekit-starter\backend\.venv\Lib\site-packages\rich\console.py", line 870, in __exit__
    self._exit_buffer()
    ~~~~~~~~~~~~~~~~~^^
  File "C:\Users\AYESHA RAHMAN\murf-livekit-starter\backend\.venv\Lib\site-packages\rich\console.py", line 826, in _exit_buffer
    self._check_buffer()
    ~~~~~~~~~~~~~~~~~~^^
  File "C:\Users\AYESHA RAHMAN\murf-livekit-starter\backend\.venv\Lib\site-packages\rich\console.py", line 2042, in _check_buffer
    self._write_buffer()
    ~~~~~~~~~~~~~~~~~~^^
  File "C:\Users\AYESHA RAHMAN\murf-livekit-starter\backend\.venv\Lib\site-packages\rich\console.py", line 2078, in _write_buffer
    legacy_windows_render(buffer, LegacyWindowsTerm(self.file))
    ~~~~~~~~~~~~~~~~~~~~~^^^^^^^^^^^^^^^^^^^^^^^^^^^^^^^^^^^^^^
  File "C:\Users\AYESHA RAHMAN\murf-livekit-starter\backend\.venv\Lib\site-packages\rich\_windows_renderer.py", line 17, in legacy_windows_render
    term.write_styled(text, style)
    ~~~~~~~~~~~~~~~~~^^^^^^^^^^^^^
  File "C:\Users\AYESHA RAHMAN\murf-livekit-starter\backend\.venv\Lib\site-packages\rich\_win32_console.py", line 441, in write_styled
    self.write_text(text)
    ~~~~~~~~~~~~~~~^^^^^^
  File "C:\Users\AYESHA RAHMAN\murf-livekit-starter\backend\.venv\Lib\site-packages\rich\_win32_console.py", line 402, in write_text
    self.write(text)
    ~~~~~~~~~~^^^^^^
  File "C:\Users\AYESHA RAHMAN\murf-livekit-starter\backend\.uv-python\cpython-3.13-windows-x86_64-none\Lib\encodings\cp1252.py", line 19, in encode
    return codecs.charmap_encode(input,self.errors,encoding_table)[0]
           ~~~~~~~~~~~~~~~~~~~~~^^^^^^^^^^^^^^^^^^^^^^^^^^^^^^^^^^
UnicodeEncodeError: 'charmap' codec can't encode character '\u20b9' in position 52: character maps to <undefined>
Call stack:
  File "C:\Users\AYESHA RAHMAN\murf-livekit-starter\backend\.uv-python\cpython-3.13-windows-x86_64-none\Lib\threading.py", line 1015, in _bootstrap
    self._bootstrap_inner()
  File "C:\Users\AYESHA RAHMAN\murf-livekit-starter\backend\.uv-python\cpython-3.13-windows-x86_64-none\Lib\threading.py", line 1044, in _bootstrap_inner
    self.run()
  File "C:\Users\AYESHA RAHMAN\murf-livekit-starter\backend\.uv-python\cpython-3.13-windows-x86_64-none\Lib\threading.py", line 995, in run
    self._target(*self._args, **self._kwargs)
  File "C:\Users\AYESHA RAHMAN\murf-livekit-starter\backend\.venv\Lib\site-packages\livekit\agents\ipc\job_proc_lazy_main.py", line 418, in thread_main
    client.run()
  File "C:\Users\AYESHA RAHMAN\murf-livekit-starter\backend\.venv\Lib\site-packages\livekit\agents\ipc\proc_client.py", line 70, in run
    loop.run_until_complete(self._task)
  File "C:\Users\AYESHA RAHMAN\murf-livekit-starter\backend\.uv-python\cpython-3.13-windows-x86_64-none\Lib\asyncio\base_events.py", line 712, in run_until_complete
    self.run_forever()
  File "C:\Users\AYESHA RAHMAN\murf-livekit-starter\backend\.uv-python\cpython-3.13-windows-x86_64-none\Lib\asyncio\base_events.py", line 683, in run_forever
    self._run_once()
  File "C:\Users\AYESHA RAHMAN\murf-livekit-starter\backend\.uv-python\cpython-3.13-windows-x86_64-none\Lib\asyncio\base_events.py", line 2060, in _run_once
    handle._run()
  File "C:\Users\AYESHA RAHMAN\murf-livekit-starter\backend\.uv-python\cpython-3.13-windows-x86_64-none\Lib\asyncio\events.py", line 89, in _run
    self._context.run(self._callback, *self._args)
  File "C:\Users\AYESHA RAHMAN\murf-livekit-starter\backend\.venv\Lib\site-packages\livekit\plugins\murf\tts.py", line 412, in _recv_task
    logger.info("[Murf TTS] Murf TTFB (first sentence to first audio): %.2f ms", ttfb_ms)
  File "C:\Users\AYESHA RAHMAN\murf-livekit-starter\backend\.uv-python\cpython-3.13-windows-x86_64-none\Lib\logging\__init__.py", line 1520, in info
    self._log(INFO, msg, args, **kwargs)
  File "C:\Users\AYESHA RAHMAN\murf-livekit-starter\backend\.uv-python\cpython-3.13-windows-x86_64-none\Lib\logging\__init__.py", line 1665, in _log
    self.handle(record)
  File "C:\Users\AYESHA RAHMAN\murf-livekit-starter\backend\.uv-python\cpython-3.13-windows-x86_64-none\Lib\logging\__init__.py", line 1681, in handle
    self.callHandlers(record)
  File "C:\Users\AYESHA RAHMAN\murf-livekit-starter\backend\.uv-python\cpython-3.13-windows-x86_64-none\Lib\logging\__init__.py", line 1737, in callHandlers
    hdlr.handle(record)
  File "C:\Users\AYESHA RAHMAN\murf-livekit-starter\backend\.uv-python\cpython-3.13-windows-x86_64-none\Lib\logging\__init__.py", line 1027, in handle
    self.emit(record)
  File "C:\Users\AYESHA RAHMAN\murf-livekit-starter\backend\.venv\Lib\site-packages\livekit\agents\cli\cli.py", line 957, in emit
    self.handleError(record)
Message: '[Murf TTS] Murf TTFB (first sentence to first audio): %.2f ms'
Arguments: (164.76500000135275,)
--- Logging error ---
Traceback (most recent call last):
  File "C:\Users\AYESHA RAHMAN\murf-livekit-starter\backend\.venv\Lib\site-packages\livekit\agents\cli\cli.py", line 944, in emit
    self.c.console.print(output)
    ~~~~~~~~~~~~~~~~~~~~^^^^^^^^
  File "C:\Users\AYESHA RAHMAN\murf-livekit-starter\backend\.venv\Lib\site-packages\rich\console.py", line 1697, in print
    with self:
         ^^^^
  File "C:\Users\AYESHA RAHMAN\murf-livekit-starter\backend\.venv\Lib\site-packages\rich\console.py", line 870, in __exit__
    self._exit_buffer()
    ~~~~~~~~~~~~~~~~~^^
  File "C:\Users\AYESHA RAHMAN\murf-livekit-starter\backend\.venv\Lib\site-packages\rich\console.py", line 826, in _exit_buffer
    self._check_buffer()
    ~~~~~~~~~~~~~~~~~~^^
  File "C:\Users\AYESHA RAHMAN\murf-livekit-starter\backend\.venv\Lib\site-packages\rich\console.py", line 2042, in _check_buffer
    self._write_buffer()
    ~~~~~~~~~~~~~~~~~~^^
  File "C:\Users\AYESHA RAHMAN\murf-livekit-starter\backend\.venv\Lib\site-packages\rich\console.py", line 2078, in _write_buffer
    legacy_windows_render(buffer, LegacyWindowsTerm(self.file))
    ~~~~~~~~~~~~~~~~~~~~~^^^^^^^^^^^^^^^^^^^^^^^^^^^^^^^^^^^^^^
  File "C:\Users\AYESHA RAHMAN\murf-livekit-starter\backend\.venv\Lib\site-packages\rich\_windows_renderer.py", line 17, in legacy_windows_render
    term.write_styled(text, style)
    ~~~~~~~~~~~~~~~~~^^^^^^^^^^^^^
  File "C:\Users\AYESHA RAHMAN\murf-livekit-starter\backend\.venv\Lib\site-packages\rich\_win32_console.py", line 441, in write_styled
    self.write_text(text)
    ~~~~~~~~~~~~~~~^^^^^^
  File "C:\Users\AYESHA RAHMAN\murf-livekit-starter\backend\.venv\Lib\site-packages\rich\_win32_console.py", line 402, in write_text
    self.write(text)
    ~~~~~~~~~~^^^^^^
  File "C:\Users\AYESHA RAHMAN\murf-livekit-starter\backend\.uv-python\cpython-3.13-windows-x86_64-none\Lib\encodings\cp1252.py", line 19, in encode
    return codecs.charmap_encode(input,self.errors,encoding_table)[0]
           ~~~~~~~~~~~~~~~~~~~~~^^^^^^^^^^^^^^^^^^^^^^^^^^^^^^^^^^
UnicodeEncodeError: 'charmap' codec can't encode character '\u20b9' in position 52: character maps to <undefined>
Call stack:
  File "C:\Users\AYESHA RAHMAN\murf-livekit-starter\backend\.uv-python\cpython-3.13-windows-x86_64-none\Lib\threading.py", line 1015, in _bootstrap
    self._bootstrap_inner()
  File "C:\Users\AYESHA RAHMAN\murf-livekit-starter\backend\.uv-python\cpython-3.13-windows-x86_64-none\Lib\threading.py", line 1044, in _bootstrap_inner
    self.run()
  File "C:\Users\AYESHA RAHMAN\murf-livekit-starter\backend\.uv-python\cpython-3.13-windows-x86_64-none\Lib\threading.py", line 995, in run
    self._target(*self._args, **self._kwargs)
  File "C:\Users\AYESHA RAHMAN\murf-livekit-starter\backend\.venv\Lib\site-packages\livekit\agents\ipc\job_proc_lazy_main.py", line 418, in thread_main
    client.run()
  File "C:\Users\AYESHA RAHMAN\murf-livekit-starter\backend\.venv\Lib\site-packages\livekit\agents\ipc\proc_client.py", line 70, in run
    loop.run_until_complete(self._task)
  File "C:\Users\AYESHA RAHMAN\murf-livekit-starter\backend\.uv-python\cpython-3.13-windows-x86_64-none\Lib\asyncio\base_events.py", line 712, in run_until_complete
    self.run_forever()
  File "C:\Users\AYESHA RAHMAN\murf-livekit-starter\backend\.uv-python\cpython-3.13-windows-x86_64-none\Lib\asyncio\base_events.py", line 683, in run_forever
    self._run_once()
  File "C:\Users\AYESHA RAHMAN\murf-livekit-starter\backend\.uv-python\cpython-3.13-windows-x86_64-none\Lib\asyncio\base_events.py", line 2060, in _run_once
    handle._run()
  File "C:\Users\AYESHA RAHMAN\murf-livekit-starter\backend\.uv-python\cpython-3.13-windows-x86_64-none\Lib\asyncio\events.py", line 89, in _run
    self._context.run(self._callback, *self._args)
  File "C:\Users\AYESHA RAHMAN\murf-livekit-starter\backend\.venv\Lib\site-packages\livekit\agents\utils\log.py", line 17, in async_fn_logs
    return await fn(*args, **kwargs)
  File "C:\Users\AYESHA RAHMAN\murf-livekit-starter\backend\.venv\Lib\site-packages\livekit\agents\voice\audio_recognition.py", line 574, in _bounce_eou_task
    end_of_turn_probability = await turn_detector.predict_end_of_turn(
  File "C:\Users\AYESHA RAHMAN\murf-livekit-starter\backend\.venv\Lib\site-packages\livekit\plugins\turn_detector\multilingual.py", line 71, in predict_end_of_turn
    return await super().predict_end_of_turn(chat_ctx, timeout=timeout)
  File "C:\Users\AYESHA RAHMAN\murf-livekit-starter\backend\.venv\Lib\site-packages\livekit\plugins\turn_detector\base.py", line 289, in predict_end_of_turn
    logger.debug("eou prediction", extra=result_json)
  File "C:\Users\AYESHA RAHMAN\murf-livekit-starter\backend\.uv-python\cpython-3.13-windows-x86_64-none\Lib\logging\__init__.py", line 1508, in debug
    self._log(DEBUG, msg, args, **kwargs)
  File "C:\Users\AYESHA RAHMAN\murf-livekit-starter\backend\.uv-python\cpython-3.13-windows-x86_64-none\Lib\logging\__init__.py", line 1665, in _log
    self.handle(record)
  File "C:\Users\AYESHA RAHMAN\murf-livekit-starter\backend\.uv-python\cpython-3.13-windows-x86_64-none\Lib\logging\__init__.py", line 1681, in handle
    self.callHandlers(record)
  File "C:\Users\AYESHA RAHMAN\murf-livekit-starter\backend\.uv-python\cpython-3.13-windows-x86_64-none\Lib\logging\__init__.py", line 1737, in callHandlers
    hdlr.handle(record)
  File "C:\Users\AYESHA RAHMAN\murf-livekit-starter\backend\.uv-python\cpython-3.13-windows-x86_64-none\Lib\logging\__init__.py", line 1027, in handle
    self.emit(record)
  File "C:\Users\AYESHA RAHMAN\murf-livekit-starter\backend\.venv\Lib\site-packages\livekit\agents\cli\cli.py", line 957, in emit
    self.handleError(record)
Message: 'eou prediction'
Arguments: ()
--- Logging error ---
Traceback (most recent call last):
  File "C:\Users\AYESHA RAHMAN\murf-livekit-starter\backend\.venv\Lib\site-packages\livekit\agents\cli\cli.py", line 944, in emit
    self.c.console.print(output)
    ~~~~~~~~~~~~~~~~~~~~^^^^^^^^
  File "C:\Users\AYESHA RAHMAN\murf-livekit-starter\backend\.venv\Lib\site-packages\rich\console.py", line 1697, in print
    with self:
         ^^^^
  File "C:\Users\AYESHA RAHMAN\murf-livekit-starter\backend\.venv\Lib\site-packages\rich\console.py", line 870, in __exit__
    self._exit_buffer()
    ~~~~~~~~~~~~~~~~~^^
  File "C:\Users\AYESHA RAHMAN\murf-livekit-starter\backend\.venv\Lib\site-packages\rich\console.py", line 826, in _exit_buffer
    self._check_buffer()
    ~~~~~~~~~~~~~~~~~~^^
  File "C:\Users\AYESHA RAHMAN\murf-livekit-starter\backend\.venv\Lib\site-packages\rich\console.py", line 2042, in _check_buffer
    self._write_buffer()
    ~~~~~~~~~~~~~~~~~~^^
  File "C:\Users\AYESHA RAHMAN\murf-livekit-starter\backend\.venv\Lib\site-packages\rich\console.py", line 2078, in _write_buffer
    legacy_windows_render(buffer, LegacyWindowsTerm(self.file))
    ~~~~~~~~~~~~~~~~~~~~~^^^^^^^^^^^^^^^^^^^^^^^^^^^^^^^^^^^^^^
  File "C:\Users\AYESHA RAHMAN\murf-livekit-starter\backend\.venv\Lib\site-packages\rich\_windows_renderer.py", line 17, in legacy_windows_render
    term.write_styled(text, style)
    ~~~~~~~~~~~~~~~~~^^^^^^^^^^^^^
  File "C:\Users\AYESHA RAHMAN\murf-livekit-starter\backend\.venv\Lib\site-packages\rich\_win32_console.py", line 441, in write_styled
    self.write_text(text)
    ~~~~~~~~~~~~~~~^^^^^^
  File "C:\Users\AYESHA RAHMAN\murf-livekit-starter\backend\.venv\Lib\site-packages\rich\_win32_console.py", line 402, in write_text
    self.write(text)
    ~~~~~~~~~~^^^^^^
  File "C:\Users\AYESHA RAHMAN\murf-livekit-starter\backend\.uv-python\cpython-3.13-windows-x86_64-none\Lib\encodings\cp1252.py", line 19, in encode
    return codecs.charmap_encode(input,self.errors,encoding_table)[0]
           ~~~~~~~~~~~~~~~~~~~~~^^^^^^^^^^^^^^^^^^^^^^^^^^^^^^^^^^
UnicodeEncodeError: 'charmap' codec can't encode character '\u20b9' in position 52: character maps to <undefined>
Call stack:
  File "C:\Users\AYESHA RAHMAN\murf-livekit-starter\backend\.uv-python\cpython-3.13-windows-x86_64-none\Lib\threading.py", line 1015, in _bootstrap
    self._bootstrap_inner()
  File "C:\Users\AYESHA RAHMAN\murf-livekit-starter\backend\.uv-python\cpython-3.13-windows-x86_64-none\Lib\threading.py", line 1044, in _bootstrap_inner
    self.run()
  File "C:\Users\AYESHA RAHMAN\murf-livekit-starter\backend\.uv-python\cpython-3.13-windows-x86_64-none\Lib\threading.py", line 995, in run
    self._target(*self._args, **self._kwargs)
  File "C:\Users\AYESHA RAHMAN\murf-livekit-starter\backend\.venv\Lib\site-packages\livekit\agents\ipc\job_proc_lazy_main.py", line 418, in thread_main
    client.run()
  File "C:\Users\AYESHA RAHMAN\murf-livekit-starter\backend\.venv\Lib\site-packages\livekit\agents\ipc\proc_client.py", line 70, in run
    loop.run_until_complete(self._task)
  File "C:\Users\AYESHA RAHMAN\murf-livekit-starter\backend\.uv-python\cpython-3.13-windows-x86_64-none\Lib\asyncio\base_events.py", line 712, in run_until_complete
    self.run_forever()
  File "C:\Users\AYESHA RAHMAN\murf-livekit-starter\backend\.uv-python\cpython-3.13-windows-x86_64-none\Lib\asyncio\base_events.py", line 683, in run_forever
    self._run_once()
  File "C:\Users\AYESHA RAHMAN\murf-livekit-starter\backend\.uv-python\cpython-3.13-windows-x86_64-none\Lib\asyncio\base_events.py", line 2060, in _run_once
    handle._run()
  File "C:\Users\AYESHA RAHMAN\murf-livekit-starter\backend\.uv-python\cpython-3.13-windows-x86_64-none\Lib\asyncio\events.py", line 89, in _run
    self._context.run(self._callback, *self._args)
  File "C:\Users\AYESHA RAHMAN\murf-livekit-starter\backend\.venv\Lib\site-packages\livekit\agents\voice\agent_activity.py", line 434, in _context_aware_coro
    return await coro
  File "C:\Users\AYESHA RAHMAN\murf-livekit-starter\backend\.venv\Lib\site-packages\livekit\agents\utils\log.py", line 17, in async_fn_logs
    return await fn(*args, **kwargs)
  File "C:\Users\AYESHA RAHMAN\murf-livekit-starter\backend\.venv\Lib\site-packages\livekit\agents\voice\agent_activity.py", line 1635, in _user_turn_completed_task
    logger.debug(
  File "C:\Users\AYESHA RAHMAN\murf-livekit-starter\backend\.uv-python\cpython-3.13-windows-x86_64-none\Lib\logging\__init__.py", line 1508, in debug
    self._log(DEBUG, msg, args, **kwargs)
  File "C:\Users\AYESHA RAHMAN\murf-livekit-starter\backend\.uv-python\cpython-3.13-windows-x86_64-none\Lib\logging\__init__.py", line 1665, in _log
    self.handle(record)
  File "C:\Users\AYESHA RAHMAN\murf-livekit-starter\backend\.uv-python\cpython-3.13-windows-x86_64-none\Lib\logging\__init__.py", line 1681, in handle
    self.callHandlers(record)
  File "C:\Users\AYESHA RAHMAN\murf-livekit-starter\backend\.uv-python\cpython-3.13-windows-x86_64-none\Lib\logging\__init__.py", line 1737, in callHandlers
    hdlr.handle(record)
  File "C:\Users\AYESHA RAHMAN\murf-livekit-starter\backend\.uv-python\cpython-3.13-windows-x86_64-none\Lib\logging\__init__.py", line 1027, in handle
    self.emit(record)
  File "C:\Users\AYESHA RAHMAN\murf-livekit-starter\backend\.venv\Lib\site-packages\livekit\agents\cli\cli.py", line 957, in emit
    self.handleError(record)
Message: 'using preemptive generation'
Arguments: ()
--- Logging error ---
Traceback (most recent call last):
  File "C:\Users\AYESHA RAHMAN\murf-livekit-starter\backend\.venv\Lib\site-packages\livekit\agents\cli\cli.py", line 944, in emit
    self.c.console.print(output)
    ~~~~~~~~~~~~~~~~~~~~^^^^^^^^
  File "C:\Users\AYESHA RAHMAN\murf-livekit-starter\backend\.venv\Lib\site-packages\rich\console.py", line 1697, in print
    with self:
         ^^^^
  File "C:\Users\AYESHA RAHMAN\murf-livekit-starter\backend\.venv\Lib\site-packages\rich\console.py", line 870, in __exit__
    self._exit_buffer()
    ~~~~~~~~~~~~~~~~~^^
  File "C:\Users\AYESHA RAHMAN\murf-livekit-starter\backend\.venv\Lib\site-packages\rich\console.py", line 826, in _exit_buffer
    self._check_buffer()
    ~~~~~~~~~~~~~~~~~~^^
  File "C:\Users\AYESHA RAHMAN\murf-livekit-starter\backend\.venv\Lib\site-packages\rich\console.py", line 2042, in _check_buffer
    self._write_buffer()
    ~~~~~~~~~~~~~~~~~~^^
  File "C:\Users\AYESHA RAHMAN\murf-livekit-starter\backend\.venv\Lib\site-packages\rich\console.py", line 2078, in _write_buffer
    legacy_windows_render(buffer, LegacyWindowsTerm(self.file))
    ~~~~~~~~~~~~~~~~~~~~~^^^^^^^^^^^^^^^^^^^^^^^^^^^^^^^^^^^^^^
  File "C:\Users\AYESHA RAHMAN\murf-livekit-starter\backend\.venv\Lib\site-packages\rich\_windows_renderer.py", line 17, in legacy_windows_render
    term.write_styled(text, style)
    ~~~~~~~~~~~~~~~~~^^^^^^^^^^^^^
  File "C:\Users\AYESHA RAHMAN\murf-livekit-starter\backend\.venv\Lib\site-packages\rich\_win32_console.py", line 441, in write_styled
    self.write_text(text)
    ~~~~~~~~~~~~~~~^^^^^^
  File "C:\Users\AYESHA RAHMAN\murf-livekit-starter\backend\.venv\Lib\site-packages\rich\_win32_console.py", line 402, in write_text
    self.write(text)
    ~~~~~~~~~~^^^^^^
  File "C:\Users\AYESHA RAHMAN\murf-livekit-starter\backend\.uv-python\cpython-3.13-windows-x86_64-none\Lib\encodings\cp1252.py", line 19, in encode
    return codecs.charmap_encode(input,self.errors,encoding_table)[0]
           ~~~~~~~~~~~~~~~~~~~~~^^^^^^^^^^^^^^^^^^^^^^^^^^^^^^^^^^
UnicodeEncodeError: 'charmap' codec can't encode character '\u20b9' in position 52: character maps to <undefined>
Call stack:
  File "C:\Users\AYESHA RAHMAN\murf-livekit-starter\backend\.uv-python\cpython-3.13-windows-x86_64-none\Lib\threading.py", line 1015, in _bootstrap
    self._bootstrap_inner()
  File "C:\Users\AYESHA RAHMAN\murf-livekit-starter\backend\.uv-python\cpython-3.13-windows-x86_64-none\Lib\threading.py", line 1044, in _bootstrap_inner
    self.run()
  File "C:\Users\AYESHA RAHMAN\murf-livekit-starter\backend\.uv-python\cpython-3.13-windows-x86_64-none\Lib\threading.py", line 995, in run
    self._target(*self._args, **self._kwargs)
  File "C:\Users\AYESHA RAHMAN\murf-livekit-starter\backend\.venv\Lib\site-packages\livekit\agents\ipc\job_proc_lazy_main.py", line 418, in thread_main
    client.run()
  File "C:\Users\AYESHA RAHMAN\murf-livekit-starter\backend\.venv\Lib\site-packages\livekit\agents\ipc\proc_client.py", line 70, in run
    loop.run_until_complete(self._task)
  File "C:\Users\AYESHA RAHMAN\murf-livekit-starter\backend\.uv-python\cpython-3.13-windows-x86_64-none\Lib\asyncio\base_events.py", line 712, in run_until_complete
    self.run_forever()
  File "C:\Users\AYESHA RAHMAN\murf-livekit-starter\backend\.uv-python\cpython-3.13-windows-x86_64-none\Lib\asyncio\base_events.py", line 683, in run_forever
    self._run_once()
  File "C:\Users\AYESHA RAHMAN\murf-livekit-starter\backend\.uv-python\cpython-3.13-windows-x86_64-none\Lib\asyncio\base_events.py", line 2060, in _run_once
    handle._run()
  File "C:\Users\AYESHA RAHMAN\murf-livekit-starter\backend\.uv-python\cpython-3.13-windows-x86_64-none\Lib\asyncio\events.py", line 89, in _run
    self._context.run(self._callback, *self._args)
  File "C:\Users\AYESHA RAHMAN\murf-livekit-starter\backend\.venv\Lib\site-packages\livekit\agents\utils\log.py", line 17, in async_fn_logs
    return await fn(*args, **kwargs)
  File "C:\Users\AYESHA RAHMAN\murf-livekit-starter\backend\.venv\Lib\site-packages\livekit\agents\llm\llm.py", line 348, in _metrics_monitor_task
    self._llm.emit("metrics_collected", metrics)
  File "C:\Users\AYESHA RAHMAN\murf-livekit-starter\backend\.venv\Lib\site-packages\livekit\rtc\event_emitter.py", line 58, in emit
    callback(*callback_args)
  File "C:\Users\AYESHA RAHMAN\murf-livekit-starter\backend\.venv\Lib\site-packages\livekit\agents\voice\agent_activity.py", line 1162, in _on_metrics_collected
    self._session.emit("metrics_collected", MetricsCollectedEvent(metrics=ev))
  File "C:\Users\AYESHA RAHMAN\murf-livekit-starter\backend\.venv\Lib\site-packages\livekit\agents\voice\agent_session.py", line 428, in emit
    super().emit(event, arg)
  File "C:\Users\AYESHA RAHMAN\murf-livekit-starter\backend\.venv\Lib\site-packages\livekit\rtc\event_emitter.py", line 58, in emit
    callback(*callback_args)
  File "C:\Users\AYESHA RAHMAN\murf-livekit-starter\backend\src\agent.py", line 477, in on_metrics_collected
    logger.info(
  File "C:\Users\AYESHA RAHMAN\murf-livekit-starter\backend\.uv-python\cpython-3.13-windows-x86_64-none\Lib\logging\__init__.py", line 1520, in info
    self._log(INFO, msg, args, **kwargs)
  File "C:\Users\AYESHA RAHMAN\murf-livekit-starter\backend\.uv-python\cpython-3.13-windows-x86_64-none\Lib\logging\__init__.py", line 1665, in _log
    self.handle(record)
  File "C:\Users\AYESHA RAHMAN\murf-livekit-starter\backend\.uv-python\cpython-3.13-windows-x86_64-none\Lib\logging\__init__.py", line 1681, in handle
    self.callHandlers(record)
  File "C:\Users\AYESHA RAHMAN\murf-livekit-starter\backend\.uv-python\cpython-3.13-windows-x86_64-none\Lib\logging\__init__.py", line 1737, in callHandlers
    hdlr.handle(record)
  File "C:\Users\AYESHA RAHMAN\murf-livekit-starter\backend\.uv-python\cpython-3.13-windows-x86_64-none\Lib\logging\__init__.py", line 1027, in handle
    self.emit(record)
  File "C:\Users\AYESHA RAHMAN\murf-livekit-starter\backend\.venv\Lib\site-packages\livekit\agents\cli\cli.py", line 957, in emit
    self.handleError(record)
Message: '[DEBUG-%s] metrics=%s'
Arguments: ('LLM', LLMMetrics(type='llm_metrics', label='livekit.plugins.google.llm.LLM', request_id='e57077626ef8', timestamp=1786731839.6950054, duration=1.54818289999821, ttft=0.7841974000002665, cancelled=False, completion_tokens=272, prompt_tokens=853, prompt_cached_tokens=0, total_tokens=1125, tokens_per_second=175.68983613002993, speech_id='speech_56661bc72a4c', metadata=Metadata(model_name='gemini-3.5-flash-lite', model_provider='Gemini')))
--- Logging error ---
Traceback (most recent call last):
  File "C:\Users\AYESHA RAHMAN\murf-livekit-starter\backend\.venv\Lib\site-packages\livekit\agents\cli\cli.py", line 944, in emit
    self.c.console.print(output)
    ~~~~~~~~~~~~~~~~~~~~^^^^^^^^
  File "C:\Users\AYESHA RAHMAN\murf-livekit-starter\backend\.venv\Lib\site-packages\rich\console.py", line 1697, in print
    with self:
         ^^^^
  File "C:\Users\AYESHA RAHMAN\murf-livekit-starter\backend\.venv\Lib\site-packages\rich\console.py", line 870, in __exit__
    self._exit_buffer()
    ~~~~~~~~~~~~~~~~~^^
  File "C:\Users\AYESHA RAHMAN\murf-livekit-starter\backend\.venv\Lib\site-packages\rich\console.py", line 826, in _exit_buffer
    self._check_buffer()
    ~~~~~~~~~~~~~~~~~~^^
  File "C:\Users\AYESHA RAHMAN\murf-livekit-starter\backend\.venv\Lib\site-packages\rich\console.py", line 2042, in _check_buffer
    self._write_buffer()
    ~~~~~~~~~~~~~~~~~~^^
  File "C:\Users\AYESHA RAHMAN\murf-livekit-starter\backend\.venv\Lib\site-packages\rich\console.py", line 2078, in _write_buffer
    legacy_windows_render(buffer, LegacyWindowsTerm(self.file))
    ~~~~~~~~~~~~~~~~~~~~~^^^^^^^^^^^^^^^^^^^^^^^^^^^^^^^^^^^^^^
  File "C:\Users\AYESHA RAHMAN\murf-livekit-starter\backend\.venv\Lib\site-packages\rich\_windows_renderer.py", line 17, in legacy_windows_render
    term.write_styled(text, style)
    ~~~~~~~~~~~~~~~~~^^^^^^^^^^^^^
  File "C:\Users\AYESHA RAHMAN\murf-livekit-starter\backend\.venv\Lib\site-packages\rich\_win32_console.py", line 441, in write_styled
    self.write_text(text)
    ~~~~~~~~~~~~~~~^^^^^^
  File "C:\Users\AYESHA RAHMAN\murf-livekit-starter\backend\.venv\Lib\site-packages\rich\_win32_console.py", line 402, in write_text
    self.write(text)
    ~~~~~~~~~~^^^^^^
  File "C:\Users\AYESHA RAHMAN\murf-livekit-starter\backend\.uv-python\cpython-3.13-windows-x86_64-none\Lib\encodings\cp1252.py", line 19, in encode
    return codecs.charmap_encode(input,self.errors,encoding_table)[0]
           ~~~~~~~~~~~~~~~~~~~~~^^^^^^^^^^^^^^^^^^^^^^^^^^^^^^^^^^
UnicodeEncodeError: 'charmap' codec can't encode character '\u20b9' in position 52: character maps to <undefined>
Call stack:
  File "C:\Users\AYESHA RAHMAN\murf-livekit-starter\backend\.uv-python\cpython-3.13-windows-x86_64-none\Lib\threading.py", line 1015, in _bootstrap
    self._bootstrap_inner()
  File "C:\Users\AYESHA RAHMAN\murf-livekit-starter\backend\.uv-python\cpython-3.13-windows-x86_64-none\Lib\threading.py", line 1044, in _bootstrap_inner
    self.run()
  File "C:\Users\AYESHA RAHMAN\murf-livekit-starter\backend\.uv-python\cpython-3.13-windows-x86_64-none\Lib\threading.py", line 995, in run
    self._target(*self._args, **self._kwargs)
  File "C:\Users\AYESHA RAHMAN\murf-livekit-starter\backend\.venv\Lib\site-packages\livekit\agents\ipc\job_proc_lazy_main.py", line 418, in thread_main
    client.run()
  File "C:\Users\AYESHA RAHMAN\murf-livekit-starter\backend\.venv\Lib\site-packages\livekit\agents\ipc\proc_client.py", line 70, in run
    loop.run_until_complete(self._task)
  File "C:\Users\AYESHA RAHMAN\murf-livekit-starter\backend\.uv-python\cpython-3.13-windows-x86_64-none\Lib\asyncio\base_events.py", line 712, in run_until_complete
    self.run_forever()
  File "C:\Users\AYESHA RAHMAN\murf-livekit-starter\backend\.uv-python\cpython-3.13-windows-x86_64-none\Lib\asyncio\base_events.py", line 683, in run_forever
    self._run_once()
  File "C:\Users\AYESHA RAHMAN\murf-livekit-starter\backend\.uv-python\cpython-3.13-windows-x86_64-none\Lib\asyncio\base_events.py", line 2060, in _run_once
    handle._run()
  File "C:\Users\AYESHA RAHMAN\murf-livekit-starter\backend\.uv-python\cpython-3.13-windows-x86_64-none\Lib\asyncio\events.py", line 89, in _run
    self._context.run(self._callback, *self._args)
  File "C:\Users\AYESHA RAHMAN\murf-livekit-starter\backend\.venv\Lib\site-packages\livekit\agents\tts\stream_pacer.py", line 149, in _send_task
    logger.debug(
  File "C:\Users\AYESHA RAHMAN\murf-livekit-starter\backend\.uv-python\cpython-3.13-windows-x86_64-none\Lib\logging\__init__.py", line 1508, in debug
    self._log(DEBUG, msg, args, **kwargs)
  File "C:\Users\AYESHA RAHMAN\murf-livekit-starter\backend\.uv-python\cpython-3.13-windows-x86_64-none\Lib\logging\__init__.py", line 1665, in _log
    self.handle(record)
  File "C:\Users\AYESHA RAHMAN\murf-livekit-starter\backend\.uv-python\cpython-3.13-windows-x86_64-none\Lib\logging\__init__.py", line 1681, in handle
    self.callHandlers(record)
  File "C:\Users\AYESHA RAHMAN\murf-livekit-starter\backend\.uv-python\cpython-3.13-windows-x86_64-none\Lib\logging\__init__.py", line 1737, in callHandlers
    hdlr.handle(record)
  File "C:\Users\AYESHA RAHMAN\murf-livekit-starter\backend\.uv-python\cpython-3.13-windows-x86_64-none\Lib\logging\__init__.py", line 1027, in handle
    self.emit(record)
  File "C:\Users\AYESHA RAHMAN\murf-livekit-starter\backend\.venv\Lib\site-packages\livekit\agents\cli\cli.py", line 957, in emit
    self.handleError(record)
Message: 'sent text to tts'
Arguments: ()
--- Logging error ---
Traceback (most recent call last):
  File "C:\Users\AYESHA RAHMAN\murf-livekit-starter\backend\.venv\Lib\site-packages\livekit\agents\cli\cli.py", line 944, in emit
    self.c.console.print(output)
    ~~~~~~~~~~~~~~~~~~~~^^^^^^^^
  File "C:\Users\AYESHA RAHMAN\murf-livekit-starter\backend\.venv\Lib\site-packages\rich\console.py", line 1697, in print
    with self:
         ^^^^
  File "C:\Users\AYESHA RAHMAN\murf-livekit-starter\backend\.venv\Lib\site-packages\rich\console.py", line 870, in __exit__
    self._exit_buffer()
    ~~~~~~~~~~~~~~~~~^^
  File "C:\Users\AYESHA RAHMAN\murf-livekit-starter\backend\.venv\Lib\site-packages\rich\console.py", line 826, in _exit_buffer
    self._check_buffer()
    ~~~~~~~~~~~~~~~~~~^^
  File "C:\Users\AYESHA RAHMAN\murf-livekit-starter\backend\.venv\Lib\site-packages\rich\console.py", line 2042, in _check_buffer
    self._write_buffer()
    ~~~~~~~~~~~~~~~~~~^^
  File "C:\Users\AYESHA RAHMAN\murf-livekit-starter\backend\.venv\Lib\site-packages\rich\console.py", line 2078, in _write_buffer
    legacy_windows_render(buffer, LegacyWindowsTerm(self.file))
    ~~~~~~~~~~~~~~~~~~~~~^^^^^^^^^^^^^^^^^^^^^^^^^^^^^^^^^^^^^^
  File "C:\Users\AYESHA RAHMAN\murf-livekit-starter\backend\.venv\Lib\site-packages\rich\_windows_renderer.py", line 17, in legacy_windows_render
    term.write_styled(text, style)
    ~~~~~~~~~~~~~~~~~^^^^^^^^^^^^^
  File "C:\Users\AYESHA RAHMAN\murf-livekit-starter\backend\.venv\Lib\site-packages\rich\_win32_console.py", line 441, in write_styled
    self.write_text(text)
    ~~~~~~~~~~~~~~~^^^^^^
  File "C:\Users\AYESHA RAHMAN\murf-livekit-starter\backend\.venv\Lib\site-packages\rich\_win32_console.py", line 402, in write_text
    self.write(text)
    ~~~~~~~~~~^^^^^^
  File "C:\Users\AYESHA RAHMAN\murf-livekit-starter\backend\.uv-python\cpython-3.13-windows-x86_64-none\Lib\encodings\cp1252.py", line 19, in encode
    return codecs.charmap_encode(input,self.errors,encoding_table)[0]
           ~~~~~~~~~~~~~~~~~~~~~^^^^^^^^^^^^^^^^^^^^^^^^^^^^^^^^^^
UnicodeEncodeError: 'charmap' codec can't encode character '\u20b9' in position 52: character maps to <undefined>
Call stack:
  File "C:\Users\AYESHA RAHMAN\murf-livekit-starter\backend\.uv-python\cpython-3.13-windows-x86_64-none\Lib\threading.py", line 1015, in _bootstrap
    self._bootstrap_inner()
  File "C:\Users\AYESHA RAHMAN\murf-livekit-starter\backend\.uv-python\cpython-3.13-windows-x86_64-none\Lib\threading.py", line 1044, in _bootstrap_inner
    self.run()
  File "C:\Users\AYESHA RAHMAN\murf-livekit-starter\backend\.uv-python\cpython-3.13-windows-x86_64-none\Lib\threading.py", line 995, in run
    self._target(*self._args, **self._kwargs)
  File "C:\Users\AYESHA RAHMAN\murf-livekit-starter\backend\.venv\Lib\site-packages\livekit\agents\ipc\job_proc_lazy_main.py", line 418, in thread_main
    client.run()
  File "C:\Users\AYESHA RAHMAN\murf-livekit-starter\backend\.venv\Lib\site-packages\livekit\agents\ipc\proc_client.py", line 70, in run
    loop.run_until_complete(self._task)
  File "C:\Users\AYESHA RAHMAN\murf-livekit-starter\backend\.uv-python\cpython-3.13-windows-x86_64-none\Lib\asyncio\base_events.py", line 712, in run_until_complete
    self.run_forever()
  File "C:\Users\AYESHA RAHMAN\murf-livekit-starter\backend\.uv-python\cpython-3.13-windows-x86_64-none\Lib\asyncio\base_events.py", line 683, in run_forever
    self._run_once()
  File "C:\Users\AYESHA RAHMAN\murf-livekit-starter\backend\.uv-python\cpython-3.13-windows-x86_64-none\Lib\asyncio\base_events.py", line 2060, in _run_once
    handle._run()
  File "C:\Users\AYESHA RAHMAN\murf-livekit-starter\backend\.uv-python\cpython-3.13-windows-x86_64-none\Lib\asyncio\events.py", line 89, in _run
    self._context.run(self._callback, *self._args)
  File "C:\Users\AYESHA RAHMAN\murf-livekit-starter\backend\.venv\Lib\site-packages\livekit\agents\tts\stream_pacer.py", line 149, in _send_task
    logger.debug(
  File "C:\Users\AYESHA RAHMAN\murf-livekit-starter\backend\.uv-python\cpython-3.13-windows-x86_64-none\Lib\logging\__init__.py", line 1508, in debug
    self._log(DEBUG, msg, args, **kwargs)
  File "C:\Users\AYESHA RAHMAN\murf-livekit-starter\backend\.uv-python\cpython-3.13-windows-x86_64-none\Lib\logging\__init__.py", line 1665, in _log
    self.handle(record)
  File "C:\Users\AYESHA RAHMAN\murf-livekit-starter\backend\.uv-python\cpython-3.13-windows-x86_64-none\Lib\logging\__init__.py", line 1681, in handle
    self.callHandlers(record)
  File "C:\Users\AYESHA RAHMAN\murf-livekit-starter\backend\.uv-python\cpython-3.13-windows-x86_64-none\Lib\logging\__init__.py", line 1737, in callHandlers
    hdlr.handle(record)
  File "C:\Users\AYESHA RAHMAN\murf-livekit-starter\backend\.uv-python\cpython-3.13-windows-x86_64-none\Lib\logging\__init__.py", line 1027, in handle
    self.emit(record)
  File "C:\Users\AYESHA RAHMAN\murf-livekit-starter\backend\.venv\Lib\site-packages\livekit\agents\cli\cli.py", line 957, in emit
    self.handleError(record)
Message: 'sent text to tts'
Arguments: ()
--- Logging error ---
Traceback (most recent call last):
  File "C:\Users\AYESHA RAHMAN\murf-livekit-starter\backend\.venv\Lib\site-packages\livekit\agents\cli\cli.py", line 944, in emit
    self.c.console.print(output)
    ~~~~~~~~~~~~~~~~~~~~^^^^^^^^
  File "C:\Users\AYESHA RAHMAN\murf-livekit-starter\backend\.venv\Lib\site-packages\rich\console.py", line 1697, in print
    with self:
         ^^^^
  File "C:\Users\AYESHA RAHMAN\murf-livekit-starter\backend\.venv\Lib\site-packages\rich\console.py", line 870, in __exit__
    self._exit_buffer()
    ~~~~~~~~~~~~~~~~~^^
  File "C:\Users\AYESHA RAHMAN\murf-livekit-starter\backend\.venv\Lib\site-packages\rich\console.py", line 826, in _exit_buffer
    self._check_buffer()
    ~~~~~~~~~~~~~~~~~~^^
  File "C:\Users\AYESHA RAHMAN\murf-livekit-starter\backend\.venv\Lib\site-packages\rich\console.py", line 2042, in _check_buffer
    self._write_buffer()
    ~~~~~~~~~~~~~~~~~~^^
  File "C:\Users\AYESHA RAHMAN\murf-livekit-starter\backend\.venv\Lib\site-packages\rich\console.py", line 2078, in _write_buffer
    legacy_windows_render(buffer, LegacyWindowsTerm(self.file))
    ~~~~~~~~~~~~~~~~~~~~~^^^^^^^^^^^^^^^^^^^^^^^^^^^^^^^^^^^^^^
  File "C:\Users\AYESHA RAHMAN\murf-livekit-starter\backend\.venv\Lib\site-packages\rich\_windows_renderer.py", line 17, in legacy_windows_render
    term.write_styled(text, style)
    ~~~~~~~~~~~~~~~~~^^^^^^^^^^^^^
  File "C:\Users\AYESHA RAHMAN\murf-livekit-starter\backend\.venv\Lib\site-packages\rich\_win32_console.py", line 441, in write_styled
    self.write_text(text)
    ~~~~~~~~~~~~~~~^^^^^^
  File "C:\Users\AYESHA RAHMAN\murf-livekit-starter\backend\.venv\Lib\site-packages\rich\_win32_console.py", line 402, in write_text
    self.write(text)
    ~~~~~~~~~~^^^^^^
  File "C:\Users\AYESHA RAHMAN\murf-livekit-starter\backend\.uv-python\cpython-3.13-windows-x86_64-none\Lib\encodings\cp1252.py", line 19, in encode
    return codecs.charmap_encode(input,self.errors,encoding_table)[0]
           ~~~~~~~~~~~~~~~~~~~~~^^^^^^^^^^^^^^^^^^^^^^^^^^^^^^^^^^
UnicodeEncodeError: 'charmap' codec can't encode character '\u20b9' in position 52: character maps to <undefined>
Call stack:
  File "C:\Users\AYESHA RAHMAN\murf-livekit-starter\backend\.uv-python\cpython-3.13-windows-x86_64-none\Lib\threading.py", line 1015, in _bootstrap
    self._bootstrap_inner()
  File "C:\Users\AYESHA RAHMAN\murf-livekit-starter\backend\.uv-python\cpython-3.13-windows-x86_64-none\Lib\threading.py", line 1044, in _bootstrap_inner
    self.run()
  File "C:\Users\AYESHA RAHMAN\murf-livekit-starter\backend\.uv-python\cpython-3.13-windows-x86_64-none\Lib\threading.py", line 995, in run
    self._target(*self._args, **self._kwargs)
  File "C:\Users\AYESHA RAHMAN\murf-livekit-starter\backend\.venv\Lib\site-packages\livekit\agents\ipc\job_proc_lazy_main.py", line 418, in thread_main
    client.run()
  File "C:\Users\AYESHA RAHMAN\murf-livekit-starter\backend\.venv\Lib\site-packages\livekit\agents\ipc\proc_client.py", line 70, in run
    loop.run_until_complete(self._task)
  File "C:\Users\AYESHA RAHMAN\murf-livekit-starter\backend\.uv-python\cpython-3.13-windows-x86_64-none\Lib\asyncio\base_events.py", line 712, in run_until_complete
    self.run_forever()
  File "C:\Users\AYESHA RAHMAN\murf-livekit-starter\backend\.uv-python\cpython-3.13-windows-x86_64-none\Lib\asyncio\base_events.py", line 683, in run_forever
    self._run_once()
  File "C:\Users\AYESHA RAHMAN\murf-livekit-starter\backend\.uv-python\cpython-3.13-windows-x86_64-none\Lib\asyncio\base_events.py", line 2060, in _run_once
    handle._run()
  File "C:\Users\AYESHA RAHMAN\murf-livekit-starter\backend\.uv-python\cpython-3.13-windows-x86_64-none\Lib\asyncio\events.py", line 89, in _run
    self._context.run(self._callback, *self._args)
  File "C:\Users\AYESHA RAHMAN\murf-livekit-starter\backend\.venv\Lib\site-packages\livekit\agents\stt\stt.py", line 384, in _metrics_monitor_task
    self._stt.emit("metrics_collected", stt_metrics)
  File "C:\Users\AYESHA RAHMAN\murf-livekit-starter\backend\.venv\Lib\site-packages\livekit\rtc\event_emitter.py", line 58, in emit
    callback(*callback_args)
  File "C:\Users\AYESHA RAHMAN\murf-livekit-starter\backend\.venv\Lib\site-packages\livekit\agents\voice\agent_activity.py", line 1162, in _on_metrics_collected
    self._session.emit("metrics_collected", MetricsCollectedEvent(metrics=ev))
  File "C:\Users\AYESHA RAHMAN\murf-livekit-starter\backend\.venv\Lib\site-packages\livekit\agents\voice\agent_session.py", line 428, in emit
    super().emit(event, arg)
  File "C:\Users\AYESHA RAHMAN\murf-livekit-starter\backend\.venv\Lib\site-packages\livekit\rtc\event_emitter.py", line 58, in emit
    callback(*callback_args)
  File "C:\Users\AYESHA RAHMAN\murf-livekit-starter\backend\src\agent.py", line 477, in on_metrics_collected
    logger.info(
  File "C:\Users\AYESHA RAHMAN\murf-livekit-starter\backend\.uv-python\cpython-3.13-windows-x86_64-none\Lib\logging\__init__.py", line 1520, in info
    self._log(INFO, msg, args, **kwargs)
  File "C:\Users\AYESHA RAHMAN\murf-livekit-starter\backend\.uv-python\cpython-3.13-windows-x86_64-none\Lib\logging\__init__.py", line 1665, in _log
    self.handle(record)
  File "C:\Users\AYESHA RAHMAN\murf-livekit-starter\backend\.uv-python\cpython-3.13-windows-x86_64-none\Lib\logging\__init__.py", line 1681, in handle
    self.callHandlers(record)
  File "C:\Users\AYESHA RAHMAN\murf-livekit-starter\backend\.uv-python\cpython-3.13-windows-x86_64-none\Lib\logging\__init__.py", line 1737, in callHandlers
    hdlr.handle(record)
  File "C:\Users\AYESHA RAHMAN\murf-livekit-starter\backend\.uv-python\cpython-3.13-windows-x86_64-none\Lib\logging\__init__.py", line 1027, in handle
    self.emit(record)
  File "C:\Users\AYESHA RAHMAN\murf-livekit-starter\backend\.venv\Lib\site-packages\livekit\agents\cli\cli.py", line 957, in emit
    self.handleError(record)
Message: '[DEBUG-%s] metrics=%s'
Arguments: ('STT', STTMetrics(type='stt_metrics', label='livekit.plugins.deepgram.stt.STT', request_id='01a00183-59f7-7ad3-8d42-92bf10e19690', timestamp=1786731840.5752988, duration=0.0, audio_duration=5.04999999999999, streamed=True, metadata=Metadata(model_name='nova-3', model_provider='Deepgram')))
--- Logging error ---
Traceback (most recent call last):
  File "C:\Users\AYESHA RAHMAN\murf-livekit-starter\backend\.venv\Lib\site-packages\livekit\agents\cli\cli.py", line 944, in emit
    self.c.console.print(output)
    ~~~~~~~~~~~~~~~~~~~~^^^^^^^^
  File "C:\Users\AYESHA RAHMAN\murf-livekit-starter\backend\.venv\Lib\site-packages\rich\console.py", line 1697, in print
    with self:
         ^^^^
  File "C:\Users\AYESHA RAHMAN\murf-livekit-starter\backend\.venv\Lib\site-packages\rich\console.py", line 870, in __exit__
    self._exit_buffer()
    ~~~~~~~~~~~~~~~~~^^
  File "C:\Users\AYESHA RAHMAN\murf-livekit-starter\backend\.venv\Lib\site-packages\rich\console.py", line 826, in _exit_buffer
    self._check_buffer()
    ~~~~~~~~~~~~~~~~~~^^
  File "C:\Users\AYESHA RAHMAN\murf-livekit-starter\backend\.venv\Lib\site-packages\rich\console.py", line 2042, in _check_buffer
    self._write_buffer()
    ~~~~~~~~~~~~~~~~~~^^
  File "C:\Users\AYESHA RAHMAN\murf-livekit-starter\backend\.venv\Lib\site-packages\rich\console.py", line 2078, in _write_buffer
    legacy_windows_render(buffer, LegacyWindowsTerm(self.file))
    ~~~~~~~~~~~~~~~~~~~~~^^^^^^^^^^^^^^^^^^^^^^^^^^^^^^^^^^^^^^
  File "C:\Users\AYESHA RAHMAN\murf-livekit-starter\backend\.venv\Lib\site-packages\rich\_windows_renderer.py", line 17, in legacy_windows_render
    term.write_styled(text, style)
    ~~~~~~~~~~~~~~~~~^^^^^^^^^^^^^
  File "C:\Users\AYESHA RAHMAN\murf-livekit-starter\backend\.venv\Lib\site-packages\rich\_win32_console.py", line 441, in write_styled
    self.write_text(text)
    ~~~~~~~~~~~~~~~^^^^^^
  File "C:\Users\AYESHA RAHMAN\murf-livekit-starter\backend\.venv\Lib\site-packages\rich\_win32_console.py", line 402, in write_text
    self.write(text)
    ~~~~~~~~~~^^^^^^
  File "C:\Users\AYESHA RAHMAN\murf-livekit-starter\backend\.uv-python\cpython-3.13-windows-x86_64-none\Lib\encodings\cp1252.py", line 19, in encode
    return codecs.charmap_encode(input,self.errors,encoding_table)[0]
           ~~~~~~~~~~~~~~~~~~~~~^^^^^^^^^^^^^^^^^^^^^^^^^^^^^^^^^^
UnicodeEncodeError: 'charmap' codec can't encode character '\u20b9' in position 52: character maps to <undefined>
Call stack:
  File "C:\Users\AYESHA RAHMAN\murf-livekit-starter\backend\.uv-python\cpython-3.13-windows-x86_64-none\Lib\threading.py", line 1015, in _bootstrap
    self._bootstrap_inner()
  File "C:\Users\AYESHA RAHMAN\murf-livekit-starter\backend\.uv-python\cpython-3.13-windows-x86_64-none\Lib\threading.py", line 1044, in _bootstrap_inner
    self.run()
  File "C:\Users\AYESHA RAHMAN\murf-livekit-starter\backend\.uv-python\cpython-3.13-windows-x86_64-none\Lib\threading.py", line 995, in run
    self._target(*self._args, **self._kwargs)
  File "C:\Users\AYESHA RAHMAN\murf-livekit-starter\backend\.venv\Lib\site-packages\livekit\agents\ipc\job_proc_lazy_main.py", line 418, in thread_main
    client.run()
  File "C:\Users\AYESHA RAHMAN\murf-livekit-starter\backend\.venv\Lib\site-packages\livekit\agents\ipc\proc_client.py", line 70, in run
    loop.run_until_complete(self._task)
  File "C:\Users\AYESHA RAHMAN\murf-livekit-starter\backend\.uv-python\cpython-3.13-windows-x86_64-none\Lib\asyncio\base_events.py", line 712, in run_until_complete
    self.run_forever()
  File "C:\Users\AYESHA RAHMAN\murf-livekit-starter\backend\.uv-python\cpython-3.13-windows-x86_64-none\Lib\asyncio\base_events.py", line 683, in run_forever
    self._run_once()
  File "C:\Users\AYESHA RAHMAN\murf-livekit-starter\backend\.uv-python\cpython-3.13-windows-x86_64-none\Lib\asyncio\base_events.py", line 2060, in _run_once
    handle._run()
  File "C:\Users\AYESHA RAHMAN\murf-livekit-starter\backend\.uv-python\cpython-3.13-windows-x86_64-none\Lib\asyncio\events.py", line 89, in _run
    self._context.run(self._callback, *self._args)
  File "C:\Users\AYESHA RAHMAN\murf-livekit-starter\backend\.venv\Lib\site-packages\livekit\agents\utils\log.py", line 17, in async_fn_logs
    return await fn(*args, **kwargs)
  File "C:\Users\AYESHA RAHMAN\murf-livekit-starter\backend\.venv\Lib\site-packages\livekit\plugins\silero\vad.py", line 412, in _main_task
    logger.warning(
  File "C:\Users\AYESHA RAHMAN\murf-livekit-starter\backend\.uv-python\cpython-3.13-windows-x86_64-none\Lib\logging\__init__.py", line 1532, in warning
    self._log(WARNING, msg, args, **kwargs)
  File "C:\Users\AYESHA RAHMAN\murf-livekit-starter\backend\.uv-python\cpython-3.13-windows-x86_64-none\Lib\logging\__init__.py", line 1665, in _log
    self.handle(record)
  File "C:\Users\AYESHA RAHMAN\murf-livekit-starter\backend\.uv-python\cpython-3.13-windows-x86_64-none\Lib\logging\__init__.py", line 1681, in handle
    self.callHandlers(record)
  File "C:\Users\AYESHA RAHMAN\murf-livekit-starter\backend\.uv-python\cpython-3.13-windows-x86_64-none\Lib\logging\__init__.py", line 1737, in callHandlers
    hdlr.handle(record)
  File "C:\Users\AYESHA RAHMAN\murf-livekit-starter\backend\.uv-python\cpython-3.13-windows-x86_64-none\Lib\logging\__init__.py", line 1027, in handle
    self.emit(record)
  File "C:\Users\AYESHA RAHMAN\murf-livekit-starter\backend\.venv\Lib\site-packages\livekit\agents\cli\cli.py", line 957, in emit
    self.handleError(record)
Message: 'inference is slower than realtime'
Arguments: ()
--- Logging error ---
Traceback (most recent call last):
  File "C:\Users\AYESHA RAHMAN\murf-livekit-starter\backend\.venv\Lib\site-packages\livekit\agents\cli\cli.py", line 944, in emit
    self.c.console.print(output)
    ~~~~~~~~~~~~~~~~~~~~^^^^^^^^
  File "C:\Users\AYESHA RAHMAN\murf-livekit-starter\backend\.venv\Lib\site-packages\rich\console.py", line 1697, in print
    with self:
         ^^^^
  File "C:\Users\AYESHA RAHMAN\murf-livekit-starter\backend\.venv\Lib\site-packages\rich\console.py", line 870, in __exit__
    self._exit_buffer()
    ~~~~~~~~~~~~~~~~~^^
  File "C:\Users\AYESHA RAHMAN\murf-livekit-starter\backend\.venv\Lib\site-packages\rich\console.py", line 826, in _exit_buffer
    self._check_buffer()
    ~~~~~~~~~~~~~~~~~~^^
  File "C:\Users\AYESHA RAHMAN\murf-livekit-starter\backend\.venv\Lib\site-packages\rich\console.py", line 2042, in _check_buffer
    self._write_buffer()
    ~~~~~~~~~~~~~~~~~~^^
  File "C:\Users\AYESHA RAHMAN\murf-livekit-starter\backend\.venv\Lib\site-packages\rich\console.py", line 2078, in _write_buffer
    legacy_windows_render(buffer, LegacyWindowsTerm(self.file))
    ~~~~~~~~~~~~~~~~~~~~~^^^^^^^^^^^^^^^^^^^^^^^^^^^^^^^^^^^^^^
  File "C:\Users\AYESHA RAHMAN\murf-livekit-starter\backend\.venv\Lib\site-packages\rich\_windows_renderer.py", line 17, in legacy_windows_render
    term.write_styled(text, style)
    ~~~~~~~~~~~~~~~~~^^^^^^^^^^^^^
  File "C:\Users\AYESHA RAHMAN\murf-livekit-starter\backend\.venv\Lib\site-packages\rich\_win32_console.py", line 441, in write_styled
    self.write_text(text)
    ~~~~~~~~~~~~~~~^^^^^^
  File "C:\Users\AYESHA RAHMAN\murf-livekit-starter\backend\.venv\Lib\site-packages\rich\_win32_console.py", line 402, in write_text
    self.write(text)
    ~~~~~~~~~~^^^^^^
  File "C:\Users\AYESHA RAHMAN\murf-livekit-starter\backend\.uv-python\cpython-3.13-windows-x86_64-none\Lib\encodings\cp1252.py", line 19, in encode
    return codecs.charmap_encode(input,self.errors,encoding_table)[0]
           ~~~~~~~~~~~~~~~~~~~~~^^^^^^^^^^^^^^^^^^^^^^^^^^^^^^^^^^
UnicodeEncodeError: 'charmap' codec can't encode character '\u20b9' in position 52: character maps to <undefined>
Call stack:
  File "C:\Users\AYESHA RAHMAN\murf-livekit-starter\backend\.uv-python\cpython-3.13-windows-x86_64-none\Lib\threading.py", line 1015, in _bootstrap
    self._bootstrap_inner()
  File "C:\Users\AYESHA RAHMAN\murf-livekit-starter\backend\.uv-python\cpython-3.13-windows-x86_64-none\Lib\threading.py", line 1044, in _bootstrap_inner
    self.run()
  File "C:\Users\AYESHA RAHMAN\murf-livekit-starter\backend\.uv-python\cpython-3.13-windows-x86_64-none\Lib\threading.py", line 995, in run
    self._target(*self._args, **self._kwargs)
  File "C:\Users\AYESHA RAHMAN\murf-livekit-starter\backend\.venv\Lib\site-packages\livekit\agents\ipc\job_proc_lazy_main.py", line 418, in thread_main
    client.run()
  File "C:\Users\AYESHA RAHMAN\murf-livekit-starter\backend\.venv\Lib\site-packages\livekit\agents\ipc\proc_client.py", line 70, in run
    loop.run_until_complete(self._task)
  File "C:\Users\AYESHA RAHMAN\murf-livekit-starter\backend\.uv-python\cpython-3.13-windows-x86_64-none\Lib\asyncio\base_events.py", line 712, in run_until_complete
    self.run_forever()
  File "C:\Users\AYESHA RAHMAN\murf-livekit-starter\backend\.uv-python\cpython-3.13-windows-x86_64-none\Lib\asyncio\base_events.py", line 683, in run_forever
    self._run_once()
  File "C:\Users\AYESHA RAHMAN\murf-livekit-starter\backend\.uv-python\cpython-3.13-windows-x86_64-none\Lib\asyncio\base_events.py", line 2060, in _run_once
    handle._run()
  File "C:\Users\AYESHA RAHMAN\murf-livekit-starter\backend\.uv-python\cpython-3.13-windows-x86_64-none\Lib\asyncio\events.py", line 89, in _run
    self._context.run(self._callback, *self._args)
  File "C:\Users\AYESHA RAHMAN\murf-livekit-starter\backend\.venv\Lib\site-packages\livekit\agents\stt\stt.py", line 384, in _metrics_monitor_task
    self._stt.emit("metrics_collected", stt_metrics)
  File "C:\Users\AYESHA RAHMAN\murf-livekit-starter\backend\.venv\Lib\site-packages\livekit\rtc\event_emitter.py", line 58, in emit
    callback(*callback_args)
  File "C:\Users\AYESHA RAHMAN\murf-livekit-starter\backend\.venv\Lib\site-packages\livekit\agents\voice\agent_activity.py", line 1162, in _on_metrics_collected
    self._session.emit("metrics_collected", MetricsCollectedEvent(metrics=ev))
  File "C:\Users\AYESHA RAHMAN\murf-livekit-starter\backend\.venv\Lib\site-packages\livekit\agents\voice\agent_session.py", line 428, in emit
    super().emit(event, arg)
  File "C:\Users\AYESHA RAHMAN\murf-livekit-starter\backend\.venv\Lib\site-packages\livekit\rtc\event_emitter.py", line 58, in emit
    callback(*callback_args)
  File "C:\Users\AYESHA RAHMAN\murf-livekit-starter\backend\src\agent.py", line 477, in on_metrics_collected
    logger.info(
  File "C:\Users\AYESHA RAHMAN\murf-livekit-starter\backend\.uv-python\cpython-3.13-windows-x86_64-none\Lib\logging\__init__.py", line 1520, in info
    self._log(INFO, msg, args, **kwargs)
  File "C:\Users\AYESHA RAHMAN\murf-livekit-starter\backend\.uv-python\cpython-3.13-windows-x86_64-none\Lib\logging\__init__.py", line 1665, in _log
    self.handle(record)
  File "C:\Users\AYESHA RAHMAN\murf-livekit-starter\backend\.uv-python\cpython-3.13-windows-x86_64-none\Lib\logging\__init__.py", line 1681, in handle
    self.callHandlers(record)
  File "C:\Users\AYESHA RAHMAN\murf-livekit-starter\backend\.uv-python\cpython-3.13-windows-x86_64-none\Lib\logging\__init__.py", line 1737, in callHandlers
    hdlr.handle(record)
  File "C:\Users\AYESHA RAHMAN\murf-livekit-starter\backend\.uv-python\cpython-3.13-windows-x86_64-none\Lib\logging\__init__.py", line 1027, in handle
    self.emit(record)
  File "C:\Users\AYESHA RAHMAN\murf-livekit-starter\backend\.venv\Lib\site-packages\livekit\agents\cli\cli.py", line 957, in emit
    self.handleError(record)
Message: '[DEBUG-%s] metrics=%s'
Arguments: ('STT', STTMetrics(type='stt_metrics', label='livekit.plugins.deepgram.stt.STT', request_id='01a00183-59f7-7ad3-8d42-92bf10e19690', timestamp=1786731846.062198, duration=0.0, audio_duration=3.4499999999999957, streamed=True, metadata=Metadata(model_name='nova-3', model_provider='Deepgram')))
--- Logging error ---
Traceback (most recent call last):
  File "C:\Users\AYESHA RAHMAN\murf-livekit-starter\backend\.venv\Lib\site-packages\livekit\agents\cli\cli.py", line 944, in emit
    self.c.console.print(output)
    ~~~~~~~~~~~~~~~~~~~~^^^^^^^^
  File "C:\Users\AYESHA RAHMAN\murf-livekit-starter\backend\.venv\Lib\site-packages\rich\console.py", line 1697, in print
    with self:
         ^^^^
  File "C:\Users\AYESHA RAHMAN\murf-livekit-starter\backend\.venv\Lib\site-packages\rich\console.py", line 870, in __exit__
    self._exit_buffer()
    ~~~~~~~~~~~~~~~~~^^
  File "C:\Users\AYESHA RAHMAN\murf-livekit-starter\backend\.venv\Lib\site-packages\rich\console.py", line 826, in _exit_buffer
    self._check_buffer()
    ~~~~~~~~~~~~~~~~~~^^
  File "C:\Users\AYESHA RAHMAN\murf-livekit-starter\backend\.venv\Lib\site-packages\rich\console.py", line 2042, in _check_buffer
    self._write_buffer()
    ~~~~~~~~~~~~~~~~~~^^
  File "C:\Users\AYESHA RAHMAN\murf-livekit-starter\backend\.venv\Lib\site-packages\rich\console.py", line 2078, in _write_buffer
    legacy_windows_render(buffer, LegacyWindowsTerm(self.file))
    ~~~~~~~~~~~~~~~~~~~~~^^^^^^^^^^^^^^^^^^^^^^^^^^^^^^^^^^^^^^
  File "C:\Users\AYESHA RAHMAN\murf-livekit-starter\backend\.venv\Lib\site-packages\rich\_windows_renderer.py", line 17, in legacy_windows_render
    term.write_styled(text, style)
    ~~~~~~~~~~~~~~~~~^^^^^^^^^^^^^
  File "C:\Users\AYESHA RAHMAN\murf-livekit-starter\backend\.venv\Lib\site-packages\rich\_win32_console.py", line 441, in write_styled
    self.write_text(text)
    ~~~~~~~~~~~~~~~^^^^^^
  File "C:\Users\AYESHA RAHMAN\murf-livekit-starter\backend\.venv\Lib\site-packages\rich\_win32_console.py", line 402, in write_text
    self.write(text)
    ~~~~~~~~~~^^^^^^
  File "C:\Users\AYESHA RAHMAN\murf-livekit-starter\backend\.uv-python\cpython-3.13-windows-x86_64-none\Lib\encodings\cp1252.py", line 19, in encode
    return codecs.charmap_encode(input,self.errors,encoding_table)[0]
           ~~~~~~~~~~~~~~~~~~~~~^^^^^^^^^^^^^^^^^^^^^^^^^^^^^^^^^^
UnicodeEncodeError: 'charmap' codec can't encode character '\u20b9' in position 52: character maps to <undefined>
Call stack:
  File "C:\Users\AYESHA RAHMAN\murf-livekit-starter\backend\.uv-python\cpython-3.13-windows-x86_64-none\Lib\threading.py", line 1015, in _bootstrap
    self._bootstrap_inner()
  File "C:\Users\AYESHA RAHMAN\murf-livekit-starter\backend\.uv-python\cpython-3.13-windows-x86_64-none\Lib\threading.py", line 1044, in _bootstrap_inner
    self.run()
  File "C:\Users\AYESHA RAHMAN\murf-livekit-starter\backend\.uv-python\cpython-3.13-windows-x86_64-none\Lib\threading.py", line 995, in run
    self._target(*self._args, **self._kwargs)
  File "C:\Users\AYESHA RAHMAN\murf-livekit-starter\backend\.venv\Lib\site-packages\livekit\agents\ipc\job_proc_lazy_main.py", line 418, in thread_main
    client.run()
  File "C:\Users\AYESHA RAHMAN\murf-livekit-starter\backend\.venv\Lib\site-packages\livekit\agents\ipc\proc_client.py", line 70, in run
    loop.run_until_complete(self._task)
  File "C:\Users\AYESHA RAHMAN\murf-livekit-starter\backend\.uv-python\cpython-3.13-windows-x86_64-none\Lib\asyncio\base_events.py", line 712, in run_until_complete
    self.run_forever()
  File "C:\Users\AYESHA RAHMAN\murf-livekit-starter\backend\.uv-python\cpython-3.13-windows-x86_64-none\Lib\asyncio\base_events.py", line 683, in run_forever
    self._run_once()
  File "C:\Users\AYESHA RAHMAN\murf-livekit-starter\backend\.uv-python\cpython-3.13-windows-x86_64-none\Lib\asyncio\base_events.py", line 2060, in _run_once
    handle._run()
  File "C:\Users\AYESHA RAHMAN\murf-livekit-starter\backend\.uv-python\cpython-3.13-windows-x86_64-none\Lib\asyncio\events.py", line 89, in _run
    self._context.run(self._callback, *self._args)
  File "C:\Users\AYESHA RAHMAN\murf-livekit-starter\backend\.venv\Lib\site-packages\livekit\agents\stt\stt.py", line 384, in _metrics_monitor_task
    self._stt.emit("metrics_collected", stt_metrics)
  File "C:\Users\AYESHA RAHMAN\murf-livekit-starter\backend\.venv\Lib\site-packages\livekit\rtc\event_emitter.py", line 58, in emit
    callback(*callback_args)
  File "C:\Users\AYESHA RAHMAN\murf-livekit-starter\backend\.venv\Lib\site-packages\livekit\agents\voice\agent_activity.py", line 1162, in _on_metrics_collected
    self._session.emit("metrics_collected", MetricsCollectedEvent(metrics=ev))
  File "C:\Users\AYESHA RAHMAN\murf-livekit-starter\backend\.venv\Lib\site-packages\livekit\agents\voice\agent_session.py", line 428, in emit
    super().emit(event, arg)
  File "C:\Users\AYESHA RAHMAN\murf-livekit-starter\backend\.venv\Lib\site-packages\livekit\rtc\event_emitter.py", line 58, in emit
    callback(*callback_args)
  File "C:\Users\AYESHA RAHMAN\murf-livekit-starter\backend\src\agent.py", line 477, in on_metrics_collected
    logger.info(
  File "C:\Users\AYESHA RAHMAN\murf-livekit-starter\backend\.uv-python\cpython-3.13-windows-x86_64-none\Lib\logging\__init__.py", line 1520, in info
    self._log(INFO, msg, args, **kwargs)
  File "C:\Users\AYESHA RAHMAN\murf-livekit-starter\backend\.uv-python\cpython-3.13-windows-x86_64-none\Lib\logging\__init__.py", line 1665, in _log
    self.handle(record)
  File "C:\Users\AYESHA RAHMAN\murf-livekit-starter\backend\.uv-python\cpython-3.13-windows-x86_64-none\Lib\logging\__init__.py", line 1681, in handle
    self.callHandlers(record)
  File "C:\Users\AYESHA RAHMAN\murf-livekit-starter\backend\.uv-python\cpython-3.13-windows-x86_64-none\Lib\logging\__init__.py", line 1737, in callHandlers
    hdlr.handle(record)
  File "C:\Users\AYESHA RAHMAN\murf-livekit-starter\backend\.uv-python\cpython-3.13-windows-x86_64-none\Lib\logging\__init__.py", line 1027, in handle
    self.emit(record)
  File "C:\Users\AYESHA RAHMAN\murf-livekit-starter\backend\.venv\Lib\site-packages\livekit\agents\cli\cli.py", line 957, in emit
    self.handleError(record)
Message: '[DEBUG-%s] metrics=%s'
Arguments: ('STT', STTMetrics(type='stt_metrics', label='livekit.plugins.deepgram.stt.STT', request_id='01a00183-59f7-7ad3-8d42-92bf10e19690', timestamp=1786731851.0903745, duration=0.0, audio_duration=7.099999999999983, streamed=True, metadata=Metadata(model_name='nova-3', model_provider='Deepgram')))
--- Logging error ---
Traceback (most recent call last):
  File "C:\Users\AYESHA RAHMAN\murf-livekit-starter\backend\.venv\Lib\site-packages\livekit\agents\cli\cli.py", line 944, in emit
    self.c.console.print(output)
    ~~~~~~~~~~~~~~~~~~~~^^^^^^^^
  File "C:\Users\AYESHA RAHMAN\murf-livekit-starter\backend\.venv\Lib\site-packages\rich\console.py", line 1697, in print
    with self:
         ^^^^
  File "C:\Users\AYESHA RAHMAN\murf-livekit-starter\backend\.venv\Lib\site-packages\rich\console.py", line 870, in __exit__
    self._exit_buffer()
    ~~~~~~~~~~~~~~~~~^^
  File "C:\Users\AYESHA RAHMAN\murf-livekit-starter\backend\.venv\Lib\site-packages\rich\console.py", line 826, in _exit_buffer
    self._check_buffer()
    ~~~~~~~~~~~~~~~~~~^^
  File "C:\Users\AYESHA RAHMAN\murf-livekit-starter\backend\.venv\Lib\site-packages\rich\console.py", line 2042, in _check_buffer
    self._write_buffer()
    ~~~~~~~~~~~~~~~~~~^^
  File "C:\Users\AYESHA RAHMAN\murf-livekit-starter\backend\.venv\Lib\site-packages\rich\console.py", line 2078, in _write_buffer
    legacy_windows_render(buffer, LegacyWindowsTerm(self.file))
    ~~~~~~~~~~~~~~~~~~~~~^^^^^^^^^^^^^^^^^^^^^^^^^^^^^^^^^^^^^^
  File "C:\Users\AYESHA RAHMAN\murf-livekit-starter\backend\.venv\Lib\site-packages\rich\_windows_renderer.py", line 17, in legacy_windows_render
    term.write_styled(text, style)
    ~~~~~~~~~~~~~~~~~^^^^^^^^^^^^^
  File "C:\Users\AYESHA RAHMAN\murf-livekit-starter\backend\.venv\Lib\site-packages\rich\_win32_console.py", line 441, in write_styled
    self.write_text(text)
    ~~~~~~~~~~~~~~~^^^^^^
  File "C:\Users\AYESHA RAHMAN\murf-livekit-starter\backend\.venv\Lib\site-packages\rich\_win32_console.py", line 402, in write_text
    self.write(text)
    ~~~~~~~~~~^^^^^^
  File "C:\Users\AYESHA RAHMAN\murf-livekit-starter\backend\.uv-python\cpython-3.13-windows-x86_64-none\Lib\encodings\cp1252.py", line 19, in encode
    return codecs.charmap_encode(input,self.errors,encoding_table)[0]
           ~~~~~~~~~~~~~~~~~~~~~^^^^^^^^^^^^^^^^^^^^^^^^^^^^^^^^^^
UnicodeEncodeError: 'charmap' codec can't encode character '\u20b9' in position 52: character maps to <undefined>
Call stack:
  File "C:\Users\AYESHA RAHMAN\murf-livekit-starter\backend\.uv-python\cpython-3.13-windows-x86_64-none\Lib\threading.py", line 1015, in _bootstrap
    self._bootstrap_inner()
  File "C:\Users\AYESHA RAHMAN\murf-livekit-starter\backend\.uv-python\cpython-3.13-windows-x86_64-none\Lib\threading.py", line 1044, in _bootstrap_inner
    self.run()
  File "C:\Users\AYESHA RAHMAN\murf-livekit-starter\backend\.uv-python\cpython-3.13-windows-x86_64-none\Lib\threading.py", line 995, in run
    self._target(*self._args, **self._kwargs)
  File "C:\Users\AYESHA RAHMAN\murf-livekit-starter\backend\.venv\Lib\site-packages\livekit\agents\ipc\job_proc_lazy_main.py", line 418, in thread_main
    client.run()
  File "C:\Users\AYESHA RAHMAN\murf-livekit-starter\backend\.venv\Lib\site-packages\livekit\agents\ipc\proc_client.py", line 70, in run
    loop.run_until_complete(self._task)
  File "C:\Users\AYESHA RAHMAN\murf-livekit-starter\backend\.uv-python\cpython-3.13-windows-x86_64-none\Lib\asyncio\base_events.py", line 712, in run_until_complete
    self.run_forever()
  File "C:\Users\AYESHA RAHMAN\murf-livekit-starter\backend\.uv-python\cpython-3.13-windows-x86_64-none\Lib\asyncio\base_events.py", line 683, in run_forever
    self._run_once()
  File "C:\Users\AYESHA RAHMAN\murf-livekit-starter\backend\.uv-python\cpython-3.13-windows-x86_64-none\Lib\asyncio\base_events.py", line 2060, in _run_once
    handle._run()
  File "C:\Users\AYESHA RAHMAN\murf-livekit-starter\backend\.uv-python\cpython-3.13-windows-x86_64-none\Lib\asyncio\events.py", line 89, in _run
    self._context.run(self._callback, *self._args)
  File "C:\Users\AYESHA RAHMAN\murf-livekit-starter\backend\.venv\Lib\site-packages\livekit\agents\stt\stt.py", line 384, in _metrics_monitor_task
    self._stt.emit("metrics_collected", stt_metrics)
  File "C:\Users\AYESHA RAHMAN\murf-livekit-starter\backend\.venv\Lib\site-packages\livekit\rtc\event_emitter.py", line 58, in emit
    callback(*callback_args)
  File "C:\Users\AYESHA RAHMAN\murf-livekit-starter\backend\.venv\Lib\site-packages\livekit\agents\voice\agent_activity.py", line 1162, in _on_metrics_collected
    self._session.emit("metrics_collected", MetricsCollectedEvent(metrics=ev))
  File "C:\Users\AYESHA RAHMAN\murf-livekit-starter\backend\.venv\Lib\site-packages\livekit\agents\voice\agent_session.py", line 428, in emit
    super().emit(event, arg)
  File "C:\Users\AYESHA RAHMAN\murf-livekit-starter\backend\.venv\Lib\site-packages\livekit\rtc\event_emitter.py", line 58, in emit
    callback(*callback_args)
  File "C:\Users\AYESHA RAHMAN\murf-livekit-starter\backend\src\agent.py", line 477, in on_metrics_collected
    logger.info(
  File "C:\Users\AYESHA RAHMAN\murf-livekit-starter\backend\.uv-python\cpython-3.13-windows-x86_64-none\Lib\logging\__init__.py", line 1520, in info
    self._log(INFO, msg, args, **kwargs)
  File "C:\Users\AYESHA RAHMAN\murf-livekit-starter\backend\.uv-python\cpython-3.13-windows-x86_64-none\Lib\logging\__init__.py", line 1665, in _log
    self.handle(record)
  File "C:\Users\AYESHA RAHMAN\murf-livekit-starter\backend\.uv-python\cpython-3.13-windows-x86_64-none\Lib\logging\__init__.py", line 1681, in handle
    self.callHandlers(record)
  File "C:\Users\AYESHA RAHMAN\murf-livekit-starter\backend\.uv-python\cpython-3.13-windows-x86_64-none\Lib\logging\__init__.py", line 1737, in callHandlers
    hdlr.handle(record)
  File "C:\Users\AYESHA RAHMAN\murf-livekit-starter\backend\.uv-python\cpython-3.13-windows-x86_64-none\Lib\logging\__init__.py", line 1027, in handle
    self.emit(record)
  File "C:\Users\AYESHA RAHMAN\murf-livekit-starter\backend\.venv\Lib\site-packages\livekit\agents\cli\cli.py", line 957, in emit
    self.handleError(record)
Message: '[DEBUG-%s] metrics=%s'
Arguments: ('STT', STTMetrics(type='stt_metrics', label='livekit.plugins.deepgram.stt.STT', request_id='01a00183-59f7-7ad3-8d42-92bf10e19690', timestamp=1786731856.0952823, duration=0.0, audio_duration=4.99999999999999, streamed=True, metadata=Metadata(model_name='nova-3', model_provider='Deepgram')))
--- Logging error ---
Traceback (most recent call last):
  File "C:\Users\AYESHA RAHMAN\murf-livekit-starter\backend\.venv\Lib\site-packages\livekit\agents\cli\cli.py", line 944, in emit
    self.c.console.print(output)
    ~~~~~~~~~~~~~~~~~~~~^^^^^^^^
  File "C:\Users\AYESHA RAHMAN\murf-livekit-starter\backend\.venv\Lib\site-packages\rich\console.py", line 1697, in print
    with self:
         ^^^^
  File "C:\Users\AYESHA RAHMAN\murf-livekit-starter\backend\.venv\Lib\site-packages\rich\console.py", line 870, in __exit__
    self._exit_buffer()
    ~~~~~~~~~~~~~~~~~^^
  File "C:\Users\AYESHA RAHMAN\murf-livekit-starter\backend\.venv\Lib\site-packages\rich\console.py", line 826, in _exit_buffer
    self._check_buffer()
    ~~~~~~~~~~~~~~~~~~^^
  File "C:\Users\AYESHA RAHMAN\murf-livekit-starter\backend\.venv\Lib\site-packages\rich\console.py", line 2042, in _check_buffer
    self._write_buffer()
    ~~~~~~~~~~~~~~~~~~^^
  File "C:\Users\AYESHA RAHMAN\murf-livekit-starter\backend\.venv\Lib\site-packages\rich\console.py", line 2078, in _write_buffer
    legacy_windows_render(buffer, LegacyWindowsTerm(self.file))
    ~~~~~~~~~~~~~~~~~~~~~^^^^^^^^^^^^^^^^^^^^^^^^^^^^^^^^^^^^^^
  File "C:\Users\AYESHA RAHMAN\murf-livekit-starter\backend\.venv\Lib\site-packages\rich\_windows_renderer.py", line 17, in legacy_windows_render
    term.write_styled(text, style)
    ~~~~~~~~~~~~~~~~~^^^^^^^^^^^^^
  File "C:\Users\AYESHA RAHMAN\murf-livekit-starter\backend\.venv\Lib\site-packages\rich\_win32_console.py", line 441, in write_styled
    self.write_text(text)
    ~~~~~~~~~~~~~~~^^^^^^
  File "C:\Users\AYESHA RAHMAN\murf-livekit-starter\backend\.venv\Lib\site-packages\rich\_win32_console.py", line 402, in write_text
    self.write(text)
    ~~~~~~~~~~^^^^^^
  File "C:\Users\AYESHA RAHMAN\murf-livekit-starter\backend\.uv-python\cpython-3.13-windows-x86_64-none\Lib\encodings\cp1252.py", line 19, in encode
    return codecs.charmap_encode(input,self.errors,encoding_table)[0]
           ~~~~~~~~~~~~~~~~~~~~~^^^^^^^^^^^^^^^^^^^^^^^^^^^^^^^^^^
UnicodeEncodeError: 'charmap' codec can't encode character '\u20b9' in position 52: character maps to <undefined>
Call stack:
  File "C:\Users\AYESHA RAHMAN\murf-livekit-starter\backend\.uv-python\cpython-3.13-windows-x86_64-none\Lib\threading.py", line 1015, in _bootstrap
    self._bootstrap_inner()
  File "C:\Users\AYESHA RAHMAN\murf-livekit-starter\backend\.uv-python\cpython-3.13-windows-x86_64-none\Lib\threading.py", line 1044, in _bootstrap_inner
    self.run()
  File "C:\Users\AYESHA RAHMAN\murf-livekit-starter\backend\.uv-python\cpython-3.13-windows-x86_64-none\Lib\threading.py", line 995, in run
    self._target(*self._args, **self._kwargs)
  File "C:\Users\AYESHA RAHMAN\murf-livekit-starter\backend\.venv\Lib\site-packages\livekit\agents\ipc\job_proc_lazy_main.py", line 418, in thread_main
    client.run()
  File "C:\Users\AYESHA RAHMAN\murf-livekit-starter\backend\.venv\Lib\site-packages\livekit\agents\ipc\proc_client.py", line 70, in run
    loop.run_until_complete(self._task)
  File "C:\Users\AYESHA RAHMAN\murf-livekit-starter\backend\.uv-python\cpython-3.13-windows-x86_64-none\Lib\asyncio\base_events.py", line 712, in run_until_complete
    self.run_forever()
  File "C:\Users\AYESHA RAHMAN\murf-livekit-starter\backend\.uv-python\cpython-3.13-windows-x86_64-none\Lib\asyncio\base_events.py", line 683, in run_forever
    self._run_once()
  File "C:\Users\AYESHA RAHMAN\murf-livekit-starter\backend\.uv-python\cpython-3.13-windows-x86_64-none\Lib\asyncio\base_events.py", line 2060, in _run_once
    handle._run()
  File "C:\Users\AYESHA RAHMAN\murf-livekit-starter\backend\.uv-python\cpython-3.13-windows-x86_64-none\Lib\asyncio\events.py", line 89, in _run
    self._context.run(self._callback, *self._args)
  File "C:\Users\AYESHA RAHMAN\murf-livekit-starter\backend\.venv\Lib\site-packages\livekit\agents\stt\stt.py", line 384, in _metrics_monitor_task
    self._stt.emit("metrics_collected", stt_metrics)
  File "C:\Users\AYESHA RAHMAN\murf-livekit-starter\backend\.venv\Lib\site-packages\livekit\rtc\event_emitter.py", line 58, in emit
    callback(*callback_args)
  File "C:\Users\AYESHA RAHMAN\murf-livekit-starter\backend\.venv\Lib\site-packages\livekit\agents\voice\agent_activity.py", line 1162, in _on_metrics_collected
    self._session.emit("metrics_collected", MetricsCollectedEvent(metrics=ev))
  File "C:\Users\AYESHA RAHMAN\murf-livekit-starter\backend\.venv\Lib\site-packages\livekit\agents\voice\agent_session.py", line 428, in emit
    super().emit(event, arg)
  File "C:\Users\AYESHA RAHMAN\murf-livekit-starter\backend\.venv\Lib\site-packages\livekit\rtc\event_emitter.py", line 58, in emit
    callback(*callback_args)
  File "C:\Users\AYESHA RAHMAN\murf-livekit-starter\backend\src\agent.py", line 477, in on_metrics_collected
    logger.info(
  File "C:\Users\AYESHA RAHMAN\murf-livekit-starter\backend\.uv-python\cpython-3.13-windows-x86_64-none\Lib\logging\__init__.py", line 1520, in info
    self._log(INFO, msg, args, **kwargs)
  File "C:\Users\AYESHA RAHMAN\murf-livekit-starter\backend\.uv-python\cpython-3.13-windows-x86_64-none\Lib\logging\__init__.py", line 1665, in _log
    self.handle(record)
  File "C:\Users\AYESHA RAHMAN\murf-livekit-starter\backend\.uv-python\cpython-3.13-windows-x86_64-none\Lib\logging\__init__.py", line 1681, in handle
    self.callHandlers(record)
  File "C:\Users\AYESHA RAHMAN\murf-livekit-starter\backend\.uv-python\cpython-3.13-windows-x86_64-none\Lib\logging\__init__.py", line 1737, in callHandlers
    hdlr.handle(record)
  File "C:\Users\AYESHA RAHMAN\murf-livekit-starter\backend\.uv-python\cpython-3.13-windows-x86_64-none\Lib\logging\__init__.py", line 1027, in handle
    self.emit(record)
  File "C:\Users\AYESHA RAHMAN\murf-livekit-starter\backend\.venv\Lib\site-packages\livekit\agents\cli\cli.py", line 957, in emit
    self.handleError(record)
Message: '[DEBUG-%s] metrics=%s'
Arguments: ('STT', STTMetrics(type='stt_metrics', label='livekit.plugins.deepgram.stt.STT', request_id='01a00183-59f7-7ad3-8d42-92bf10e19690', timestamp=1786731861.1521857, duration=0.0, audio_duration=5.04999999999999, streamed=True, metadata=Metadata(model_name='nova-3', model_provider='Deepgram')))
--- Logging error ---
Traceback (most recent call last):
  File "C:\Users\AYESHA RAHMAN\murf-livekit-starter\backend\.venv\Lib\site-packages\livekit\agents\cli\cli.py", line 944, in emit
    self.c.console.print(output)
    ~~~~~~~~~~~~~~~~~~~~^^^^^^^^
  File "C:\Users\AYESHA RAHMAN\murf-livekit-starter\backend\.venv\Lib\site-packages\rich\console.py", line 1697, in print
    with self:
         ^^^^
  File "C:\Users\AYESHA RAHMAN\murf-livekit-starter\backend\.venv\Lib\site-packages\rich\console.py", line 870, in __exit__
    self._exit_buffer()
    ~~~~~~~~~~~~~~~~~^^
  File "C:\Users\AYESHA RAHMAN\murf-livekit-starter\backend\.venv\Lib\site-packages\rich\console.py", line 826, in _exit_buffer
    self._check_buffer()
    ~~~~~~~~~~~~~~~~~~^^
  File "C:\Users\AYESHA RAHMAN\murf-livekit-starter\backend\.venv\Lib\site-packages\rich\console.py", line 2042, in _check_buffer
    self._write_buffer()
    ~~~~~~~~~~~~~~~~~~^^
  File "C:\Users\AYESHA RAHMAN\murf-livekit-starter\backend\.venv\Lib\site-packages\rich\console.py", line 2078, in _write_buffer
    legacy_windows_render(buffer, LegacyWindowsTerm(self.file))
    ~~~~~~~~~~~~~~~~~~~~~^^^^^^^^^^^^^^^^^^^^^^^^^^^^^^^^^^^^^^
  File "C:\Users\AYESHA RAHMAN\murf-livekit-starter\backend\.venv\Lib\site-packages\rich\_windows_renderer.py", line 17, in legacy_windows_render
    term.write_styled(text, style)
    ~~~~~~~~~~~~~~~~~^^^^^^^^^^^^^
  File "C:\Users\AYESHA RAHMAN\murf-livekit-starter\backend\.venv\Lib\site-packages\rich\_win32_console.py", line 441, in write_styled
    self.write_text(text)
    ~~~~~~~~~~~~~~~^^^^^^
  File "C:\Users\AYESHA RAHMAN\murf-livekit-starter\backend\.venv\Lib\site-packages\rich\_win32_console.py", line 402, in write_text
    self.write(text)
    ~~~~~~~~~~^^^^^^
  File "C:\Users\AYESHA RAHMAN\murf-livekit-starter\backend\.uv-python\cpython-3.13-windows-x86_64-none\Lib\encodings\cp1252.py", line 19, in encode
    return codecs.charmap_encode(input,self.errors,encoding_table)[0]
           ~~~~~~~~~~~~~~~~~~~~~^^^^^^^^^^^^^^^^^^^^^^^^^^^^^^^^^^
UnicodeEncodeError: 'charmap' codec can't encode character '\u20b9' in position 52: character maps to <undefined>
Call stack:
  File "C:\Users\AYESHA RAHMAN\murf-livekit-starter\backend\.uv-python\cpython-3.13-windows-x86_64-none\Lib\threading.py", line 1015, in _bootstrap
    self._bootstrap_inner()
  File "C:\Users\AYESHA RAHMAN\murf-livekit-starter\backend\.uv-python\cpython-3.13-windows-x86_64-none\Lib\threading.py", line 1044, in _bootstrap_inner
    self.run()
  File "C:\Users\AYESHA RAHMAN\murf-livekit-starter\backend\.uv-python\cpython-3.13-windows-x86_64-none\Lib\threading.py", line 995, in run
    self._target(*self._args, **self._kwargs)
  File "C:\Users\AYESHA RAHMAN\murf-livekit-starter\backend\.venv\Lib\site-packages\livekit\agents\ipc\job_proc_lazy_main.py", line 418, in thread_main
    client.run()
  File "C:\Users\AYESHA RAHMAN\murf-livekit-starter\backend\.venv\Lib\site-packages\livekit\agents\ipc\proc_client.py", line 70, in run
    loop.run_until_complete(self._task)
  File "C:\Users\AYESHA RAHMAN\murf-livekit-starter\backend\.uv-python\cpython-3.13-windows-x86_64-none\Lib\asyncio\base_events.py", line 712, in run_until_complete
    self.run_forever()
  File "C:\Users\AYESHA RAHMAN\murf-livekit-starter\backend\.uv-python\cpython-3.13-windows-x86_64-none\Lib\asyncio\base_events.py", line 683, in run_forever
    self._run_once()
  File "C:\Users\AYESHA RAHMAN\murf-livekit-starter\backend\.uv-python\cpython-3.13-windows-x86_64-none\Lib\asyncio\base_events.py", line 2060, in _run_once
    handle._run()
  File "C:\Users\AYESHA RAHMAN\murf-livekit-starter\backend\.uv-python\cpython-3.13-windows-x86_64-none\Lib\asyncio\events.py", line 89, in _run
    self._context.run(self._callback, *self._args)
  File "C:\Users\AYESHA RAHMAN\murf-livekit-starter\backend\.venv\Lib\site-packages\livekit\agents\stt\stt.py", line 384, in _metrics_monitor_task
    self._stt.emit("metrics_collected", stt_metrics)
  File "C:\Users\AYESHA RAHMAN\murf-livekit-starter\backend\.venv\Lib\site-packages\livekit\rtc\event_emitter.py", line 58, in emit
    callback(*callback_args)
  File "C:\Users\AYESHA RAHMAN\murf-livekit-starter\backend\.venv\Lib\site-packages\livekit\agents\voice\agent_activity.py", line 1162, in _on_metrics_collected
    self._session.emit("metrics_collected", MetricsCollectedEvent(metrics=ev))
  File "C:\Users\AYESHA RAHMAN\murf-livekit-starter\backend\.venv\Lib\site-packages\livekit\agents\voice\agent_session.py", line 428, in emit
    super().emit(event, arg)
  File "C:\Users\AYESHA RAHMAN\murf-livekit-starter\backend\.venv\Lib\site-packages\livekit\rtc\event_emitter.py", line 58, in emit
    callback(*callback_args)
  File "C:\Users\AYESHA RAHMAN\murf-livekit-starter\backend\src\agent.py", line 477, in on_metrics_collected
    logger.info(
  File "C:\Users\AYESHA RAHMAN\murf-livekit-starter\backend\.uv-python\cpython-3.13-windows-x86_64-none\Lib\logging\__init__.py", line 1520, in info
    self._log(INFO, msg, args, **kwargs)
  File "C:\Users\AYESHA RAHMAN\murf-livekit-starter\backend\.uv-python\cpython-3.13-windows-x86_64-none\Lib\logging\__init__.py", line 1665, in _log
    self.handle(record)
  File "C:\Users\AYESHA RAHMAN\murf-livekit-starter\backend\.uv-python\cpython-3.13-windows-x86_64-none\Lib\logging\__init__.py", line 1681, in handle
    self.callHandlers(record)
  File "C:\Users\AYESHA RAHMAN\murf-livekit-starter\backend\.uv-python\cpython-3.13-windows-x86_64-none\Lib\logging\__init__.py", line 1737, in callHandlers
    hdlr.handle(record)
  File "C:\Users\AYESHA RAHMAN\murf-livekit-starter\backend\.uv-python\cpython-3.13-windows-x86_64-none\Lib\logging\__init__.py", line 1027, in handle
    self.emit(record)
  File "C:\Users\AYESHA RAHMAN\murf-livekit-starter\backend\.venv\Lib\site-packages\livekit\agents\cli\cli.py", line 957, in emit
    self.handleError(record)
Message: '[DEBUG-%s] metrics=%s'
Arguments: ('STT', STTMetrics(type='stt_metrics', label='livekit.plugins.deepgram.stt.STT', request_id='01a00183-59f7-7ad3-8d42-92bf10e19690', timestamp=1786731866.1534808, duration=0.0, audio_duration=4.99999999999999, streamed=True, metadata=Metadata(model_name='nova-3', model_provider='Deepgram')))
--- Logging error ---
Traceback (most recent call last):
  File "C:\Users\AYESHA RAHMAN\murf-livekit-starter\backend\.venv\Lib\site-packages\livekit\agents\cli\cli.py", line 944, in emit
    self.c.console.print(output)
    ~~~~~~~~~~~~~~~~~~~~^^^^^^^^
  File "C:\Users\AYESHA RAHMAN\murf-livekit-starter\backend\.venv\Lib\site-packages\rich\console.py", line 1697, in print
    with self:
         ^^^^
  File "C:\Users\AYESHA RAHMAN\murf-livekit-starter\backend\.venv\Lib\site-packages\rich\console.py", line 870, in __exit__
    self._exit_buffer()
    ~~~~~~~~~~~~~~~~~^^
  File "C:\Users\AYESHA RAHMAN\murf-livekit-starter\backend\.venv\Lib\site-packages\rich\console.py", line 826, in _exit_buffer
    self._check_buffer()
    ~~~~~~~~~~~~~~~~~~^^
  File "C:\Users\AYESHA RAHMAN\murf-livekit-starter\backend\.venv\Lib\site-packages\rich\console.py", line 2042, in _check_buffer
    self._write_buffer()
    ~~~~~~~~~~~~~~~~~~^^
  File "C:\Users\AYESHA RAHMAN\murf-livekit-starter\backend\.venv\Lib\site-packages\rich\console.py", line 2078, in _write_buffer
    legacy_windows_render(buffer, LegacyWindowsTerm(self.file))
    ~~~~~~~~~~~~~~~~~~~~~^^^^^^^^^^^^^^^^^^^^^^^^^^^^^^^^^^^^^^
  File "C:\Users\AYESHA RAHMAN\murf-livekit-starter\backend\.venv\Lib\site-packages\rich\_windows_renderer.py", line 17, in legacy_windows_render
    term.write_styled(text, style)
    ~~~~~~~~~~~~~~~~~^^^^^^^^^^^^^
  File "C:\Users\AYESHA RAHMAN\murf-livekit-starter\backend\.venv\Lib\site-packages\rich\_win32_console.py", line 441, in write_styled
    self.write_text(text)
    ~~~~~~~~~~~~~~~^^^^^^
  File "C:\Users\AYESHA RAHMAN\murf-livekit-starter\backend\.venv\Lib\site-packages\rich\_win32_console.py", line 402, in write_text
    self.write(text)
    ~~~~~~~~~~^^^^^^
  File "C:\Users\AYESHA RAHMAN\murf-livekit-starter\backend\.uv-python\cpython-3.13-windows-x86_64-none\Lib\encodings\cp1252.py", line 19, in encode
    return codecs.charmap_encode(input,self.errors,encoding_table)[0]
           ~~~~~~~~~~~~~~~~~~~~~^^^^^^^^^^^^^^^^^^^^^^^^^^^^^^^^^^
UnicodeEncodeError: 'charmap' codec can't encode character '\u20b9' in position 52: character maps to <undefined>
Call stack:
  File "C:\Users\AYESHA RAHMAN\murf-livekit-starter\backend\.uv-python\cpython-3.13-windows-x86_64-none\Lib\threading.py", line 1015, in _bootstrap
    self._bootstrap_inner()
  File "C:\Users\AYESHA RAHMAN\murf-livekit-starter\backend\.uv-python\cpython-3.13-windows-x86_64-none\Lib\threading.py", line 1044, in _bootstrap_inner
    self.run()
  File "C:\Users\AYESHA RAHMAN\murf-livekit-starter\backend\.uv-python\cpython-3.13-windows-x86_64-none\Lib\threading.py", line 995, in run
    self._target(*self._args, **self._kwargs)
  File "C:\Users\AYESHA RAHMAN\murf-livekit-starter\backend\.venv\Lib\site-packages\livekit\agents\ipc\job_proc_lazy_main.py", line 418, in thread_main
    client.run()
  File "C:\Users\AYESHA RAHMAN\murf-livekit-starter\backend\.venv\Lib\site-packages\livekit\agents\ipc\proc_client.py", line 70, in run
    loop.run_until_complete(self._task)
  File "C:\Users\AYESHA RAHMAN\murf-livekit-starter\backend\.uv-python\cpython-3.13-windows-x86_64-none\Lib\asyncio\base_events.py", line 712, in run_until_complete
    self.run_forever()
  File "C:\Users\AYESHA RAHMAN\murf-livekit-starter\backend\.uv-python\cpython-3.13-windows-x86_64-none\Lib\asyncio\base_events.py", line 683, in run_forever
    self._run_once()
  File "C:\Users\AYESHA RAHMAN\murf-livekit-starter\backend\.uv-python\cpython-3.13-windows-x86_64-none\Lib\asyncio\base_events.py", line 2060, in _run_once
    handle._run()
  File "C:\Users\AYESHA RAHMAN\murf-livekit-starter\backend\.uv-python\cpython-3.13-windows-x86_64-none\Lib\asyncio\events.py", line 89, in _run
    self._context.run(self._callback, *self._args)
  File "C:\Users\AYESHA RAHMAN\murf-livekit-starter\backend\.venv\Lib\site-packages\livekit\agents\stt\stt.py", line 384, in _metrics_monitor_task
    self._stt.emit("metrics_collected", stt_metrics)
  File "C:\Users\AYESHA RAHMAN\murf-livekit-starter\backend\.venv\Lib\site-packages\livekit\rtc\event_emitter.py", line 58, in emit
    callback(*callback_args)
  File "C:\Users\AYESHA RAHMAN\murf-livekit-starter\backend\.venv\Lib\site-packages\livekit\agents\voice\agent_activity.py", line 1162, in _on_metrics_collected
    self._session.emit("metrics_collected", MetricsCollectedEvent(metrics=ev))
  File "C:\Users\AYESHA RAHMAN\murf-livekit-starter\backend\.venv\Lib\site-packages\livekit\agents\voice\agent_session.py", line 428, in emit
    super().emit(event, arg)
  File "C:\Users\AYESHA RAHMAN\murf-livekit-starter\backend\.venv\Lib\site-packages\livekit\rtc\event_emitter.py", line 58, in emit
    callback(*callback_args)
  File "C:\Users\AYESHA RAHMAN\murf-livekit-starter\backend\src\agent.py", line 477, in on_metrics_collected
    logger.info(
  File "C:\Users\AYESHA RAHMAN\murf-livekit-starter\backend\.uv-python\cpython-3.13-windows-x86_64-none\Lib\logging\__init__.py", line 1520, in info
    self._log(INFO, msg, args, **kwargs)
  File "C:\Users\AYESHA RAHMAN\murf-livekit-starter\backend\.uv-python\cpython-3.13-windows-x86_64-none\Lib\logging\__init__.py", line 1665, in _log
    self.handle(record)
  File "C:\Users\AYESHA RAHMAN\murf-livekit-starter\backend\.uv-python\cpython-3.13-windows-x86_64-none\Lib\logging\__init__.py", line 1681, in handle
    self.callHandlers(record)
  File "C:\Users\AYESHA RAHMAN\murf-livekit-starter\backend\.uv-python\cpython-3.13-windows-x86_64-none\Lib\logging\__init__.py", line 1737, in callHandlers
    hdlr.handle(record)
  File "C:\Users\AYESHA RAHMAN\murf-livekit-starter\backend\.uv-python\cpython-3.13-windows-x86_64-none\Lib\logging\__init__.py", line 1027, in handle
    self.emit(record)
  File "C:\Users\AYESHA RAHMAN\murf-livekit-starter\backend\.venv\Lib\site-packages\livekit\agents\cli\cli.py", line 957, in emit
    self.handleError(record)
Message: '[DEBUG-%s] metrics=%s'
Arguments: ('STT', STTMetrics(type='stt_metrics', label='livekit.plugins.deepgram.stt.STT', request_id='01a00183-59f7-7ad3-8d42-92bf10e19690', timestamp=1786731871.1964738, duration=0.0, audio_duration=5.04999999999999, streamed=True, metadata=Metadata(model_name='nova-3', model_provider='Deepgram')))
--- Logging error ---
Traceback (most recent call last):
  File "C:\Users\AYESHA RAHMAN\murf-livekit-starter\backend\.venv\Lib\site-packages\livekit\agents\cli\cli.py", line 944, in emit
    self.c.console.print(output)
    ~~~~~~~~~~~~~~~~~~~~^^^^^^^^
  File "C:\Users\AYESHA RAHMAN\murf-livekit-starter\backend\.venv\Lib\site-packages\rich\console.py", line 1697, in print
    with self:
         ^^^^
  File "C:\Users\AYESHA RAHMAN\murf-livekit-starter\backend\.venv\Lib\site-packages\rich\console.py", line 870, in __exit__
    self._exit_buffer()
    ~~~~~~~~~~~~~~~~~^^
  File "C:\Users\AYESHA RAHMAN\murf-livekit-starter\backend\.venv\Lib\site-packages\rich\console.py", line 826, in _exit_buffer
    self._check_buffer()
    ~~~~~~~~~~~~~~~~~~^^
  File "C:\Users\AYESHA RAHMAN\murf-livekit-starter\backend\.venv\Lib\site-packages\rich\console.py", line 2042, in _check_buffer
    self._write_buffer()
    ~~~~~~~~~~~~~~~~~~^^
  File "C:\Users\AYESHA RAHMAN\murf-livekit-starter\backend\.venv\Lib\site-packages\rich\console.py", line 2078, in _write_buffer
    legacy_windows_render(buffer, LegacyWindowsTerm(self.file))
    ~~~~~~~~~~~~~~~~~~~~~^^^^^^^^^^^^^^^^^^^^^^^^^^^^^^^^^^^^^^
  File "C:\Users\AYESHA RAHMAN\murf-livekit-starter\backend\.venv\Lib\site-packages\rich\_windows_renderer.py", line 17, in legacy_windows_render
    term.write_styled(text, style)
    ~~~~~~~~~~~~~~~~~^^^^^^^^^^^^^
  File "C:\Users\AYESHA RAHMAN\murf-livekit-starter\backend\.venv\Lib\site-packages\rich\_win32_console.py", line 441, in write_styled
    self.write_text(text)
    ~~~~~~~~~~~~~~~^^^^^^
  File "C:\Users\AYESHA RAHMAN\murf-livekit-starter\backend\.venv\Lib\site-packages\rich\_win32_console.py", line 402, in write_text
    self.write(text)
    ~~~~~~~~~~^^^^^^
  File "C:\Users\AYESHA RAHMAN\murf-livekit-starter\backend\.uv-python\cpython-3.13-windows-x86_64-none\Lib\encodings\cp1252.py", line 19, in encode
    return codecs.charmap_encode(input,self.errors,encoding_table)[0]
           ~~~~~~~~~~~~~~~~~~~~~^^^^^^^^^^^^^^^^^^^^^^^^^^^^^^^^^^
UnicodeEncodeError: 'charmap' codec can't encode character '\u20b9' in position 52: character maps to <undefined>
Call stack:
  File "C:\Users\AYESHA RAHMAN\murf-livekit-starter\backend\.uv-python\cpython-3.13-windows-x86_64-none\Lib\threading.py", line 1015, in _bootstrap
    self._bootstrap_inner()
  File "C:\Users\AYESHA RAHMAN\murf-livekit-starter\backend\.uv-python\cpython-3.13-windows-x86_64-none\Lib\threading.py", line 1044, in _bootstrap_inner
    self.run()
  File "C:\Users\AYESHA RAHMAN\murf-livekit-starter\backend\.uv-python\cpython-3.13-windows-x86_64-none\Lib\threading.py", line 995, in run
    self._target(*self._args, **self._kwargs)
  File "C:\Users\AYESHA RAHMAN\murf-livekit-starter\backend\.venv\Lib\site-packages\livekit\agents\ipc\job_proc_lazy_main.py", line 418, in thread_main
    client.run()
  File "C:\Users\AYESHA RAHMAN\murf-livekit-starter\backend\.venv\Lib\site-packages\livekit\agents\ipc\proc_client.py", line 70, in run
    loop.run_until_complete(self._task)
  File "C:\Users\AYESHA RAHMAN\murf-livekit-starter\backend\.uv-python\cpython-3.13-windows-x86_64-none\Lib\asyncio\base_events.py", line 712, in run_until_complete
    self.run_forever()
  File "C:\Users\AYESHA RAHMAN\murf-livekit-starter\backend\.uv-python\cpython-3.13-windows-x86_64-none\Lib\asyncio\base_events.py", line 683, in run_forever
    self._run_once()
  File "C:\Users\AYESHA RAHMAN\murf-livekit-starter\backend\.uv-python\cpython-3.13-windows-x86_64-none\Lib\asyncio\base_events.py", line 2060, in _run_once
    handle._run()
  File "C:\Users\AYESHA RAHMAN\murf-livekit-starter\backend\.uv-python\cpython-3.13-windows-x86_64-none\Lib\asyncio\events.py", line 89, in _run
    self._context.run(self._callback, *self._args)
  File "C:\Users\AYESHA RAHMAN\murf-livekit-starter\backend\.venv\Lib\site-packages\livekit\agents\stt\stt.py", line 384, in _metrics_monitor_task
    self._stt.emit("metrics_collected", stt_metrics)
  File "C:\Users\AYESHA RAHMAN\murf-livekit-starter\backend\.venv\Lib\site-packages\livekit\rtc\event_emitter.py", line 58, in emit
    callback(*callback_args)
  File "C:\Users\AYESHA RAHMAN\murf-livekit-starter\backend\.venv\Lib\site-packages\livekit\agents\voice\agent_activity.py", line 1162, in _on_metrics_collected
    self._session.emit("metrics_collected", MetricsCollectedEvent(metrics=ev))
  File "C:\Users\AYESHA RAHMAN\murf-livekit-starter\backend\.venv\Lib\site-packages\livekit\agents\voice\agent_session.py", line 428, in emit
    super().emit(event, arg)
  File "C:\Users\AYESHA RAHMAN\murf-livekit-starter\backend\.venv\Lib\site-packages\livekit\rtc\event_emitter.py", line 58, in emit
    callback(*callback_args)
  File "C:\Users\AYESHA RAHMAN\murf-livekit-starter\backend\src\agent.py", line 477, in on_metrics_collected
    logger.info(
  File "C:\Users\AYESHA RAHMAN\murf-livekit-starter\backend\.uv-python\cpython-3.13-windows-x86_64-none\Lib\logging\__init__.py", line 1520, in info
    self._log(INFO, msg, args, **kwargs)
  File "C:\Users\AYESHA RAHMAN\murf-livekit-starter\backend\.uv-python\cpython-3.13-windows-x86_64-none\Lib\logging\__init__.py", line 1665, in _log
    self.handle(record)
  File "C:\Users\AYESHA RAHMAN\murf-livekit-starter\backend\.uv-python\cpython-3.13-windows-x86_64-none\Lib\logging\__init__.py", line 1681, in handle
    self.callHandlers(record)
  File "C:\Users\AYESHA RAHMAN\murf-livekit-starter\backend\.uv-python\cpython-3.13-windows-x86_64-none\Lib\logging\__init__.py", line 1737, in callHandlers
    hdlr.handle(record)
  File "C:\Users\AYESHA RAHMAN\murf-livekit-starter\backend\.uv-python\cpython-3.13-windows-x86_64-none\Lib\logging\__init__.py", line 1027, in handle
    self.emit(record)
  File "C:\Users\AYESHA RAHMAN\murf-livekit-starter\backend\.venv\Lib\site-packages\livekit\agents\cli\cli.py", line 957, in emit
    self.handleError(record)
Message: '[DEBUG-%s] metrics=%s'
Arguments: ('STT', STTMetrics(type='stt_metrics', label='livekit.plugins.deepgram.stt.STT', request_id='01a00183-59f7-7ad3-8d42-92bf10e19690', timestamp=1786731876.198545, duration=0.0, audio_duration=4.99999999999999, streamed=True, metadata=Metadata(model_name='nova-3', model_provider='Deepgram')))
--- Logging error ---
Traceback (most recent call last):
  File "C:\Users\AYESHA RAHMAN\murf-livekit-starter\backend\.venv\Lib\site-packages\livekit\agents\cli\cli.py", line 944, in emit
    self.c.console.print(output)
    ~~~~~~~~~~~~~~~~~~~~^^^^^^^^
  File "C:\Users\AYESHA RAHMAN\murf-livekit-starter\backend\.venv\Lib\site-packages\rich\console.py", line 1697, in print
    with self:
         ^^^^
  File "C:\Users\AYESHA RAHMAN\murf-livekit-starter\backend\.venv\Lib\site-packages\rich\console.py", line 870, in __exit__
    self._exit_buffer()
    ~~~~~~~~~~~~~~~~~^^
  File "C:\Users\AYESHA RAHMAN\murf-livekit-starter\backend\.venv\Lib\site-packages\rich\console.py", line 826, in _exit_buffer
    self._check_buffer()
    ~~~~~~~~~~~~~~~~~~^^
  File "C:\Users\AYESHA RAHMAN\murf-livekit-starter\backend\.venv\Lib\site-packages\rich\console.py", line 2042, in _check_buffer
    self._write_buffer()
    ~~~~~~~~~~~~~~~~~~^^
  File "C:\Users\AYESHA RAHMAN\murf-livekit-starter\backend\.venv\Lib\site-packages\rich\console.py", line 2078, in _write_buffer
    legacy_windows_render(buffer, LegacyWindowsTerm(self.file))
    ~~~~~~~~~~~~~~~~~~~~~^^^^^^^^^^^^^^^^^^^^^^^^^^^^^^^^^^^^^^
  File "C:\Users\AYESHA RAHMAN\murf-livekit-starter\backend\.venv\Lib\site-packages\rich\_windows_renderer.py", line 17, in legacy_windows_render
    term.write_styled(text, style)
    ~~~~~~~~~~~~~~~~~^^^^^^^^^^^^^
  File "C:\Users\AYESHA RAHMAN\murf-livekit-starter\backend\.venv\Lib\site-packages\rich\_win32_console.py", line 441, in write_styled
    self.write_text(text)
    ~~~~~~~~~~~~~~~^^^^^^
  File "C:\Users\AYESHA RAHMAN\murf-livekit-starter\backend\.venv\Lib\site-packages\rich\_win32_console.py", line 402, in write_text
    self.write(text)
    ~~~~~~~~~~^^^^^^
  File "C:\Users\AYESHA RAHMAN\murf-livekit-starter\backend\.uv-python\cpython-3.13-windows-x86_64-none\Lib\encodings\cp1252.py", line 19, in encode
    return codecs.charmap_encode(input,self.errors,encoding_table)[0]
           ~~~~~~~~~~~~~~~~~~~~~^^^^^^^^^^^^^^^^^^^^^^^^^^^^^^^^^^
UnicodeEncodeError: 'charmap' codec can't encode character '\u20b9' in position 52: character maps to <undefined>
Call stack:
  File "C:\Users\AYESHA RAHMAN\murf-livekit-starter\backend\.uv-python\cpython-3.13-windows-x86_64-none\Lib\threading.py", line 1015, in _bootstrap
    self._bootstrap_inner()
  File "C:\Users\AYESHA RAHMAN\murf-livekit-starter\backend\.uv-python\cpython-3.13-windows-x86_64-none\Lib\threading.py", line 1044, in _bootstrap_inner
    self.run()
  File "C:\Users\AYESHA RAHMAN\murf-livekit-starter\backend\.uv-python\cpython-3.13-windows-x86_64-none\Lib\threading.py", line 995, in run
    self._target(*self._args, **self._kwargs)
  File "C:\Users\AYESHA RAHMAN\murf-livekit-starter\backend\.venv\Lib\site-packages\livekit\agents\ipc\job_proc_lazy_main.py", line 418, in thread_main
    client.run()
  File "C:\Users\AYESHA RAHMAN\murf-livekit-starter\backend\.venv\Lib\site-packages\livekit\agents\ipc\proc_client.py", line 70, in run
    loop.run_until_complete(self._task)
  File "C:\Users\AYESHA RAHMAN\murf-livekit-starter\backend\.uv-python\cpython-3.13-windows-x86_64-none\Lib\asyncio\base_events.py", line 712, in run_until_complete
    self.run_forever()
  File "C:\Users\AYESHA RAHMAN\murf-livekit-starter\backend\.uv-python\cpython-3.13-windows-x86_64-none\Lib\asyncio\base_events.py", line 683, in run_forever
    self._run_once()
  File "C:\Users\AYESHA RAHMAN\murf-livekit-starter\backend\.uv-python\cpython-3.13-windows-x86_64-none\Lib\asyncio\base_events.py", line 2060, in _run_once
    handle._run()
  File "C:\Users\AYESHA RAHMAN\murf-livekit-starter\backend\.uv-python\cpython-3.13-windows-x86_64-none\Lib\asyncio\events.py", line 89, in _run
    self._context.run(self._callback, *self._args)
  File "C:\Users\AYESHA RAHMAN\murf-livekit-starter\backend\.venv\Lib\site-packages\livekit\agents\stt\stt.py", line 384, in _metrics_monitor_task
    self._stt.emit("metrics_collected", stt_metrics)
  File "C:\Users\AYESHA RAHMAN\murf-livekit-starter\backend\.venv\Lib\site-packages\livekit\rtc\event_emitter.py", line 58, in emit
    callback(*callback_args)
  File "C:\Users\AYESHA RAHMAN\murf-livekit-starter\backend\.venv\Lib\site-packages\livekit\agents\voice\agent_activity.py", line 1162, in _on_metrics_collected
    self._session.emit("metrics_collected", MetricsCollectedEvent(metrics=ev))
  File "C:\Users\AYESHA RAHMAN\murf-livekit-starter\backend\.venv\Lib\site-packages\livekit\agents\voice\agent_session.py", line 428, in emit
    super().emit(event, arg)
  File "C:\Users\AYESHA RAHMAN\murf-livekit-starter\backend\.venv\Lib\site-packages\livekit\rtc\event_emitter.py", line 58, in emit
    callback(*callback_args)
  File "C:\Users\AYESHA RAHMAN\murf-livekit-starter\backend\src\agent.py", line 477, in on_metrics_collected
    logger.info(
  File "C:\Users\AYESHA RAHMAN\murf-livekit-starter\backend\.uv-python\cpython-3.13-windows-x86_64-none\Lib\logging\__init__.py", line 1520, in info
    self._log(INFO, msg, args, **kwargs)
  File "C:\Users\AYESHA RAHMAN\murf-livekit-starter\backend\.uv-python\cpython-3.13-windows-x86_64-none\Lib\logging\__init__.py", line 1665, in _log
    self.handle(record)
  File "C:\Users\AYESHA RAHMAN\murf-livekit-starter\backend\.uv-python\cpython-3.13-windows-x86_64-none\Lib\logging\__init__.py", line 1681, in handle
    self.callHandlers(record)
  File "C:\Users\AYESHA RAHMAN\murf-livekit-starter\backend\.uv-python\cpython-3.13-windows-x86_64-none\Lib\logging\__init__.py", line 1737, in callHandlers
    hdlr.handle(record)
  File "C:\Users\AYESHA RAHMAN\murf-livekit-starter\backend\.uv-python\cpython-3.13-windows-x86_64-none\Lib\logging\__init__.py", line 1027, in handle
    self.emit(record)
  File "C:\Users\AYESHA RAHMAN\murf-livekit-starter\backend\.venv\Lib\site-packages\livekit\agents\cli\cli.py", line 957, in emit
    self.handleError(record)
Message: '[DEBUG-%s] metrics=%s'
Arguments: ('STT', STTMetrics(type='stt_metrics', label='livekit.plugins.deepgram.stt.STT', request_id='01a00183-59f7-7ad3-8d42-92bf10e19690', timestamp=1786731881.2471511, duration=0.0, audio_duration=5.04999999999999, streamed=True, metadata=Metadata(model_name='nova-3', model_provider='Deepgram')))
--- Logging error ---
Traceback (most recent call last):
  File "C:\Users\AYESHA RAHMAN\murf-livekit-starter\backend\.venv\Lib\site-packages\livekit\agents\cli\cli.py", line 944, in emit
    self.c.console.print(output)
    ~~~~~~~~~~~~~~~~~~~~^^^^^^^^
  File "C:\Users\AYESHA RAHMAN\murf-livekit-starter\backend\.venv\Lib\site-packages\rich\console.py", line 1697, in print
    with self:
         ^^^^
  File "C:\Users\AYESHA RAHMAN\murf-livekit-starter\backend\.venv\Lib\site-packages\rich\console.py", line 870, in __exit__
    self._exit_buffer()
    ~~~~~~~~~~~~~~~~~^^
  File "C:\Users\AYESHA RAHMAN\murf-livekit-starter\backend\.venv\Lib\site-packages\rich\console.py", line 826, in _exit_buffer
    self._check_buffer()
    ~~~~~~~~~~~~~~~~~~^^
  File "C:\Users\AYESHA RAHMAN\murf-livekit-starter\backend\.venv\Lib\site-packages\rich\console.py", line 2042, in _check_buffer
    self._write_buffer()
    ~~~~~~~~~~~~~~~~~~^^
  File "C:\Users\AYESHA RAHMAN\murf-livekit-starter\backend\.venv\Lib\site-packages\rich\console.py", line 2078, in _write_buffer
    legacy_windows_render(buffer, LegacyWindowsTerm(self.file))
    ~~~~~~~~~~~~~~~~~~~~~^^^^^^^^^^^^^^^^^^^^^^^^^^^^^^^^^^^^^^
  File "C:\Users\AYESHA RAHMAN\murf-livekit-starter\backend\.venv\Lib\site-packages\rich\_windows_renderer.py", line 17, in legacy_windows_render
    term.write_styled(text, style)
    ~~~~~~~~~~~~~~~~~^^^^^^^^^^^^^
  File "C:\Users\AYESHA RAHMAN\murf-livekit-starter\backend\.venv\Lib\site-packages\rich\_win32_console.py", line 441, in write_styled
    self.write_text(text)
    ~~~~~~~~~~~~~~~^^^^^^
  File "C:\Users\AYESHA RAHMAN\murf-livekit-starter\backend\.venv\Lib\site-packages\rich\_win32_console.py", line 402, in write_text
    self.write(text)
    ~~~~~~~~~~^^^^^^
  File "C:\Users\AYESHA RAHMAN\murf-livekit-starter\backend\.uv-python\cpython-3.13-windows-x86_64-none\Lib\encodings\cp1252.py", line 19, in encode
    return codecs.charmap_encode(input,self.errors,encoding_table)[0]
           ~~~~~~~~~~~~~~~~~~~~~^^^^^^^^^^^^^^^^^^^^^^^^^^^^^^^^^^
UnicodeEncodeError: 'charmap' codec can't encode character '\u20b9' in position 52: character maps to <undefined>
Call stack:
  File "C:\Users\AYESHA RAHMAN\murf-livekit-starter\backend\.uv-python\cpython-3.13-windows-x86_64-none\Lib\threading.py", line 1015, in _bootstrap
    self._bootstrap_inner()
  File "C:\Users\AYESHA RAHMAN\murf-livekit-starter\backend\.uv-python\cpython-3.13-windows-x86_64-none\Lib\threading.py", line 1044, in _bootstrap_inner
    self.run()
  File "C:\Users\AYESHA RAHMAN\murf-livekit-starter\backend\.uv-python\cpython-3.13-windows-x86_64-none\Lib\threading.py", line 995, in run
    self._target(*self._args, **self._kwargs)
  File "C:\Users\AYESHA RAHMAN\murf-livekit-starter\backend\.venv\Lib\site-packages\livekit\agents\ipc\job_proc_lazy_main.py", line 418, in thread_main
    client.run()
  File "C:\Users\AYESHA RAHMAN\murf-livekit-starter\backend\.venv\Lib\site-packages\livekit\agents\ipc\proc_client.py", line 70, in run
    loop.run_until_complete(self._task)
  File "C:\Users\AYESHA RAHMAN\murf-livekit-starter\backend\.uv-python\cpython-3.13-windows-x86_64-none\Lib\asyncio\base_events.py", line 712, in run_until_complete
    self.run_forever()
  File "C:\Users\AYESHA RAHMAN\murf-livekit-starter\backend\.uv-python\cpython-3.13-windows-x86_64-none\Lib\asyncio\base_events.py", line 683, in run_forever
    self._run_once()
  File "C:\Users\AYESHA RAHMAN\murf-livekit-starter\backend\.uv-python\cpython-3.13-windows-x86_64-none\Lib\asyncio\base_events.py", line 2060, in _run_once
    handle._run()
  File "C:\Users\AYESHA RAHMAN\murf-livekit-starter\backend\.uv-python\cpython-3.13-windows-x86_64-none\Lib\asyncio\events.py", line 89, in _run
    self._context.run(self._callback, *self._args)
  File "C:\Users\AYESHA RAHMAN\murf-livekit-starter\backend\.venv\Lib\site-packages\livekit\agents\stt\stt.py", line 384, in _metrics_monitor_task
    self._stt.emit("metrics_collected", stt_metrics)
  File "C:\Users\AYESHA RAHMAN\murf-livekit-starter\backend\.venv\Lib\site-packages\livekit\rtc\event_emitter.py", line 58, in emit
    callback(*callback_args)
  File "C:\Users\AYESHA RAHMAN\murf-livekit-starter\backend\.venv\Lib\site-packages\livekit\agents\voice\agent_activity.py", line 1162, in _on_metrics_collected
    self._session.emit("metrics_collected", MetricsCollectedEvent(metrics=ev))
  File "C:\Users\AYESHA RAHMAN\murf-livekit-starter\backend\.venv\Lib\site-packages\livekit\agents\voice\agent_session.py", line 428, in emit
    super().emit(event, arg)
  File "C:\Users\AYESHA RAHMAN\murf-livekit-starter\backend\.venv\Lib\site-packages\livekit\rtc\event_emitter.py", line 58, in emit
    callback(*callback_args)
  File "C:\Users\AYESHA RAHMAN\murf-livekit-starter\backend\src\agent.py", line 477, in on_metrics_collected
    logger.info(
  File "C:\Users\AYESHA RAHMAN\murf-livekit-starter\backend\.uv-python\cpython-3.13-windows-x86_64-none\Lib\logging\__init__.py", line 1520, in info
    self._log(INFO, msg, args, **kwargs)
  File "C:\Users\AYESHA RAHMAN\murf-livekit-starter\backend\.uv-python\cpython-3.13-windows-x86_64-none\Lib\logging\__init__.py", line 1665, in _log
    self.handle(record)
  File "C:\Users\AYESHA RAHMAN\murf-livekit-starter\backend\.uv-python\cpython-3.13-windows-x86_64-none\Lib\logging\__init__.py", line 1681, in handle
    self.callHandlers(record)
  File "C:\Users\AYESHA RAHMAN\murf-livekit-starter\backend\.uv-python\cpython-3.13-windows-x86_64-none\Lib\logging\__init__.py", line 1737, in callHandlers
    hdlr.handle(record)
  File "C:\Users\AYESHA RAHMAN\murf-livekit-starter\backend\.uv-python\cpython-3.13-windows-x86_64-none\Lib\logging\__init__.py", line 1027, in handle
    self.emit(record)
  File "C:\Users\AYESHA RAHMAN\murf-livekit-starter\backend\.venv\Lib\site-packages\livekit\agents\cli\cli.py", line 957, in emit
    self.handleError(record)
Message: '[DEBUG-%s] metrics=%s'
Arguments: ('STT', STTMetrics(type='stt_metrics', label='livekit.plugins.deepgram.stt.STT', request_id='01a00183-59f7-7ad3-8d42-92bf10e19690', timestamp=1786731886.2496803, duration=0.0, audio_duration=4.99999999999999, streamed=True, metadata=Metadata(model_name='nova-3', model_provider='Deepgram')))
--- Logging error ---
Traceback (most recent call last):
  File "C:\Users\AYESHA RAHMAN\murf-livekit-starter\backend\.venv\Lib\site-packages\livekit\agents\cli\cli.py", line 944, in emit
    self.c.console.print(output)
    ~~~~~~~~~~~~~~~~~~~~^^^^^^^^
  File "C:\Users\AYESHA RAHMAN\murf-livekit-starter\backend\.venv\Lib\site-packages\rich\console.py", line 1697, in print
    with self:
         ^^^^
  File "C:\Users\AYESHA RAHMAN\murf-livekit-starter\backend\.venv\Lib\site-packages\rich\console.py", line 870, in __exit__
    self._exit_buffer()
    ~~~~~~~~~~~~~~~~~^^
  File "C:\Users\AYESHA RAHMAN\murf-livekit-starter\backend\.venv\Lib\site-packages\rich\console.py", line 826, in _exit_buffer
    self._check_buffer()
    ~~~~~~~~~~~~~~~~~~^^
  File "C:\Users\AYESHA RAHMAN\murf-livekit-starter\backend\.venv\Lib\site-packages\rich\console.py", line 2042, in _check_buffer
    self._write_buffer()
    ~~~~~~~~~~~~~~~~~~^^
  File "C:\Users\AYESHA RAHMAN\murf-livekit-starter\backend\.venv\Lib\site-packages\rich\console.py", line 2078, in _write_buffer
    legacy_windows_render(buffer, LegacyWindowsTerm(self.file))
    ~~~~~~~~~~~~~~~~~~~~~^^^^^^^^^^^^^^^^^^^^^^^^^^^^^^^^^^^^^^
  File "C:\Users\AYESHA RAHMAN\murf-livekit-starter\backend\.venv\Lib\site-packages\rich\_windows_renderer.py", line 17, in legacy_windows_render
    term.write_styled(text, style)
    ~~~~~~~~~~~~~~~~~^^^^^^^^^^^^^
  File "C:\Users\AYESHA RAHMAN\murf-livekit-starter\backend\.venv\Lib\site-packages\rich\_win32_console.py", line 441, in write_styled
    self.write_text(text)
    ~~~~~~~~~~~~~~~^^^^^^
  File "C:\Users\AYESHA RAHMAN\murf-livekit-starter\backend\.venv\Lib\site-packages\rich\_win32_console.py", line 402, in write_text
    self.write(text)
    ~~~~~~~~~~^^^^^^
  File "C:\Users\AYESHA RAHMAN\murf-livekit-starter\backend\.uv-python\cpython-3.13-windows-x86_64-none\Lib\encodings\cp1252.py", line 19, in encode
    return codecs.charmap_encode(input,self.errors,encoding_table)[0]
           ~~~~~~~~~~~~~~~~~~~~~^^^^^^^^^^^^^^^^^^^^^^^^^^^^^^^^^^
UnicodeEncodeError: 'charmap' codec can't encode character '\u20b9' in position 52: character maps to <undefined>
Call stack:
  File "C:\Users\AYESHA RAHMAN\murf-livekit-starter\backend\.uv-python\cpython-3.13-windows-x86_64-none\Lib\threading.py", line 1015, in _bootstrap
    self._bootstrap_inner()
  File "C:\Users\AYESHA RAHMAN\murf-livekit-starter\backend\.uv-python\cpython-3.13-windows-x86_64-none\Lib\threading.py", line 1044, in _bootstrap_inner
    self.run()
  File "C:\Users\AYESHA RAHMAN\murf-livekit-starter\backend\.uv-python\cpython-3.13-windows-x86_64-none\Lib\threading.py", line 995, in run
    self._target(*self._args, **self._kwargs)
  File "C:\Users\AYESHA RAHMAN\murf-livekit-starter\backend\.venv\Lib\site-packages\livekit\agents\ipc\job_proc_lazy_main.py", line 418, in thread_main
    client.run()
  File "C:\Users\AYESHA RAHMAN\murf-livekit-starter\backend\.venv\Lib\site-packages\livekit\agents\ipc\proc_client.py", line 70, in run
    loop.run_until_complete(self._task)
  File "C:\Users\AYESHA RAHMAN\murf-livekit-starter\backend\.uv-python\cpython-3.13-windows-x86_64-none\Lib\asyncio\base_events.py", line 712, in run_until_complete
    self.run_forever()
  File "C:\Users\AYESHA RAHMAN\murf-livekit-starter\backend\.uv-python\cpython-3.13-windows-x86_64-none\Lib\asyncio\base_events.py", line 683, in run_forever
    self._run_once()
  File "C:\Users\AYESHA RAHMAN\murf-livekit-starter\backend\.uv-python\cpython-3.13-windows-x86_64-none\Lib\asyncio\base_events.py", line 2060, in _run_once
    handle._run()
  File "C:\Users\AYESHA RAHMAN\murf-livekit-starter\backend\.uv-python\cpython-3.13-windows-x86_64-none\Lib\asyncio\events.py", line 89, in _run
    self._context.run(self._callback, *self._args)
  File "C:\Users\AYESHA RAHMAN\murf-livekit-starter\backend\.venv\Lib\site-packages\livekit\agents\tts\stream_pacer.py", line 149, in _send_task
    logger.debug(
  File "C:\Users\AYESHA RAHMAN\murf-livekit-starter\backend\.uv-python\cpython-3.13-windows-x86_64-none\Lib\logging\__init__.py", line 1508, in debug
    self._log(DEBUG, msg, args, **kwargs)
  File "C:\Users\AYESHA RAHMAN\murf-livekit-starter\backend\.uv-python\cpython-3.13-windows-x86_64-none\Lib\logging\__init__.py", line 1665, in _log
    self.handle(record)
  File "C:\Users\AYESHA RAHMAN\murf-livekit-starter\backend\.uv-python\cpython-3.13-windows-x86_64-none\Lib\logging\__init__.py", line 1681, in handle
    self.callHandlers(record)
  File "C:\Users\AYESHA RAHMAN\murf-livekit-starter\backend\.uv-python\cpython-3.13-windows-x86_64-none\Lib\logging\__init__.py", line 1737, in callHandlers
    hdlr.handle(record)
  File "C:\Users\AYESHA RAHMAN\murf-livekit-starter\backend\.uv-python\cpython-3.13-windows-x86_64-none\Lib\logging\__init__.py", line 1027, in handle
    self.emit(record)
  File "C:\Users\AYESHA RAHMAN\murf-livekit-starter\backend\.venv\Lib\site-packages\livekit\agents\cli\cli.py", line 957, in emit
    self.handleError(record)
Message: 'sent text to tts'
Arguments: ()
--- Logging error ---
Traceback (most recent call last):
  File "C:\Users\AYESHA RAHMAN\murf-livekit-starter\backend\.venv\Lib\site-packages\livekit\agents\cli\cli.py", line 944, in emit
    self.c.console.print(output)
    ~~~~~~~~~~~~~~~~~~~~^^^^^^^^
  File "C:\Users\AYESHA RAHMAN\murf-livekit-starter\backend\.venv\Lib\site-packages\rich\console.py", line 1697, in print
    with self:
         ^^^^
  File "C:\Users\AYESHA RAHMAN\murf-livekit-starter\backend\.venv\Lib\site-packages\rich\console.py", line 870, in __exit__
    self._exit_buffer()
    ~~~~~~~~~~~~~~~~~^^
  File "C:\Users\AYESHA RAHMAN\murf-livekit-starter\backend\.venv\Lib\site-packages\rich\console.py", line 826, in _exit_buffer
    self._check_buffer()
    ~~~~~~~~~~~~~~~~~~^^
  File "C:\Users\AYESHA RAHMAN\murf-livekit-starter\backend\.venv\Lib\site-packages\rich\console.py", line 2042, in _check_buffer
    self._write_buffer()
    ~~~~~~~~~~~~~~~~~~^^
  File "C:\Users\AYESHA RAHMAN\murf-livekit-starter\backend\.venv\Lib\site-packages\rich\console.py", line 2078, in _write_buffer
    legacy_windows_render(buffer, LegacyWindowsTerm(self.file))
    ~~~~~~~~~~~~~~~~~~~~~^^^^^^^^^^^^^^^^^^^^^^^^^^^^^^^^^^^^^^
  File "C:\Users\AYESHA RAHMAN\murf-livekit-starter\backend\.venv\Lib\site-packages\rich\_windows_renderer.py", line 17, in legacy_windows_render
    term.write_styled(text, style)
    ~~~~~~~~~~~~~~~~~^^^^^^^^^^^^^
  File "C:\Users\AYESHA RAHMAN\murf-livekit-starter\backend\.venv\Lib\site-packages\rich\_win32_console.py", line 441, in write_styled
    self.write_text(text)
    ~~~~~~~~~~~~~~~^^^^^^
  File "C:\Users\AYESHA RAHMAN\murf-livekit-starter\backend\.venv\Lib\site-packages\rich\_win32_console.py", line 402, in write_text
    self.write(text)
    ~~~~~~~~~~^^^^^^
  File "C:\Users\AYESHA RAHMAN\murf-livekit-starter\backend\.uv-python\cpython-3.13-windows-x86_64-none\Lib\encodings\cp1252.py", line 19, in encode
    return codecs.charmap_encode(input,self.errors,encoding_table)[0]
           ~~~~~~~~~~~~~~~~~~~~~^^^^^^^^^^^^^^^^^^^^^^^^^^^^^^^^^^
UnicodeEncodeError: 'charmap' codec can't encode character '\u20b9' in position 52: character maps to <undefined>
Call stack:
  File "C:\Users\AYESHA RAHMAN\murf-livekit-starter\backend\.uv-python\cpython-3.13-windows-x86_64-none\Lib\threading.py", line 1015, in _bootstrap
    self._bootstrap_inner()
  File "C:\Users\AYESHA RAHMAN\murf-livekit-starter\backend\.uv-python\cpython-3.13-windows-x86_64-none\Lib\threading.py", line 1044, in _bootstrap_inner
    self.run()
  File "C:\Users\AYESHA RAHMAN\murf-livekit-starter\backend\.uv-python\cpython-3.13-windows-x86_64-none\Lib\threading.py", line 995, in run
    self._target(*self._args, **self._kwargs)
  File "C:\Users\AYESHA RAHMAN\murf-livekit-starter\backend\.venv\Lib\site-packages\livekit\agents\ipc\job_proc_lazy_main.py", line 418, in thread_main
    client.run()
  File "C:\Users\AYESHA RAHMAN\murf-livekit-starter\backend\.venv\Lib\site-packages\livekit\agents\ipc\proc_client.py", line 70, in run
    loop.run_until_complete(self._task)
  File "C:\Users\AYESHA RAHMAN\murf-livekit-starter\backend\.uv-python\cpython-3.13-windows-x86_64-none\Lib\asyncio\base_events.py", line 712, in run_until_complete
    self.run_forever()
  File "C:\Users\AYESHA RAHMAN\murf-livekit-starter\backend\.uv-python\cpython-3.13-windows-x86_64-none\Lib\asyncio\base_events.py", line 683, in run_forever
    self._run_once()
  File "C:\Users\AYESHA RAHMAN\murf-livekit-starter\backend\.uv-python\cpython-3.13-windows-x86_64-none\Lib\asyncio\base_events.py", line 2060, in _run_once
    handle._run()
  File "C:\Users\AYESHA RAHMAN\murf-livekit-starter\backend\.uv-python\cpython-3.13-windows-x86_64-none\Lib\asyncio\events.py", line 89, in _run
    self._context.run(self._callback, *self._args)
  File "C:\Users\AYESHA RAHMAN\murf-livekit-starter\backend\.venv\Lib\site-packages\livekit\agents\stt\stt.py", line 384, in _metrics_monitor_task
    self._stt.emit("metrics_collected", stt_metrics)
  File "C:\Users\AYESHA RAHMAN\murf-livekit-starter\backend\.venv\Lib\site-packages\livekit\rtc\event_emitter.py", line 58, in emit
    callback(*callback_args)
  File "C:\Users\AYESHA RAHMAN\murf-livekit-starter\backend\.venv\Lib\site-packages\livekit\agents\voice\agent_activity.py", line 1162, in _on_metrics_collected
    self._session.emit("metrics_collected", MetricsCollectedEvent(metrics=ev))
  File "C:\Users\AYESHA RAHMAN\murf-livekit-starter\backend\.venv\Lib\site-packages\livekit\agents\voice\agent_session.py", line 428, in emit
    super().emit(event, arg)
  File "C:\Users\AYESHA RAHMAN\murf-livekit-starter\backend\.venv\Lib\site-packages\livekit\rtc\event_emitter.py", line 58, in emit
    callback(*callback_args)
  File "C:\Users\AYESHA RAHMAN\murf-livekit-starter\backend\src\agent.py", line 477, in on_metrics_collected
    logger.info(
  File "C:\Users\AYESHA RAHMAN\murf-livekit-starter\backend\.uv-python\cpython-3.13-windows-x86_64-none\Lib\logging\__init__.py", line 1520, in info
    self._log(INFO, msg, args, **kwargs)
  File "C:\Users\AYESHA RAHMAN\murf-livekit-starter\backend\.uv-python\cpython-3.13-windows-x86_64-none\Lib\logging\__init__.py", line 1665, in _log
    self.handle(record)
  File "C:\Users\AYESHA RAHMAN\murf-livekit-starter\backend\.uv-python\cpython-3.13-windows-x86_64-none\Lib\logging\__init__.py", line 1681, in handle
    self.callHandlers(record)
  File "C:\Users\AYESHA RAHMAN\murf-livekit-starter\backend\.uv-python\cpython-3.13-windows-x86_64-none\Lib\logging\__init__.py", line 1737, in callHandlers
    hdlr.handle(record)
  File "C:\Users\AYESHA RAHMAN\murf-livekit-starter\backend\.uv-python\cpython-3.13-windows-x86_64-none\Lib\logging\__init__.py", line 1027, in handle
    self.emit(record)
  File "C:\Users\AYESHA RAHMAN\murf-livekit-starter\backend\.venv\Lib\site-packages\livekit\agents\cli\cli.py", line 957, in emit
    self.handleError(record)
Message: '[DEBUG-%s] metrics=%s'
Arguments: ('STT', STTMetrics(type='stt_metrics', label='livekit.plugins.deepgram.stt.STT', request_id='01a00183-59f7-7ad3-8d42-92bf10e19690', timestamp=1786731891.3228083, duration=0.0, audio_duration=4.99999999999999, streamed=True, metadata=Metadata(model_name='nova-3', model_provider='Deepgram')))
--- Logging error ---
Traceback (most recent call last):
  File "C:\Users\AYESHA RAHMAN\murf-livekit-starter\backend\.venv\Lib\site-packages\livekit\agents\cli\cli.py", line 944, in emit
    self.c.console.print(output)
    ~~~~~~~~~~~~~~~~~~~~^^^^^^^^
  File "C:\Users\AYESHA RAHMAN\murf-livekit-starter\backend\.venv\Lib\site-packages\rich\console.py", line 1697, in print
    with self:
         ^^^^
  File "C:\Users\AYESHA RAHMAN\murf-livekit-starter\backend\.venv\Lib\site-packages\rich\console.py", line 870, in __exit__
    self._exit_buffer()
    ~~~~~~~~~~~~~~~~~^^
  File "C:\Users\AYESHA RAHMAN\murf-livekit-starter\backend\.venv\Lib\site-packages\rich\console.py", line 826, in _exit_buffer
    self._check_buffer()
    ~~~~~~~~~~~~~~~~~~^^
  File "C:\Users\AYESHA RAHMAN\murf-livekit-starter\backend\.venv\Lib\site-packages\rich\console.py", line 2042, in _check_buffer
    self._write_buffer()
    ~~~~~~~~~~~~~~~~~~^^
  File "C:\Users\AYESHA RAHMAN\murf-livekit-starter\backend\.venv\Lib\site-packages\rich\console.py", line 2078, in _write_buffer
    legacy_windows_render(buffer, LegacyWindowsTerm(self.file))
    ~~~~~~~~~~~~~~~~~~~~~^^^^^^^^^^^^^^^^^^^^^^^^^^^^^^^^^^^^^^
  File "C:\Users\AYESHA RAHMAN\murf-livekit-starter\backend\.venv\Lib\site-packages\rich\_windows_renderer.py", line 17, in legacy_windows_render
    term.write_styled(text, style)
    ~~~~~~~~~~~~~~~~~^^^^^^^^^^^^^
  File "C:\Users\AYESHA RAHMAN\murf-livekit-starter\backend\.venv\Lib\site-packages\rich\_win32_console.py", line 441, in write_styled
    self.write_text(text)
    ~~~~~~~~~~~~~~~^^^^^^
  File "C:\Users\AYESHA RAHMAN\murf-livekit-starter\backend\.venv\Lib\site-packages\rich\_win32_console.py", line 402, in write_text
    self.write(text)
    ~~~~~~~~~~^^^^^^
  File "C:\Users\AYESHA RAHMAN\murf-livekit-starter\backend\.uv-python\cpython-3.13-windows-x86_64-none\Lib\encodings\cp1252.py", line 19, in encode
    return codecs.charmap_encode(input,self.errors,encoding_table)[0]
           ~~~~~~~~~~~~~~~~~~~~~^^^^^^^^^^^^^^^^^^^^^^^^^^^^^^^^^^
UnicodeEncodeError: 'charmap' codec can't encode character '\u20b9' in position 52: character maps to <undefined>
Call stack:
  File "C:\Users\AYESHA RAHMAN\murf-livekit-starter\backend\.uv-python\cpython-3.13-windows-x86_64-none\Lib\threading.py", line 1015, in _bootstrap
    self._bootstrap_inner()
  File "C:\Users\AYESHA RAHMAN\murf-livekit-starter\backend\.uv-python\cpython-3.13-windows-x86_64-none\Lib\threading.py", line 1044, in _bootstrap_inner
    self.run()
  File "C:\Users\AYESHA RAHMAN\murf-livekit-starter\backend\.uv-python\cpython-3.13-windows-x86_64-none\Lib\threading.py", line 995, in run
    self._target(*self._args, **self._kwargs)
  File "C:\Users\AYESHA RAHMAN\murf-livekit-starter\backend\.venv\Lib\site-packages\livekit\agents\ipc\job_proc_lazy_main.py", line 418, in thread_main
    client.run()
  File "C:\Users\AYESHA RAHMAN\murf-livekit-starter\backend\.venv\Lib\site-packages\livekit\agents\ipc\proc_client.py", line 70, in run
    loop.run_until_complete(self._task)
  File "C:\Users\AYESHA RAHMAN\murf-livekit-starter\backend\.uv-python\cpython-3.13-windows-x86_64-none\Lib\asyncio\base_events.py", line 712, in run_until_complete
    self.run_forever()
  File "C:\Users\AYESHA RAHMAN\murf-livekit-starter\backend\.uv-python\cpython-3.13-windows-x86_64-none\Lib\asyncio\base_events.py", line 683, in run_forever
    self._run_once()
  File "C:\Users\AYESHA RAHMAN\murf-livekit-starter\backend\.uv-python\cpython-3.13-windows-x86_64-none\Lib\asyncio\base_events.py", line 2060, in _run_once
    handle._run()
  File "C:\Users\AYESHA RAHMAN\murf-livekit-starter\backend\.uv-python\cpython-3.13-windows-x86_64-none\Lib\asyncio\events.py", line 89, in _run
    self._context.run(self._callback, *self._args)
  File "C:\Users\AYESHA RAHMAN\murf-livekit-starter\backend\.venv\Lib\site-packages\livekit\agents\tts\tts.py", line 570, in _metrics_monitor_task
    _emit_metrics()
  File "C:\Users\AYESHA RAHMAN\murf-livekit-starter\backend\.venv\Lib\site-packages\livekit\agents\tts\tts.py", line 554, in _emit_metrics
    self._tts.emit("metrics_collected", metrics)
  File "C:\Users\AYESHA RAHMAN\murf-livekit-starter\backend\.venv\Lib\site-packages\livekit\rtc\event_emitter.py", line 58, in emit
    callback(*callback_args)
  File "C:\Users\AYESHA RAHMAN\murf-livekit-starter\backend\.venv\Lib\site-packages\livekit\agents\voice\agent_activity.py", line 1162, in _on_metrics_collected
    self._session.emit("metrics_collected", MetricsCollectedEvent(metrics=ev))
  File "C:\Users\AYESHA RAHMAN\murf-livekit-starter\backend\.venv\Lib\site-packages\livekit\agents\voice\agent_session.py", line 428, in emit
    super().emit(event, arg)
  File "C:\Users\AYESHA RAHMAN\murf-livekit-starter\backend\.venv\Lib\site-packages\livekit\rtc\event_emitter.py", line 58, in emit
    callback(*callback_args)
  File "C:\Users\AYESHA RAHMAN\murf-livekit-starter\backend\src\agent.py", line 477, in on_metrics_collected
    logger.info(
  File "C:\Users\AYESHA RAHMAN\murf-livekit-starter\backend\.uv-python\cpython-3.13-windows-x86_64-none\Lib\logging\__init__.py", line 1520, in info
    self._log(INFO, msg, args, **kwargs)
  File "C:\Users\AYESHA RAHMAN\murf-livekit-starter\backend\.uv-python\cpython-3.13-windows-x86_64-none\Lib\logging\__init__.py", line 1665, in _log
    self.handle(record)
  File "C:\Users\AYESHA RAHMAN\murf-livekit-starter\backend\.uv-python\cpython-3.13-windows-x86_64-none\Lib\logging\__init__.py", line 1681, in handle
    self.callHandlers(record)
  File "C:\Users\AYESHA RAHMAN\murf-livekit-starter\backend\.uv-python\cpython-3.13-windows-x86_64-none\Lib\logging\__init__.py", line 1737, in callHandlers
    hdlr.handle(record)
  File "C:\Users\AYESHA RAHMAN\murf-livekit-starter\backend\.uv-python\cpython-3.13-windows-x86_64-none\Lib\logging\__init__.py", line 1027, in handle
    self.emit(record)
  File "C:\Users\AYESHA RAHMAN\murf-livekit-starter\backend\.venv\Lib\site-packages\livekit\agents\cli\cli.py", line 957, in emit
    self.handleError(record)
Message: '[DEBUG-%s] metrics=%s'
Arguments: ('TTS', TTSMetrics(type='tts_metrics', label='livekit.plugins.murf.tts.TTS', request_id='0060b1b14f5a', timestamp=1786731891.7441564, ttfb=0.3837201999995159, duration=52.74499529999957, audio_duration=62.68000000000035, cancelled=False, characters_count=872, streamed=True, segment_id='8229ba0f1b4e', speech_id='speech_56661bc72a4c', metadata=Metadata(model_name='FALCON', model_provider='Murf')))
--- Logging error ---
Traceback (most recent call last):
  File "C:\Users\AYESHA RAHMAN\murf-livekit-starter\backend\.venv\Lib\site-packages\livekit\agents\cli\cli.py", line 944, in emit
    self.c.console.print(output)
    ~~~~~~~~~~~~~~~~~~~~^^^^^^^^
  File "C:\Users\AYESHA RAHMAN\murf-livekit-starter\backend\.venv\Lib\site-packages\rich\console.py", line 1697, in print
    with self:
         ^^^^
  File "C:\Users\AYESHA RAHMAN\murf-livekit-starter\backend\.venv\Lib\site-packages\rich\console.py", line 870, in __exit__
    self._exit_buffer()
    ~~~~~~~~~~~~~~~~~^^
  File "C:\Users\AYESHA RAHMAN\murf-livekit-starter\backend\.venv\Lib\site-packages\rich\console.py", line 826, in _exit_buffer
    self._check_buffer()
    ~~~~~~~~~~~~~~~~~~^^
  File "C:\Users\AYESHA RAHMAN\murf-livekit-starter\backend\.venv\Lib\site-packages\rich\console.py", line 2042, in _check_buffer
    self._write_buffer()
    ~~~~~~~~~~~~~~~~~~^^
  File "C:\Users\AYESHA RAHMAN\murf-livekit-starter\backend\.venv\Lib\site-packages\rich\console.py", line 2078, in _write_buffer
    legacy_windows_render(buffer, LegacyWindowsTerm(self.file))
    ~~~~~~~~~~~~~~~~~~~~~^^^^^^^^^^^^^^^^^^^^^^^^^^^^^^^^^^^^^^
  File "C:\Users\AYESHA RAHMAN\murf-livekit-starter\backend\.venv\Lib\site-packages\rich\_windows_renderer.py", line 17, in legacy_windows_render
    term.write_styled(text, style)
    ~~~~~~~~~~~~~~~~~^^^^^^^^^^^^^
  File "C:\Users\AYESHA RAHMAN\murf-livekit-starter\backend\.venv\Lib\site-packages\rich\_win32_console.py", line 441, in write_styled
    self.write_text(text)
    ~~~~~~~~~~~~~~~^^^^^^
  File "C:\Users\AYESHA RAHMAN\murf-livekit-starter\backend\.venv\Lib\site-packages\rich\_win32_console.py", line 402, in write_text
    self.write(text)
    ~~~~~~~~~~^^^^^^
  File "C:\Users\AYESHA RAHMAN\murf-livekit-starter\backend\.uv-python\cpython-3.13-windows-x86_64-none\Lib\encodings\cp1252.py", line 19, in encode
    return codecs.charmap_encode(input,self.errors,encoding_table)[0]
           ~~~~~~~~~~~~~~~~~~~~~^^^^^^^^^^^^^^^^^^^^^^^^^^^^^^^^^^
UnicodeEncodeError: 'charmap' codec can't encode character '\u20b9' in position 52: character maps to <undefined>
Call stack:
  File "C:\Users\AYESHA RAHMAN\murf-livekit-starter\backend\.uv-python\cpython-3.13-windows-x86_64-none\Lib\threading.py", line 1015, in _bootstrap
    self._bootstrap_inner()
  File "C:\Users\AYESHA RAHMAN\murf-livekit-starter\backend\.uv-python\cpython-3.13-windows-x86_64-none\Lib\threading.py", line 1044, in _bootstrap_inner
    self.run()
  File "C:\Users\AYESHA RAHMAN\murf-livekit-starter\backend\.uv-python\cpython-3.13-windows-x86_64-none\Lib\threading.py", line 995, in run
    self._target(*self._args, **self._kwargs)
  File "C:\Users\AYESHA RAHMAN\murf-livekit-starter\backend\.venv\Lib\site-packages\livekit\agents\ipc\job_proc_lazy_main.py", line 418, in thread_main
    client.run()
  File "C:\Users\AYESHA RAHMAN\murf-livekit-starter\backend\.venv\Lib\site-packages\livekit\agents\ipc\proc_client.py", line 70, in run
    loop.run_until_complete(self._task)
  File "C:\Users\AYESHA RAHMAN\murf-livekit-starter\backend\.uv-python\cpython-3.13-windows-x86_64-none\Lib\asyncio\base_events.py", line 712, in run_until_complete
    self.run_forever()
  File "C:\Users\AYESHA RAHMAN\murf-livekit-starter\backend\.uv-python\cpython-3.13-windows-x86_64-none\Lib\asyncio\base_events.py", line 683, in run_forever
    self._run_once()
  File "C:\Users\AYESHA RAHMAN\murf-livekit-starter\backend\.uv-python\cpython-3.13-windows-x86_64-none\Lib\asyncio\base_events.py", line 2060, in _run_once
    handle._run()
  File "C:\Users\AYESHA RAHMAN\murf-livekit-starter\backend\.uv-python\cpython-3.13-windows-x86_64-none\Lib\asyncio\events.py", line 89, in _run
    self._context.run(self._callback, *self._args)
  File "C:\Users\AYESHA RAHMAN\murf-livekit-starter\backend\.venv\Lib\site-packages\livekit\agents\stt\stt.py", line 384, in _metrics_monitor_task
    self._stt.emit("metrics_collected", stt_metrics)
  File "C:\Users\AYESHA RAHMAN\murf-livekit-starter\backend\.venv\Lib\site-packages\livekit\rtc\event_emitter.py", line 58, in emit
    callback(*callback_args)
  File "C:\Users\AYESHA RAHMAN\murf-livekit-starter\backend\.venv\Lib\site-packages\livekit\agents\voice\agent_activity.py", line 1162, in _on_metrics_collected
    self._session.emit("metrics_collected", MetricsCollectedEvent(metrics=ev))
  File "C:\Users\AYESHA RAHMAN\murf-livekit-starter\backend\.venv\Lib\site-packages\livekit\agents\voice\agent_session.py", line 428, in emit
    super().emit(event, arg)
  File "C:\Users\AYESHA RAHMAN\murf-livekit-starter\backend\.venv\Lib\site-packages\livekit\rtc\event_emitter.py", line 58, in emit
    callback(*callback_args)
  File "C:\Users\AYESHA RAHMAN\murf-livekit-starter\backend\src\agent.py", line 477, in on_metrics_collected
    logger.info(
  File "C:\Users\AYESHA RAHMAN\murf-livekit-starter\backend\.uv-python\cpython-3.13-windows-x86_64-none\Lib\logging\__init__.py", line 1520, in info
    self._log(INFO, msg, args, **kwargs)
  File "C:\Users\AYESHA RAHMAN\murf-livekit-starter\backend\.uv-python\cpython-3.13-windows-x86_64-none\Lib\logging\__init__.py", line 1665, in _log
    self.handle(record)
  File "C:\Users\AYESHA RAHMAN\murf-livekit-starter\backend\.uv-python\cpython-3.13-windows-x86_64-none\Lib\logging\__init__.py", line 1681, in handle
    self.callHandlers(record)
  File "C:\Users\AYESHA RAHMAN\murf-livekit-starter\backend\.uv-python\cpython-3.13-windows-x86_64-none\Lib\logging\__init__.py", line 1737, in callHandlers
    hdlr.handle(record)
  File "C:\Users\AYESHA RAHMAN\murf-livekit-starter\backend\.uv-python\cpython-3.13-windows-x86_64-none\Lib\logging\__init__.py", line 1027, in handle
    self.emit(record)
  File "C:\Users\AYESHA RAHMAN\murf-livekit-starter\backend\.venv\Lib\site-packages\livekit\agents\cli\cli.py", line 957, in emit
    self.handleError(record)
Message: '[DEBUG-%s] metrics=%s'
Arguments: ('STT', STTMetrics(type='stt_metrics', label='livekit.plugins.deepgram.stt.STT', request_id='01a00183-59f7-7ad3-8d42-92bf10e19690', timestamp=1786731896.3467314, duration=0.0, audio_duration=5.09999999999999, streamed=True, metadata=Metadata(model_name='nova-3', model_provider='Deepgram')))
--- Logging error ---
Traceback (most recent call last):
  File "C:\Users\AYESHA RAHMAN\murf-livekit-starter\backend\.venv\Lib\site-packages\livekit\agents\cli\cli.py", line 944, in emit
    self.c.console.print(output)
    ~~~~~~~~~~~~~~~~~~~~^^^^^^^^
  File "C:\Users\AYESHA RAHMAN\murf-livekit-starter\backend\.venv\Lib\site-packages\rich\console.py", line 1697, in print
    with self:
         ^^^^
  File "C:\Users\AYESHA RAHMAN\murf-livekit-starter\backend\.venv\Lib\site-packages\rich\console.py", line 870, in __exit__
    self._exit_buffer()
    ~~~~~~~~~~~~~~~~~^^
  File "C:\Users\AYESHA RAHMAN\murf-livekit-starter\backend\.venv\Lib\site-packages\rich\console.py", line 826, in _exit_buffer
    self._check_buffer()
    ~~~~~~~~~~~~~~~~~~^^
  File "C:\Users\AYESHA RAHMAN\murf-livekit-starter\backend\.venv\Lib\site-packages\rich\console.py", line 2042, in _check_buffer
    self._write_buffer()
    ~~~~~~~~~~~~~~~~~~^^
  File "C:\Users\AYESHA RAHMAN\murf-livekit-starter\backend\.venv\Lib\site-packages\rich\console.py", line 2078, in _write_buffer
    legacy_windows_render(buffer, LegacyWindowsTerm(self.file))
    ~~~~~~~~~~~~~~~~~~~~~^^^^^^^^^^^^^^^^^^^^^^^^^^^^^^^^^^^^^^
  File "C:\Users\AYESHA RAHMAN\murf-livekit-starter\backend\.venv\Lib\site-packages\rich\_windows_renderer.py", line 17, in legacy_windows_render
    term.write_styled(text, style)
    ~~~~~~~~~~~~~~~~~^^^^^^^^^^^^^
  File "C:\Users\AYESHA RAHMAN\murf-livekit-starter\backend\.venv\Lib\site-packages\rich\_win32_console.py", line 441, in write_styled
    self.write_text(text)
    ~~~~~~~~~~~~~~~^^^^^^
  File "C:\Users\AYESHA RAHMAN\murf-livekit-starter\backend\.venv\Lib\site-packages\rich\_win32_console.py", line 402, in write_text
    self.write(text)
    ~~~~~~~~~~^^^^^^
  File "C:\Users\AYESHA RAHMAN\murf-livekit-starter\backend\.uv-python\cpython-3.13-windows-x86_64-none\Lib\encodings\cp1252.py", line 19, in encode
    return codecs.charmap_encode(input,self.errors,encoding_table)[0]
           ~~~~~~~~~~~~~~~~~~~~~^^^^^^^^^^^^^^^^^^^^^^^^^^^^^^^^^^
UnicodeEncodeError: 'charmap' codec can't encode character '\u20b9' in position 52: character maps to <undefined>
Call stack:
  File "C:\Users\AYESHA RAHMAN\murf-livekit-starter\backend\.uv-python\cpython-3.13-windows-x86_64-none\Lib\threading.py", line 1015, in _bootstrap
    self._bootstrap_inner()
  File "C:\Users\AYESHA RAHMAN\murf-livekit-starter\backend\.uv-python\cpython-3.13-windows-x86_64-none\Lib\threading.py", line 1044, in _bootstrap_inner
    self.run()
  File "C:\Users\AYESHA RAHMAN\murf-livekit-starter\backend\.uv-python\cpython-3.13-windows-x86_64-none\Lib\threading.py", line 995, in run
    self._target(*self._args, **self._kwargs)
  File "C:\Users\AYESHA RAHMAN\murf-livekit-starter\backend\.venv\Lib\site-packages\livekit\agents\ipc\job_proc_lazy_main.py", line 418, in thread_main
    client.run()
  File "C:\Users\AYESHA RAHMAN\murf-livekit-starter\backend\.venv\Lib\site-packages\livekit\agents\ipc\proc_client.py", line 70, in run
    loop.run_until_complete(self._task)
  File "C:\Users\AYESHA RAHMAN\murf-livekit-starter\backend\.uv-python\cpython-3.13-windows-x86_64-none\Lib\asyncio\base_events.py", line 712, in run_until_complete
    self.run_forever()
  File "C:\Users\AYESHA RAHMAN\murf-livekit-starter\backend\.uv-python\cpython-3.13-windows-x86_64-none\Lib\asyncio\base_events.py", line 683, in run_forever
    self._run_once()
  File "C:\Users\AYESHA RAHMAN\murf-livekit-starter\backend\.uv-python\cpython-3.13-windows-x86_64-none\Lib\asyncio\base_events.py", line 2060, in _run_once
    handle._run()
  File "C:\Users\AYESHA RAHMAN\murf-livekit-starter\backend\.uv-python\cpython-3.13-windows-x86_64-none\Lib\asyncio\events.py", line 89, in _run
    self._context.run(self._callback, *self._args)
  File "C:\Users\AYESHA RAHMAN\murf-livekit-starter\backend\.venv\Lib\site-packages\livekit\agents\stt\stt.py", line 384, in _metrics_monitor_task
    self._stt.emit("metrics_collected", stt_metrics)
  File "C:\Users\AYESHA RAHMAN\murf-livekit-starter\backend\.venv\Lib\site-packages\livekit\rtc\event_emitter.py", line 58, in emit
    callback(*callback_args)
  File "C:\Users\AYESHA RAHMAN\murf-livekit-starter\backend\.venv\Lib\site-packages\livekit\agents\voice\agent_activity.py", line 1162, in _on_metrics_collected
    self._session.emit("metrics_collected", MetricsCollectedEvent(metrics=ev))
  File "C:\Users\AYESHA RAHMAN\murf-livekit-starter\backend\.venv\Lib\site-packages\livekit\agents\voice\agent_session.py", line 428, in emit
    super().emit(event, arg)
  File "C:\Users\AYESHA RAHMAN\murf-livekit-starter\backend\.venv\Lib\site-packages\livekit\rtc\event_emitter.py", line 58, in emit
    callback(*callback_args)
  File "C:\Users\AYESHA RAHMAN\murf-livekit-starter\backend\src\agent.py", line 477, in on_metrics_collected
    logger.info(
  File "C:\Users\AYESHA RAHMAN\murf-livekit-starter\backend\.uv-python\cpython-3.13-windows-x86_64-none\Lib\logging\__init__.py", line 1520, in info
    self._log(INFO, msg, args, **kwargs)
  File "C:\Users\AYESHA RAHMAN\murf-livekit-starter\backend\.uv-python\cpython-3.13-windows-x86_64-none\Lib\logging\__init__.py", line 1665, in _log
    self.handle(record)
  File "C:\Users\AYESHA RAHMAN\murf-livekit-starter\backend\.uv-python\cpython-3.13-windows-x86_64-none\Lib\logging\__init__.py", line 1681, in handle
    self.callHandlers(record)
  File "C:\Users\AYESHA RAHMAN\murf-livekit-starter\backend\.uv-python\cpython-3.13-windows-x86_64-none\Lib\logging\__init__.py", line 1737, in callHandlers
    hdlr.handle(record)
  File "C:\Users\AYESHA RAHMAN\murf-livekit-starter\backend\.uv-python\cpython-3.13-windows-x86_64-none\Lib\logging\__init__.py", line 1027, in handle
    self.emit(record)
  File "C:\Users\AYESHA RAHMAN\murf-livekit-starter\backend\.venv\Lib\site-packages\livekit\agents\cli\cli.py", line 957, in emit
    self.handleError(record)
Message: '[DEBUG-%s] metrics=%s'
Arguments: ('STT', STTMetrics(type='stt_metrics', label='livekit.plugins.deepgram.stt.STT', request_id='01a00183-59f7-7ad3-8d42-92bf10e19690', timestamp=1786731901.3485, duration=0.0, audio_duration=4.99999999999999, streamed=True, metadata=Metadata(model_name='nova-3', model_provider='Deepgram')))
--- Logging error ---
Traceback (most recent call last):
  File "C:\Users\AYESHA RAHMAN\murf-livekit-starter\backend\.venv\Lib\site-packages\livekit\agents\cli\cli.py", line 944, in emit
    self.c.console.print(output)
    ~~~~~~~~~~~~~~~~~~~~^^^^^^^^
  File "C:\Users\AYESHA RAHMAN\murf-livekit-starter\backend\.venv\Lib\site-packages\rich\console.py", line 1697, in print
    with self:
         ^^^^
  File "C:\Users\AYESHA RAHMAN\murf-livekit-starter\backend\.venv\Lib\site-packages\rich\console.py", line 870, in __exit__
    self._exit_buffer()
    ~~~~~~~~~~~~~~~~~^^
  File "C:\Users\AYESHA RAHMAN\murf-livekit-starter\backend\.venv\Lib\site-packages\rich\console.py", line 826, in _exit_buffer
    self._check_buffer()
    ~~~~~~~~~~~~~~~~~~^^
  File "C:\Users\AYESHA RAHMAN\murf-livekit-starter\backend\.venv\Lib\site-packages\rich\console.py", line 2042, in _check_buffer
    self._write_buffer()
    ~~~~~~~~~~~~~~~~~~^^
  File "C:\Users\AYESHA RAHMAN\murf-livekit-starter\backend\.venv\Lib\site-packages\rich\console.py", line 2078, in _write_buffer
    legacy_windows_render(buffer, LegacyWindowsTerm(self.file))
    ~~~~~~~~~~~~~~~~~~~~~^^^^^^^^^^^^^^^^^^^^^^^^^^^^^^^^^^^^^^
  File "C:\Users\AYESHA RAHMAN\murf-livekit-starter\backend\.venv\Lib\site-packages\rich\_windows_renderer.py", line 17, in legacy_windows_render
    term.write_styled(text, style)
    ~~~~~~~~~~~~~~~~~^^^^^^^^^^^^^
  File "C:\Users\AYESHA RAHMAN\murf-livekit-starter\backend\.venv\Lib\site-packages\rich\_win32_console.py", line 441, in write_styled
    self.write_text(text)
    ~~~~~~~~~~~~~~~^^^^^^
  File "C:\Users\AYESHA RAHMAN\murf-livekit-starter\backend\.venv\Lib\site-packages\rich\_win32_console.py", line 402, in write_text
    self.write(text)
    ~~~~~~~~~~^^^^^^
  File "C:\Users\AYESHA RAHMAN\murf-livekit-starter\backend\.uv-python\cpython-3.13-windows-x86_64-none\Lib\encodings\cp1252.py", line 19, in encode
    return codecs.charmap_encode(input,self.errors,encoding_table)[0]
           ~~~~~~~~~~~~~~~~~~~~~^^^^^^^^^^^^^^^^^^^^^^^^^^^^^^^^^^
UnicodeEncodeError: 'charmap' codec can't encode character '\u20b9' in position 52: character maps to <undefined>
Call stack:
  File "C:\Users\AYESHA RAHMAN\murf-livekit-starter\backend\.uv-python\cpython-3.13-windows-x86_64-none\Lib\threading.py", line 1015, in _bootstrap
    self._bootstrap_inner()
  File "C:\Users\AYESHA RAHMAN\murf-livekit-starter\backend\.uv-python\cpython-3.13-windows-x86_64-none\Lib\threading.py", line 1044, in _bootstrap_inner
    self.run()
  File "C:\Users\AYESHA RAHMAN\murf-livekit-starter\backend\.uv-python\cpython-3.13-windows-x86_64-none\Lib\threading.py", line 995, in run
    self._target(*self._args, **self._kwargs)
  File "C:\Users\AYESHA RAHMAN\murf-livekit-starter\backend\.venv\Lib\site-packages\livekit\agents\ipc\job_proc_lazy_main.py", line 418, in thread_main
    client.run()
  File "C:\Users\AYESHA RAHMAN\murf-livekit-starter\backend\.venv\Lib\site-packages\livekit\agents\ipc\proc_client.py", line 70, in run
    loop.run_until_complete(self._task)
  File "C:\Users\AYESHA RAHMAN\murf-livekit-starter\backend\.uv-python\cpython-3.13-windows-x86_64-none\Lib\asyncio\base_events.py", line 712, in run_until_complete
    self.run_forever()
  File "C:\Users\AYESHA RAHMAN\murf-livekit-starter\backend\.uv-python\cpython-3.13-windows-x86_64-none\Lib\asyncio\base_events.py", line 683, in run_forever
    self._run_once()
  File "C:\Users\AYESHA RAHMAN\murf-livekit-starter\backend\.uv-python\cpython-3.13-windows-x86_64-none\Lib\asyncio\base_events.py", line 2060, in _run_once
    handle._run()
  File "C:\Users\AYESHA RAHMAN\murf-livekit-starter\backend\.uv-python\cpython-3.13-windows-x86_64-none\Lib\asyncio\events.py", line 89, in _run
    self._context.run(self._callback, *self._args)
  File "C:\Users\AYESHA RAHMAN\murf-livekit-starter\backend\.venv\Lib\site-packages\livekit\agents\voice\agent_activity.py", line 434, in _context_aware_coro
    return await coro
  File "C:\Users\AYESHA RAHMAN\murf-livekit-starter\backend\.venv\Lib\site-packages\livekit\agents\utils\log.py", line 17, in async_fn_logs
    return await fn(*args, **kwargs)
  File "C:\Users\AYESHA RAHMAN\murf-livekit-starter\backend\.venv\Lib\site-packages\livekit\agents\voice\agent_activity.py", line 1913, in _pipeline_reply_task
    await self._pipeline_reply_task_impl(
  File "C:\Users\AYESHA RAHMAN\murf-livekit-starter\backend\.venv\Lib\site-packages\livekit\agents\voice\agent_activity.py", line 2195, in _pipeline_reply_task_impl
    self._session._conversation_item_added(msg)
  File "C:\Users\AYESHA RAHMAN\murf-livekit-starter\backend\.venv\Lib\site-packages\livekit\agents\voice\agent_session.py", line 1409, in _conversation_item_added
    self.emit("conversation_item_added", ConversationItemAddedEvent(item=message))
  File "C:\Users\AYESHA RAHMAN\murf-livekit-starter\backend\.venv\Lib\site-packages\livekit\agents\voice\agent_session.py", line 428, in emit
    super().emit(event, arg)
  File "C:\Users\AYESHA RAHMAN\murf-livekit-starter\backend\.venv\Lib\site-packages\livekit\rtc\event_emitter.py", line 58, in emit
    callback(*callback_args)
  File "C:\Users\AYESHA RAHMAN\murf-livekit-starter\backend\src\agent.py", line 468, in on_conversation_item_added
    logger.info(
  File "C:\Users\AYESHA RAHMAN\murf-livekit-starter\backend\.uv-python\cpython-3.13-windows-x86_64-none\Lib\logging\__init__.py", line 1520, in info
    self._log(INFO, msg, args, **kwargs)
  File "C:\Users\AYESHA RAHMAN\murf-livekit-starter\backend\.uv-python\cpython-3.13-windows-x86_64-none\Lib\logging\__init__.py", line 1665, in _log
    self.handle(record)
  File "C:\Users\AYESHA RAHMAN\murf-livekit-starter\backend\.uv-python\cpython-3.13-windows-x86_64-none\Lib\logging\__init__.py", line 1681, in handle
    self.callHandlers(record)
  File "C:\Users\AYESHA RAHMAN\murf-livekit-starter\backend\.uv-python\cpython-3.13-windows-x86_64-none\Lib\logging\__init__.py", line 1737, in callHandlers
    hdlr.handle(record)
  File "C:\Users\AYESHA RAHMAN\murf-livekit-starter\backend\.uv-python\cpython-3.13-windows-x86_64-none\Lib\logging\__init__.py", line 1027, in handle
    self.emit(record)
  File "C:\Users\AYESHA RAHMAN\murf-livekit-starter\backend\.venv\Lib\site-packages\livekit\agents\cli\cli.py", line 957, in emit
    self.handleError(record)
Message: '[DEBUG-LLM] assistant text committed after playout=%r'
Arguments: ("Thank you for sharing that breakdown, Zikra. Let's look at your numbers:\n\n* **Income:** \u20b930,000\n* **Rent:** \u20b98,000\n* **Food & Medicine:** \u20b95,500\n* **Parents:** \u20b98,000\n* **Shopping & Miscellaneous:** \u20b9500 (since your total adds up to \u20b922,000)\n* **Total Expenses:** \u20b922,000\n\nCurrently, this leaves you with **\u20b98,000** in savings each month. Your rent, family support, and health/food expenses are essential commitments, which total **\u20b921,500**, leaving very little wiggle room.\n\nTo hit your goal of **\u20b910,000** in savings, your total expenses would need to come down to **\u20b920,000**. \n\nSince your fixed expenses like rent and family contribution are quite rigid, have you considered if there is any small flexibility in your food, medicine, or shopping categories, or perhaps finding a way to slightly optimize utility bills? Even saving an extra \u20b91,500 to \u20b92,000 here would bring you very close to your \u20b910,000 target.",)
--- Logging error ---
Traceback (most recent call last):
  File "C:\Users\AYESHA RAHMAN\murf-livekit-starter\backend\.venv\Lib\site-packages\livekit\agents\cli\cli.py", line 944, in emit
    self.c.console.print(output)
    ~~~~~~~~~~~~~~~~~~~~^^^^^^^^
  File "C:\Users\AYESHA RAHMAN\murf-livekit-starter\backend\.venv\Lib\site-packages\rich\console.py", line 1697, in print
    with self:
         ^^^^
  File "C:\Users\AYESHA RAHMAN\murf-livekit-starter\backend\.venv\Lib\site-packages\rich\console.py", line 870, in __exit__
    self._exit_buffer()
    ~~~~~~~~~~~~~~~~~^^
  File "C:\Users\AYESHA RAHMAN\murf-livekit-starter\backend\.venv\Lib\site-packages\rich\console.py", line 826, in _exit_buffer
    self._check_buffer()
    ~~~~~~~~~~~~~~~~~~^^
  File "C:\Users\AYESHA RAHMAN\murf-livekit-starter\backend\.venv\Lib\site-packages\rich\console.py", line 2042, in _check_buffer
    self._write_buffer()
    ~~~~~~~~~~~~~~~~~~^^
  File "C:\Users\AYESHA RAHMAN\murf-livekit-starter\backend\.venv\Lib\site-packages\rich\console.py", line 2078, in _write_buffer
    legacy_windows_render(buffer, LegacyWindowsTerm(self.file))
    ~~~~~~~~~~~~~~~~~~~~~^^^^^^^^^^^^^^^^^^^^^^^^^^^^^^^^^^^^^^
  File "C:\Users\AYESHA RAHMAN\murf-livekit-starter\backend\.venv\Lib\site-packages\rich\_windows_renderer.py", line 17, in legacy_windows_render
    term.write_styled(text, style)
    ~~~~~~~~~~~~~~~~~^^^^^^^^^^^^^
  File "C:\Users\AYESHA RAHMAN\murf-livekit-starter\backend\.venv\Lib\site-packages\rich\_win32_console.py", line 441, in write_styled
    self.write_text(text)
    ~~~~~~~~~~~~~~~^^^^^^
  File "C:\Users\AYESHA RAHMAN\murf-livekit-starter\backend\.venv\Lib\site-packages\rich\_win32_console.py", line 402, in write_text
    self.write(text)
    ~~~~~~~~~~^^^^^^
  File "C:\Users\AYESHA RAHMAN\murf-livekit-starter\backend\.uv-python\cpython-3.13-windows-x86_64-none\Lib\encodings\cp1252.py", line 19, in encode
    return codecs.charmap_encode(input,self.errors,encoding_table)[0]
           ~~~~~~~~~~~~~~~~~~~~~^^^^^^^^^^^^^^^^^^^^^^^^^^^^^^^^^^
UnicodeEncodeError: 'charmap' codec can't encode character '\u20b9' in position 52: character maps to <undefined>
Call stack:
  File "C:\Users\AYESHA RAHMAN\murf-livekit-starter\backend\.uv-python\cpython-3.13-windows-x86_64-none\Lib\threading.py", line 1015, in _bootstrap
    self._bootstrap_inner()
  File "C:\Users\AYESHA RAHMAN\murf-livekit-starter\backend\.uv-python\cpython-3.13-windows-x86_64-none\Lib\threading.py", line 1044, in _bootstrap_inner
    self.run()
  File "C:\Users\AYESHA RAHMAN\murf-livekit-starter\backend\.uv-python\cpython-3.13-windows-x86_64-none\Lib\threading.py", line 995, in run
    self._target(*self._args, **self._kwargs)
  File "C:\Users\AYESHA RAHMAN\murf-livekit-starter\backend\.venv\Lib\site-packages\livekit\agents\ipc\job_proc_lazy_main.py", line 418, in thread_main
    client.run()
  File "C:\Users\AYESHA RAHMAN\murf-livekit-starter\backend\.venv\Lib\site-packages\livekit\agents\ipc\proc_client.py", line 70, in run
    loop.run_until_complete(self._task)
  File "C:\Users\AYESHA RAHMAN\murf-livekit-starter\backend\.uv-python\cpython-3.13-windows-x86_64-none\Lib\asyncio\base_events.py", line 712, in run_until_complete
    self.run_forever()
  File "C:\Users\AYESHA RAHMAN\murf-livekit-starter\backend\.uv-python\cpython-3.13-windows-x86_64-none\Lib\asyncio\base_events.py", line 683, in run_forever
    self._run_once()
  File "C:\Users\AYESHA RAHMAN\murf-livekit-starter\backend\.uv-python\cpython-3.13-windows-x86_64-none\Lib\asyncio\base_events.py", line 2060, in _run_once
    handle._run()
  File "C:\Users\AYESHA RAHMAN\murf-livekit-starter\backend\.uv-python\cpython-3.13-windows-x86_64-none\Lib\asyncio\events.py", line 89, in _run
    self._context.run(self._callback, *self._args)
  File "C:\Users\AYESHA RAHMAN\murf-livekit-starter\backend\.venv\Lib\site-packages\livekit\agents\stt\stt.py", line 384, in _metrics_monitor_task
    self._stt.emit("metrics_collected", stt_metrics)
  File "C:\Users\AYESHA RAHMAN\murf-livekit-starter\backend\.venv\Lib\site-packages\livekit\rtc\event_emitter.py", line 58, in emit
    callback(*callback_args)
  File "C:\Users\AYESHA RAHMAN\murf-livekit-starter\backend\.venv\Lib\site-packages\livekit\agents\voice\agent_activity.py", line 1162, in _on_metrics_collected
    self._session.emit("metrics_collected", MetricsCollectedEvent(metrics=ev))
  File "C:\Users\AYESHA RAHMAN\murf-livekit-starter\backend\.venv\Lib\site-packages\livekit\agents\voice\agent_session.py", line 428, in emit
    super().emit(event, arg)
  File "C:\Users\AYESHA RAHMAN\murf-livekit-starter\backend\.venv\Lib\site-packages\livekit\rtc\event_emitter.py", line 58, in emit
    callback(*callback_args)
  File "C:\Users\AYESHA RAHMAN\murf-livekit-starter\backend\src\agent.py", line 477, in on_metrics_collected
    logger.info(
  File "C:\Users\AYESHA RAHMAN\murf-livekit-starter\backend\.uv-python\cpython-3.13-windows-x86_64-none\Lib\logging\__init__.py", line 1520, in info
    self._log(INFO, msg, args, **kwargs)
  File "C:\Users\AYESHA RAHMAN\murf-livekit-starter\backend\.uv-python\cpython-3.13-windows-x86_64-none\Lib\logging\__init__.py", line 1665, in _log
    self.handle(record)
  File "C:\Users\AYESHA RAHMAN\murf-livekit-starter\backend\.uv-python\cpython-3.13-windows-x86_64-none\Lib\logging\__init__.py", line 1681, in handle
    self.callHandlers(record)
  File "C:\Users\AYESHA RAHMAN\murf-livekit-starter\backend\.uv-python\cpython-3.13-windows-x86_64-none\Lib\logging\__init__.py", line 1737, in callHandlers
    hdlr.handle(record)
  File "C:\Users\AYESHA RAHMAN\murf-livekit-starter\backend\.uv-python\cpython-3.13-windows-x86_64-none\Lib\logging\__init__.py", line 1027, in handle
    self.emit(record)
  File "C:\Users\AYESHA RAHMAN\murf-livekit-starter\backend\.venv\Lib\site-packages\livekit\agents\cli\cli.py", line 957, in emit
    self.handleError(record)
Message: '[DEBUG-%s] metrics=%s'
Arguments: ('STT', STTMetrics(type='stt_metrics', label='livekit.plugins.deepgram.stt.STT', request_id='01a00183-59f7-7ad3-8d42-92bf10e19690', timestamp=1786731906.349937, duration=0.0, audio_duration=4.99999999999999, streamed=True, metadata=Metadata(model_name='nova-3', model_provider='Deepgram')))
--- Logging error ---
Traceback (most recent call last):
  File "C:\Users\AYESHA RAHMAN\murf-livekit-starter\backend\.venv\Lib\site-packages\livekit\agents\cli\cli.py", line 944, in emit
    self.c.console.print(output)
    ~~~~~~~~~~~~~~~~~~~~^^^^^^^^
  File "C:\Users\AYESHA RAHMAN\murf-livekit-starter\backend\.venv\Lib\site-packages\rich\console.py", line 1697, in print
    with self:
         ^^^^
  File "C:\Users\AYESHA RAHMAN\murf-livekit-starter\backend\.venv\Lib\site-packages\rich\console.py", line 870, in __exit__
    self._exit_buffer()
    ~~~~~~~~~~~~~~~~~^^
  File "C:\Users\AYESHA RAHMAN\murf-livekit-starter\backend\.venv\Lib\site-packages\rich\console.py", line 826, in _exit_buffer
    self._check_buffer()
    ~~~~~~~~~~~~~~~~~~^^
  File "C:\Users\AYESHA RAHMAN\murf-livekit-starter\backend\.venv\Lib\site-packages\rich\console.py", line 2042, in _check_buffer
    self._write_buffer()
    ~~~~~~~~~~~~~~~~~~^^
  File "C:\Users\AYESHA RAHMAN\murf-livekit-starter\backend\.venv\Lib\site-packages\rich\console.py", line 2078, in _write_buffer
    legacy_windows_render(buffer, LegacyWindowsTerm(self.file))
    ~~~~~~~~~~~~~~~~~~~~~^^^^^^^^^^^^^^^^^^^^^^^^^^^^^^^^^^^^^^
  File "C:\Users\AYESHA RAHMAN\murf-livekit-starter\backend\.venv\Lib\site-packages\rich\_windows_renderer.py", line 17, in legacy_windows_render
    term.write_styled(text, style)
    ~~~~~~~~~~~~~~~~~^^^^^^^^^^^^^
  File "C:\Users\AYESHA RAHMAN\murf-livekit-starter\backend\.venv\Lib\site-packages\rich\_win32_console.py", line 441, in write_styled
    self.write_text(text)
    ~~~~~~~~~~~~~~~^^^^^^
  File "C:\Users\AYESHA RAHMAN\murf-livekit-starter\backend\.venv\Lib\site-packages\rich\_win32_console.py", line 402, in write_text
    self.write(text)
    ~~~~~~~~~~^^^^^^
  File "C:\Users\AYESHA RAHMAN\murf-livekit-starter\backend\.uv-python\cpython-3.13-windows-x86_64-none\Lib\encodings\cp1252.py", line 19, in encode
    return codecs.charmap_encode(input,self.errors,encoding_table)[0]
           ~~~~~~~~~~~~~~~~~~~~~^^^^^^^^^^^^^^^^^^^^^^^^^^^^^^^^^^
UnicodeEncodeError: 'charmap' codec can't encode character '\u20b9' in position 52: character maps to <undefined>
Call stack:
  File "C:\Users\AYESHA RAHMAN\murf-livekit-starter\backend\.uv-python\cpython-3.13-windows-x86_64-none\Lib\threading.py", line 1015, in _bootstrap
    self._bootstrap_inner()
  File "C:\Users\AYESHA RAHMAN\murf-livekit-starter\backend\.uv-python\cpython-3.13-windows-x86_64-none\Lib\threading.py", line 1044, in _bootstrap_inner
    self.run()
  File "C:\Users\AYESHA RAHMAN\murf-livekit-starter\backend\.uv-python\cpython-3.13-windows-x86_64-none\Lib\threading.py", line 995, in run
    self._target(*self._args, **self._kwargs)
  File "C:\Users\AYESHA RAHMAN\murf-livekit-starter\backend\.venv\Lib\site-packages\livekit\agents\ipc\job_proc_lazy_main.py", line 418, in thread_main
    client.run()
  File "C:\Users\AYESHA RAHMAN\murf-livekit-starter\backend\.venv\Lib\site-packages\livekit\agents\ipc\proc_client.py", line 70, in run
    loop.run_until_complete(self._task)
  File "C:\Users\AYESHA RAHMAN\murf-livekit-starter\backend\.uv-python\cpython-3.13-windows-x86_64-none\Lib\asyncio\base_events.py", line 712, in run_until_complete
    self.run_forever()
  File "C:\Users\AYESHA RAHMAN\murf-livekit-starter\backend\.uv-python\cpython-3.13-windows-x86_64-none\Lib\asyncio\base_events.py", line 683, in run_forever
    self._run_once()
  File "C:\Users\AYESHA RAHMAN\murf-livekit-starter\backend\.uv-python\cpython-3.13-windows-x86_64-none\Lib\asyncio\base_events.py", line 2060, in _run_once
    handle._run()
  File "C:\Users\AYESHA RAHMAN\murf-livekit-starter\backend\.uv-python\cpython-3.13-windows-x86_64-none\Lib\asyncio\events.py", line 89, in _run
    self._context.run(self._callback, *self._args)
  File "C:\Users\AYESHA RAHMAN\murf-livekit-starter\backend\.venv\Lib\site-packages\livekit\agents\stt\stt.py", line 384, in _metrics_monitor_task
    self._stt.emit("metrics_collected", stt_metrics)
  File "C:\Users\AYESHA RAHMAN\murf-livekit-starter\backend\.venv\Lib\site-packages\livekit\rtc\event_emitter.py", line 58, in emit
    callback(*callback_args)
  File "C:\Users\AYESHA RAHMAN\murf-livekit-starter\backend\.venv\Lib\site-packages\livekit\agents\voice\agent_activity.py", line 1162, in _on_metrics_collected
    self._session.emit("metrics_collected", MetricsCollectedEvent(metrics=ev))
  File "C:\Users\AYESHA RAHMAN\murf-livekit-starter\backend\.venv\Lib\site-packages\livekit\agents\voice\agent_session.py", line 428, in emit
    super().emit(event, arg)
  File "C:\Users\AYESHA RAHMAN\murf-livekit-starter\backend\.venv\Lib\site-packages\livekit\rtc\event_emitter.py", line 58, in emit
    callback(*callback_args)
  File "C:\Users\AYESHA RAHMAN\murf-livekit-starter\backend\src\agent.py", line 477, in on_metrics_collected
    logger.info(
  File "C:\Users\AYESHA RAHMAN\murf-livekit-starter\backend\.uv-python\cpython-3.13-windows-x86_64-none\Lib\logging\__init__.py", line 1520, in info
    self._log(INFO, msg, args, **kwargs)
  File "C:\Users\AYESHA RAHMAN\murf-livekit-starter\backend\.uv-python\cpython-3.13-windows-x86_64-none\Lib\logging\__init__.py", line 1665, in _log
    self.handle(record)
  File "C:\Users\AYESHA RAHMAN\murf-livekit-starter\backend\.uv-python\cpython-3.13-windows-x86_64-none\Lib\logging\__init__.py", line 1681, in handle
    self.callHandlers(record)
  File "C:\Users\AYESHA RAHMAN\murf-livekit-starter\backend\.uv-python\cpython-3.13-windows-x86_64-none\Lib\logging\__init__.py", line 1737, in callHandlers
    hdlr.handle(record)
  File "C:\Users\AYESHA RAHMAN\murf-livekit-starter\backend\.uv-python\cpython-3.13-windows-x86_64-none\Lib\logging\__init__.py", line 1027, in handle
    self.emit(record)
  File "C:\Users\AYESHA RAHMAN\murf-livekit-starter\backend\.venv\Lib\site-packages\livekit\agents\cli\cli.py", line 957, in emit
    self.handleError(record)
Message: '[DEBUG-%s] metrics=%s'
Arguments: ('STT', STTMetrics(type='stt_metrics', label='livekit.plugins.deepgram.stt.STT', request_id='01a00183-59f7-7ad3-8d42-92bf10e19690', timestamp=1786731911.3983586, duration=0.0, audio_duration=5.04999999999999, streamed=True, metadata=Metadata(model_name='nova-3', model_provider='Deepgram')))
--- Logging error ---
Traceback (most recent call last):
  File "C:\Users\AYESHA RAHMAN\murf-livekit-starter\backend\.venv\Lib\site-packages\livekit\agents\cli\cli.py", line 944, in emit
    self.c.console.print(output)
    ~~~~~~~~~~~~~~~~~~~~^^^^^^^^
  File "C:\Users\AYESHA RAHMAN\murf-livekit-starter\backend\.venv\Lib\site-packages\rich\console.py", line 1697, in print
    with self:
         ^^^^
  File "C:\Users\AYESHA RAHMAN\murf-livekit-starter\backend\.venv\Lib\site-packages\rich\console.py", line 870, in __exit__
    self._exit_buffer()
    ~~~~~~~~~~~~~~~~~^^
  File "C:\Users\AYESHA RAHMAN\murf-livekit-starter\backend\.venv\Lib\site-packages\rich\console.py", line 826, in _exit_buffer
    self._check_buffer()
    ~~~~~~~~~~~~~~~~~~^^
  File "C:\Users\AYESHA RAHMAN\murf-livekit-starter\backend\.venv\Lib\site-packages\rich\console.py", line 2042, in _check_buffer
    self._write_buffer()
    ~~~~~~~~~~~~~~~~~~^^
  File "C:\Users\AYESHA RAHMAN\murf-livekit-starter\backend\.venv\Lib\site-packages\rich\console.py", line 2078, in _write_buffer
    legacy_windows_render(buffer, LegacyWindowsTerm(self.file))
    ~~~~~~~~~~~~~~~~~~~~~^^^^^^^^^^^^^^^^^^^^^^^^^^^^^^^^^^^^^^
  File "C:\Users\AYESHA RAHMAN\murf-livekit-starter\backend\.venv\Lib\site-packages\rich\_windows_renderer.py", line 17, in legacy_windows_render
    term.write_styled(text, style)
    ~~~~~~~~~~~~~~~~~^^^^^^^^^^^^^
  File "C:\Users\AYESHA RAHMAN\murf-livekit-starter\backend\.venv\Lib\site-packages\rich\_win32_console.py", line 441, in write_styled
    self.write_text(text)
    ~~~~~~~~~~~~~~~^^^^^^
  File "C:\Users\AYESHA RAHMAN\murf-livekit-starter\backend\.venv\Lib\site-packages\rich\_win32_console.py", line 402, in write_text
    self.write(text)
    ~~~~~~~~~~^^^^^^
  File "C:\Users\AYESHA RAHMAN\murf-livekit-starter\backend\.uv-python\cpython-3.13-windows-x86_64-none\Lib\encodings\cp1252.py", line 19, in encode
    return codecs.charmap_encode(input,self.errors,encoding_table)[0]
           ~~~~~~~~~~~~~~~~~~~~~^^^^^^^^^^^^^^^^^^^^^^^^^^^^^^^^^^
UnicodeEncodeError: 'charmap' codec can't encode character '\u20b9' in position 52: character maps to <undefined>
Call stack:
  File "C:\Users\AYESHA RAHMAN\murf-livekit-starter\backend\.uv-python\cpython-3.13-windows-x86_64-none\Lib\threading.py", line 1015, in _bootstrap
    self._bootstrap_inner()
  File "C:\Users\AYESHA RAHMAN\murf-livekit-starter\backend\.uv-python\cpython-3.13-windows-x86_64-none\Lib\threading.py", line 1044, in _bootstrap_inner
    self.run()
  File "C:\Users\AYESHA RAHMAN\murf-livekit-starter\backend\.uv-python\cpython-3.13-windows-x86_64-none\Lib\threading.py", line 995, in run
    self._target(*self._args, **self._kwargs)
  File "C:\Users\AYESHA RAHMAN\murf-livekit-starter\backend\.venv\Lib\site-packages\livekit\agents\ipc\job_proc_lazy_main.py", line 418, in thread_main
    client.run()
  File "C:\Users\AYESHA RAHMAN\murf-livekit-starter\backend\.venv\Lib\site-packages\livekit\agents\ipc\proc_client.py", line 70, in run
    loop.run_until_complete(self._task)
  File "C:\Users\AYESHA RAHMAN\murf-livekit-starter\backend\.uv-python\cpython-3.13-windows-x86_64-none\Lib\asyncio\base_events.py", line 712, in run_until_complete
    self.run_forever()
  File "C:\Users\AYESHA RAHMAN\murf-livekit-starter\backend\.uv-python\cpython-3.13-windows-x86_64-none\Lib\asyncio\base_events.py", line 683, in run_forever
    self._run_once()
  File "C:\Users\AYESHA RAHMAN\murf-livekit-starter\backend\.uv-python\cpython-3.13-windows-x86_64-none\Lib\asyncio\base_events.py", line 2060, in _run_once
    handle._run()
  File "C:\Users\AYESHA RAHMAN\murf-livekit-starter\backend\.uv-python\cpython-3.13-windows-x86_64-none\Lib\asyncio\events.py", line 89, in _run
    self._context.run(self._callback, *self._args)
  File "C:\Users\AYESHA RAHMAN\murf-livekit-starter\backend\.venv\Lib\site-packages\livekit\agents\utils\log.py", line 17, in async_fn_logs
    return await fn(*args, **kwargs)
  File "C:\Users\AYESHA RAHMAN\murf-livekit-starter\backend\.venv\Lib\site-packages\livekit\agents\voice\audio_recognition.py", line 713, in _stt_task
    await self._on_stt_event(ev)
  File "C:\Users\AYESHA RAHMAN\murf-livekit-starter\backend\.venv\Lib\site-packages\livekit\agents\voice\audio_recognition.py", line 382, in _on_stt_event
    self._hooks.on_final_transcript(
  File "C:\Users\AYESHA RAHMAN\murf-livekit-starter\backend\.venv\Lib\site-packages\livekit\agents\voice\agent_activity.py", line 1387, in on_final_transcript
    self._session._user_input_transcribed(
  File "C:\Users\AYESHA RAHMAN\murf-livekit-starter\backend\.venv\Lib\site-packages\livekit\agents\voice\agent_session.py", line 1405, in _user_input_transcribed
    self.emit("user_input_transcribed", ev)
  File "C:\Users\AYESHA RAHMAN\murf-livekit-starter\backend\.venv\Lib\site-packages\livekit\agents\voice\agent_session.py", line 428, in emit
    super().emit(event, arg)
  File "C:\Users\AYESHA RAHMAN\murf-livekit-starter\backend\.venv\Lib\site-packages\livekit\rtc\event_emitter.py", line 58, in emit
    callback(*callback_args)
  File "C:\Users\AYESHA RAHMAN\murf-livekit-starter\backend\src\agent.py", line 459, in on_user_input_transcribed
    logger.info(
  File "C:\Users\AYESHA RAHMAN\murf-livekit-starter\backend\.uv-python\cpython-3.13-windows-x86_64-none\Lib\logging\__init__.py", line 1520, in info
    self._log(INFO, msg, args, **kwargs)
  File "C:\Users\AYESHA RAHMAN\murf-livekit-starter\backend\.uv-python\cpython-3.13-windows-x86_64-none\Lib\logging\__init__.py", line 1665, in _log
    self.handle(record)
  File "C:\Users\AYESHA RAHMAN\murf-livekit-starter\backend\.uv-python\cpython-3.13-windows-x86_64-none\Lib\logging\__init__.py", line 1681, in handle
    self.callHandlers(record)
  File "C:\Users\AYESHA RAHMAN\murf-livekit-starter\backend\.uv-python\cpython-3.13-windows-x86_64-none\Lib\logging\__init__.py", line 1737, in callHandlers
    hdlr.handle(record)
  File "C:\Users\AYESHA RAHMAN\murf-livekit-starter\backend\.uv-python\cpython-3.13-windows-x86_64-none\Lib\logging\__init__.py", line 1027, in handle
    self.emit(record)
  File "C:\Users\AYESHA RAHMAN\murf-livekit-starter\backend\.venv\Lib\site-packages\livekit\agents\cli\cli.py", line 957, in emit
    self.handleError(record)
Message: '[DEBUG-STT] final transcript=%r language=%s'
Arguments: ('Okay. Can you connect me back to the main agent?', 'en')
--- Logging error ---
Traceback (most recent call last):
  File "C:\Users\AYESHA RAHMAN\murf-livekit-starter\backend\.venv\Lib\site-packages\livekit\agents\cli\cli.py", line 944, in emit
    self.c.console.print(output)
    ~~~~~~~~~~~~~~~~~~~~^^^^^^^^
  File "C:\Users\AYESHA RAHMAN\murf-livekit-starter\backend\.venv\Lib\site-packages\rich\console.py", line 1697, in print
    with self:
         ^^^^
  File "C:\Users\AYESHA RAHMAN\murf-livekit-starter\backend\.venv\Lib\site-packages\rich\console.py", line 870, in __exit__
    self._exit_buffer()
    ~~~~~~~~~~~~~~~~~^^
  File "C:\Users\AYESHA RAHMAN\murf-livekit-starter\backend\.venv\Lib\site-packages\rich\console.py", line 826, in _exit_buffer
    self._check_buffer()
    ~~~~~~~~~~~~~~~~~~^^
  File "C:\Users\AYESHA RAHMAN\murf-livekit-starter\backend\.venv\Lib\site-packages\rich\console.py", line 2042, in _check_buffer
    self._write_buffer()
    ~~~~~~~~~~~~~~~~~~^^
  File "C:\Users\AYESHA RAHMAN\murf-livekit-starter\backend\.venv\Lib\site-packages\rich\console.py", line 2078, in _write_buffer
    legacy_windows_render(buffer, LegacyWindowsTerm(self.file))
    ~~~~~~~~~~~~~~~~~~~~~^^^^^^^^^^^^^^^^^^^^^^^^^^^^^^^^^^^^^^
  File "C:\Users\AYESHA RAHMAN\murf-livekit-starter\backend\.venv\Lib\site-packages\rich\_windows_renderer.py", line 17, in legacy_windows_render
    term.write_styled(text, style)
    ~~~~~~~~~~~~~~~~~^^^^^^^^^^^^^
  File "C:\Users\AYESHA RAHMAN\murf-livekit-starter\backend\.venv\Lib\site-packages\rich\_win32_console.py", line 441, in write_styled
    self.write_text(text)
    ~~~~~~~~~~~~~~~^^^^^^
  File "C:\Users\AYESHA RAHMAN\murf-livekit-starter\backend\.venv\Lib\site-packages\rich\_win32_console.py", line 402, in write_text
    self.write(text)
    ~~~~~~~~~~^^^^^^
  File "C:\Users\AYESHA RAHMAN\murf-livekit-starter\backend\.uv-python\cpython-3.13-windows-x86_64-none\Lib\encodings\cp1252.py", line 19, in encode
    return codecs.charmap_encode(input,self.errors,encoding_table)[0]
           ~~~~~~~~~~~~~~~~~~~~~^^^^^^^^^^^^^^^^^^^^^^^^^^^^^^^^^^
UnicodeEncodeError: 'charmap' codec can't encode character '\u20b9' in position 52: character maps to <undefined>
Call stack:
  File "C:\Users\AYESHA RAHMAN\murf-livekit-starter\backend\.uv-python\cpython-3.13-windows-x86_64-none\Lib\threading.py", line 1015, in _bootstrap
    self._bootstrap_inner()
  File "C:\Users\AYESHA RAHMAN\murf-livekit-starter\backend\.uv-python\cpython-3.13-windows-x86_64-none\Lib\threading.py", line 1044, in _bootstrap_inner
    self.run()
  File "C:\Users\AYESHA RAHMAN\murf-livekit-starter\backend\.uv-python\cpython-3.13-windows-x86_64-none\Lib\threading.py", line 995, in run
    self._target(*self._args, **self._kwargs)
  File "C:\Users\AYESHA RAHMAN\murf-livekit-starter\backend\.venv\Lib\site-packages\livekit\agents\ipc\job_proc_lazy_main.py", line 418, in thread_main
    client.run()
  File "C:\Users\AYESHA RAHMAN\murf-livekit-starter\backend\.venv\Lib\site-packages\livekit\agents\ipc\proc_client.py", line 70, in run
    loop.run_until_complete(self._task)
  File "C:\Users\AYESHA RAHMAN\murf-livekit-starter\backend\.uv-python\cpython-3.13-windows-x86_64-none\Lib\asyncio\base_events.py", line 712, in run_until_complete
    self.run_forever()
  File "C:\Users\AYESHA RAHMAN\murf-livekit-starter\backend\.uv-python\cpython-3.13-windows-x86_64-none\Lib\asyncio\base_events.py", line 683, in run_forever
    self._run_once()
  File "C:\Users\AYESHA RAHMAN\murf-livekit-starter\backend\.uv-python\cpython-3.13-windows-x86_64-none\Lib\asyncio\base_events.py", line 2060, in _run_once
    handle._run()
  File "C:\Users\AYESHA RAHMAN\murf-livekit-starter\backend\.uv-python\cpython-3.13-windows-x86_64-none\Lib\asyncio\events.py", line 89, in _run
    self._context.run(self._callback, *self._args)
  File "C:\Users\AYESHA RAHMAN\murf-livekit-starter\backend\.venv\Lib\site-packages\livekit\agents\utils\log.py", line 17, in async_fn_logs
    return await fn(*args, **kwargs)
  File "C:\Users\AYESHA RAHMAN\murf-livekit-starter\backend\.venv\Lib\site-packages\livekit\agents\voice\audio_recognition.py", line 713, in _stt_task
    await self._on_stt_event(ev)
  File "C:\Users\AYESHA RAHMAN\murf-livekit-starter\backend\.venv\Lib\site-packages\livekit\agents\voice\audio_recognition.py", line 391, in _on_stt_event
    logger.debug("received user transcript", extra=extra)
  File "C:\Users\AYESHA RAHMAN\murf-livekit-starter\backend\.uv-python\cpython-3.13-windows-x86_64-none\Lib\logging\__init__.py", line 1508, in debug
    self._log(DEBUG, msg, args, **kwargs)
  File "C:\Users\AYESHA RAHMAN\murf-livekit-starter\backend\.uv-python\cpython-3.13-windows-x86_64-none\Lib\logging\__init__.py", line 1665, in _log
    self.handle(record)
  File "C:\Users\AYESHA RAHMAN\murf-livekit-starter\backend\.uv-python\cpython-3.13-windows-x86_64-none\Lib\logging\__init__.py", line 1681, in handle
    self.callHandlers(record)
  File "C:\Users\AYESHA RAHMAN\murf-livekit-starter\backend\.uv-python\cpython-3.13-windows-x86_64-none\Lib\logging\__init__.py", line 1737, in callHandlers
    hdlr.handle(record)
  File "C:\Users\AYESHA RAHMAN\murf-livekit-starter\backend\.uv-python\cpython-3.13-windows-x86_64-none\Lib\logging\__init__.py", line 1027, in handle
    self.emit(record)
  File "C:\Users\AYESHA RAHMAN\murf-livekit-starter\backend\.venv\Lib\site-packages\livekit\agents\cli\cli.py", line 957, in emit
    self.handleError(record)
Message: 'received user transcript'
Arguments: ()
--- Logging error ---
Traceback (most recent call last):
  File "C:\Users\AYESHA RAHMAN\murf-livekit-starter\backend\.venv\Lib\site-packages\livekit\agents\cli\cli.py", line 944, in emit
    self.c.console.print(output)
    ~~~~~~~~~~~~~~~~~~~~^^^^^^^^
  File "C:\Users\AYESHA RAHMAN\murf-livekit-starter\backend\.venv\Lib\site-packages\rich\console.py", line 1697, in print
    with self:
         ^^^^
  File "C:\Users\AYESHA RAHMAN\murf-livekit-starter\backend\.venv\Lib\site-packages\rich\console.py", line 870, in __exit__
    self._exit_buffer()
    ~~~~~~~~~~~~~~~~~^^
  File "C:\Users\AYESHA RAHMAN\murf-livekit-starter\backend\.venv\Lib\site-packages\rich\console.py", line 826, in _exit_buffer
    self._check_buffer()
    ~~~~~~~~~~~~~~~~~~^^
  File "C:\Users\AYESHA RAHMAN\murf-livekit-starter\backend\.venv\Lib\site-packages\rich\console.py", line 2042, in _check_buffer
    self._write_buffer()
    ~~~~~~~~~~~~~~~~~~^^
  File "C:\Users\AYESHA RAHMAN\murf-livekit-starter\backend\.venv\Lib\site-packages\rich\console.py", line 2078, in _write_buffer
    legacy_windows_render(buffer, LegacyWindowsTerm(self.file))
    ~~~~~~~~~~~~~~~~~~~~~^^^^^^^^^^^^^^^^^^^^^^^^^^^^^^^^^^^^^^
  File "C:\Users\AYESHA RAHMAN\murf-livekit-starter\backend\.venv\Lib\site-packages\rich\_windows_renderer.py", line 17, in legacy_windows_render
    term.write_styled(text, style)
    ~~~~~~~~~~~~~~~~~^^^^^^^^^^^^^
  File "C:\Users\AYESHA RAHMAN\murf-livekit-starter\backend\.venv\Lib\site-packages\rich\_win32_console.py", line 441, in write_styled
    self.write_text(text)
    ~~~~~~~~~~~~~~~^^^^^^
  File "C:\Users\AYESHA RAHMAN\murf-livekit-starter\backend\.venv\Lib\site-packages\rich\_win32_console.py", line 402, in write_text
    self.write(text)
    ~~~~~~~~~~^^^^^^
  File "C:\Users\AYESHA RAHMAN\murf-livekit-starter\backend\.uv-python\cpython-3.13-windows-x86_64-none\Lib\encodings\cp1252.py", line 19, in encode
    return codecs.charmap_encode(input,self.errors,encoding_table)[0]
           ~~~~~~~~~~~~~~~~~~~~~^^^^^^^^^^^^^^^^^^^^^^^^^^^^^^^^^^
UnicodeEncodeError: 'charmap' codec can't encode character '\u20b9' in position 52: character maps to <undefined>
Call stack:
  File "C:\Users\AYESHA RAHMAN\murf-livekit-starter\backend\.uv-python\cpython-3.13-windows-x86_64-none\Lib\threading.py", line 1015, in _bootstrap
    self._bootstrap_inner()
  File "C:\Users\AYESHA RAHMAN\murf-livekit-starter\backend\.uv-python\cpython-3.13-windows-x86_64-none\Lib\threading.py", line 1044, in _bootstrap_inner
    self.run()
  File "C:\Users\AYESHA RAHMAN\murf-livekit-starter\backend\.uv-python\cpython-3.13-windows-x86_64-none\Lib\threading.py", line 995, in run
    self._target(*self._args, **self._kwargs)
  File "C:\Users\AYESHA RAHMAN\murf-livekit-starter\backend\.venv\Lib\site-packages\livekit\agents\ipc\job_proc_lazy_main.py", line 418, in thread_main
    client.run()
  File "C:\Users\AYESHA RAHMAN\murf-livekit-starter\backend\.venv\Lib\site-packages\livekit\agents\ipc\proc_client.py", line 70, in run
    loop.run_until_complete(self._task)
  File "C:\Users\AYESHA RAHMAN\murf-livekit-starter\backend\.uv-python\cpython-3.13-windows-x86_64-none\Lib\asyncio\base_events.py", line 712, in run_until_complete
    self.run_forever()
  File "C:\Users\AYESHA RAHMAN\murf-livekit-starter\backend\.uv-python\cpython-3.13-windows-x86_64-none\Lib\asyncio\base_events.py", line 683, in run_forever
    self._run_once()
  File "C:\Users\AYESHA RAHMAN\murf-livekit-starter\backend\.uv-python\cpython-3.13-windows-x86_64-none\Lib\asyncio\base_events.py", line 2060, in _run_once
    handle._run()
  File "C:\Users\AYESHA RAHMAN\murf-livekit-starter\backend\.uv-python\cpython-3.13-windows-x86_64-none\Lib\asyncio\events.py", line 89, in _run
    self._context.run(self._callback, *self._args)
  File "C:\Users\AYESHA RAHMAN\murf-livekit-starter\backend\.venv\Lib\site-packages\livekit\agents\utils\log.py", line 17, in async_fn_logs
    return await fn(*args, **kwargs)
  File "C:\Users\AYESHA RAHMAN\murf-livekit-starter\backend\.venv\Lib\site-packages\livekit\agents\voice\audio_recognition.py", line 574, in _bounce_eou_task
    end_of_turn_probability = await turn_detector.predict_end_of_turn(
  File "C:\Users\AYESHA RAHMAN\murf-livekit-starter\backend\.venv\Lib\site-packages\livekit\plugins\turn_detector\multilingual.py", line 71, in predict_end_of_turn
    return await super().predict_end_of_turn(chat_ctx, timeout=timeout)
  File "C:\Users\AYESHA RAHMAN\murf-livekit-starter\backend\.venv\Lib\site-packages\livekit\plugins\turn_detector\base.py", line 289, in predict_end_of_turn
    logger.debug("eou prediction", extra=result_json)
  File "C:\Users\AYESHA RAHMAN\murf-livekit-starter\backend\.uv-python\cpython-3.13-windows-x86_64-none\Lib\logging\__init__.py", line 1508, in debug
    self._log(DEBUG, msg, args, **kwargs)
  File "C:\Users\AYESHA RAHMAN\murf-livekit-starter\backend\.uv-python\cpython-3.13-windows-x86_64-none\Lib\logging\__init__.py", line 1665, in _log
    self.handle(record)
  File "C:\Users\AYESHA RAHMAN\murf-livekit-starter\backend\.uv-python\cpython-3.13-windows-x86_64-none\Lib\logging\__init__.py", line 1681, in handle
    self.callHandlers(record)
  File "C:\Users\AYESHA RAHMAN\murf-livekit-starter\backend\.uv-python\cpython-3.13-windows-x86_64-none\Lib\logging\__init__.py", line 1737, in callHandlers
    hdlr.handle(record)
  File "C:\Users\AYESHA RAHMAN\murf-livekit-starter\backend\.uv-python\cpython-3.13-windows-x86_64-none\Lib\logging\__init__.py", line 1027, in handle
    self.emit(record)
  File "C:\Users\AYESHA RAHMAN\murf-livekit-starter\backend\.venv\Lib\site-packages\livekit\agents\cli\cli.py", line 957, in emit
    self.handleError(record)
Message: 'eou prediction'
Arguments: ()
--- Logging error ---
Traceback (most recent call last):
  File "C:\Users\AYESHA RAHMAN\murf-livekit-starter\backend\.venv\Lib\site-packages\livekit\agents\cli\cli.py", line 944, in emit
    self.c.console.print(output)
    ~~~~~~~~~~~~~~~~~~~~^^^^^^^^
  File "C:\Users\AYESHA RAHMAN\murf-livekit-starter\backend\.venv\Lib\site-packages\rich\console.py", line 1697, in print
    with self:
         ^^^^
  File "C:\Users\AYESHA RAHMAN\murf-livekit-starter\backend\.venv\Lib\site-packages\rich\console.py", line 870, in __exit__
    self._exit_buffer()
    ~~~~~~~~~~~~~~~~~^^
  File "C:\Users\AYESHA RAHMAN\murf-livekit-starter\backend\.venv\Lib\site-packages\rich\console.py", line 826, in _exit_buffer
    self._check_buffer()
    ~~~~~~~~~~~~~~~~~~^^
  File "C:\Users\AYESHA RAHMAN\murf-livekit-starter\backend\.venv\Lib\site-packages\rich\console.py", line 2042, in _check_buffer
    self._write_buffer()
    ~~~~~~~~~~~~~~~~~~^^
  File "C:\Users\AYESHA RAHMAN\murf-livekit-starter\backend\.venv\Lib\site-packages\rich\console.py", line 2078, in _write_buffer
    legacy_windows_render(buffer, LegacyWindowsTerm(self.file))
    ~~~~~~~~~~~~~~~~~~~~~^^^^^^^^^^^^^^^^^^^^^^^^^^^^^^^^^^^^^^
  File "C:\Users\AYESHA RAHMAN\murf-livekit-starter\backend\.venv\Lib\site-packages\rich\_windows_renderer.py", line 17, in legacy_windows_render
    term.write_styled(text, style)
    ~~~~~~~~~~~~~~~~~^^^^^^^^^^^^^
  File "C:\Users\AYESHA RAHMAN\murf-livekit-starter\backend\.venv\Lib\site-packages\rich\_win32_console.py", line 441, in write_styled
    self.write_text(text)
    ~~~~~~~~~~~~~~~^^^^^^
  File "C:\Users\AYESHA RAHMAN\murf-livekit-starter\backend\.venv\Lib\site-packages\rich\_win32_console.py", line 402, in write_text
    self.write(text)
    ~~~~~~~~~~^^^^^^
  File "C:\Users\AYESHA RAHMAN\murf-livekit-starter\backend\.uv-python\cpython-3.13-windows-x86_64-none\Lib\encodings\cp1252.py", line 19, in encode
    return codecs.charmap_encode(input,self.errors,encoding_table)[0]
           ~~~~~~~~~~~~~~~~~~~~~^^^^^^^^^^^^^^^^^^^^^^^^^^^^^^^^^^
UnicodeEncodeError: 'charmap' codec can't encode character '\u20b9' in position 52: character maps to <undefined>
Call stack:
  File "C:\Users\AYESHA RAHMAN\murf-livekit-starter\backend\.uv-python\cpython-3.13-windows-x86_64-none\Lib\threading.py", line 1015, in _bootstrap
    self._bootstrap_inner()
  File "C:\Users\AYESHA RAHMAN\murf-livekit-starter\backend\.uv-python\cpython-3.13-windows-x86_64-none\Lib\threading.py", line 1044, in _bootstrap_inner
    self.run()
  File "C:\Users\AYESHA RAHMAN\murf-livekit-starter\backend\.uv-python\cpython-3.13-windows-x86_64-none\Lib\threading.py", line 995, in run
    self._target(*self._args, **self._kwargs)
  File "C:\Users\AYESHA RAHMAN\murf-livekit-starter\backend\.venv\Lib\site-packages\livekit\agents\ipc\job_proc_lazy_main.py", line 418, in thread_main
    client.run()
  File "C:\Users\AYESHA RAHMAN\murf-livekit-starter\backend\.venv\Lib\site-packages\livekit\agents\ipc\proc_client.py", line 70, in run
    loop.run_until_complete(self._task)
  File "C:\Users\AYESHA RAHMAN\murf-livekit-starter\backend\.uv-python\cpython-3.13-windows-x86_64-none\Lib\asyncio\base_events.py", line 712, in run_until_complete
    self.run_forever()
  File "C:\Users\AYESHA RAHMAN\murf-livekit-starter\backend\.uv-python\cpython-3.13-windows-x86_64-none\Lib\asyncio\base_events.py", line 683, in run_forever
    self._run_once()
  File "C:\Users\AYESHA RAHMAN\murf-livekit-starter\backend\.uv-python\cpython-3.13-windows-x86_64-none\Lib\asyncio\base_events.py", line 2060, in _run_once
    handle._run()
  File "C:\Users\AYESHA RAHMAN\murf-livekit-starter\backend\.uv-python\cpython-3.13-windows-x86_64-none\Lib\asyncio\events.py", line 89, in _run
    self._context.run(self._callback, *self._args)
  File "C:\Users\AYESHA RAHMAN\murf-livekit-starter\backend\.venv\Lib\site-packages\livekit\agents\voice\agent_activity.py", line 434, in _context_aware_coro
    return await coro
  File "C:\Users\AYESHA RAHMAN\murf-livekit-starter\backend\.venv\Lib\site-packages\livekit\agents\utils\log.py", line 17, in async_fn_logs
    return await fn(*args, **kwargs)
  File "C:\Users\AYESHA RAHMAN\murf-livekit-starter\backend\.venv\Lib\site-packages\livekit\agents\voice\agent_activity.py", line 1635, in _user_turn_completed_task
    logger.debug(
  File "C:\Users\AYESHA RAHMAN\murf-livekit-starter\backend\.uv-python\cpython-3.13-windows-x86_64-none\Lib\logging\__init__.py", line 1508, in debug
    self._log(DEBUG, msg, args, **kwargs)
  File "C:\Users\AYESHA RAHMAN\murf-livekit-starter\backend\.uv-python\cpython-3.13-windows-x86_64-none\Lib\logging\__init__.py", line 1665, in _log
    self.handle(record)
  File "C:\Users\AYESHA RAHMAN\murf-livekit-starter\backend\.uv-python\cpython-3.13-windows-x86_64-none\Lib\logging\__init__.py", line 1681, in handle
    self.callHandlers(record)
  File "C:\Users\AYESHA RAHMAN\murf-livekit-starter\backend\.uv-python\cpython-3.13-windows-x86_64-none\Lib\logging\__init__.py", line 1737, in callHandlers
    hdlr.handle(record)
  File "C:\Users\AYESHA RAHMAN\murf-livekit-starter\backend\.uv-python\cpython-3.13-windows-x86_64-none\Lib\logging\__init__.py", line 1027, in handle
    self.emit(record)
  File "C:\Users\AYESHA RAHMAN\murf-livekit-starter\backend\.venv\Lib\site-packages\livekit\agents\cli\cli.py", line 957, in emit
    self.handleError(record)
Message: 'using preemptive generation'
Arguments: ()
--- Logging error ---
Traceback (most recent call last):
  File "C:\Users\AYESHA RAHMAN\murf-livekit-starter\backend\.venv\Lib\site-packages\livekit\agents\cli\cli.py", line 944, in emit
    self.c.console.print(output)
    ~~~~~~~~~~~~~~~~~~~~^^^^^^^^
  File "C:\Users\AYESHA RAHMAN\murf-livekit-starter\backend\.venv\Lib\site-packages\rich\console.py", line 1697, in print
    with self:
         ^^^^
  File "C:\Users\AYESHA RAHMAN\murf-livekit-starter\backend\.venv\Lib\site-packages\rich\console.py", line 870, in __exit__
    self._exit_buffer()
    ~~~~~~~~~~~~~~~~~^^
  File "C:\Users\AYESHA RAHMAN\murf-livekit-starter\backend\.venv\Lib\site-packages\rich\console.py", line 826, in _exit_buffer
    self._check_buffer()
    ~~~~~~~~~~~~~~~~~~^^
  File "C:\Users\AYESHA RAHMAN\murf-livekit-starter\backend\.venv\Lib\site-packages\rich\console.py", line 2042, in _check_buffer
    self._write_buffer()
    ~~~~~~~~~~~~~~~~~~^^
  File "C:\Users\AYESHA RAHMAN\murf-livekit-starter\backend\.venv\Lib\site-packages\rich\console.py", line 2078, in _write_buffer
    legacy_windows_render(buffer, LegacyWindowsTerm(self.file))
    ~~~~~~~~~~~~~~~~~~~~~^^^^^^^^^^^^^^^^^^^^^^^^^^^^^^^^^^^^^^
  File "C:\Users\AYESHA RAHMAN\murf-livekit-starter\backend\.venv\Lib\site-packages\rich\_windows_renderer.py", line 17, in legacy_windows_render
    term.write_styled(text, style)
    ~~~~~~~~~~~~~~~~~^^^^^^^^^^^^^
  File "C:\Users\AYESHA RAHMAN\murf-livekit-starter\backend\.venv\Lib\site-packages\rich\_win32_console.py", line 441, in write_styled
    self.write_text(text)
    ~~~~~~~~~~~~~~~^^^^^^
  File "C:\Users\AYESHA RAHMAN\murf-livekit-starter\backend\.venv\Lib\site-packages\rich\_win32_console.py", line 402, in write_text
    self.write(text)
    ~~~~~~~~~~^^^^^^
  File "C:\Users\AYESHA RAHMAN\murf-livekit-starter\backend\.uv-python\cpython-3.13-windows-x86_64-none\Lib\encodings\cp1252.py", line 19, in encode
    return codecs.charmap_encode(input,self.errors,encoding_table)[0]
           ~~~~~~~~~~~~~~~~~~~~~^^^^^^^^^^^^^^^^^^^^^^^^^^^^^^^^^^
UnicodeEncodeError: 'charmap' codec can't encode character '\u20b9' in position 52: character maps to <undefined>
Call stack:
  File "C:\Users\AYESHA RAHMAN\murf-livekit-starter\backend\.uv-python\cpython-3.13-windows-x86_64-none\Lib\threading.py", line 1015, in _bootstrap
    self._bootstrap_inner()
  File "C:\Users\AYESHA RAHMAN\murf-livekit-starter\backend\.uv-python\cpython-3.13-windows-x86_64-none\Lib\threading.py", line 1044, in _bootstrap_inner
    self.run()
  File "C:\Users\AYESHA RAHMAN\murf-livekit-starter\backend\.uv-python\cpython-3.13-windows-x86_64-none\Lib\threading.py", line 995, in run
    self._target(*self._args, **self._kwargs)
  File "C:\Users\AYESHA RAHMAN\murf-livekit-starter\backend\.venv\Lib\site-packages\livekit\agents\ipc\job_proc_lazy_main.py", line 418, in thread_main
    client.run()
  File "C:\Users\AYESHA RAHMAN\murf-livekit-starter\backend\.venv\Lib\site-packages\livekit\agents\ipc\proc_client.py", line 70, in run
    loop.run_until_complete(self._task)
  File "C:\Users\AYESHA RAHMAN\murf-livekit-starter\backend\.uv-python\cpython-3.13-windows-x86_64-none\Lib\asyncio\base_events.py", line 712, in run_until_complete
    self.run_forever()
  File "C:\Users\AYESHA RAHMAN\murf-livekit-starter\backend\.uv-python\cpython-3.13-windows-x86_64-none\Lib\asyncio\base_events.py", line 683, in run_forever
    self._run_once()
  File "C:\Users\AYESHA RAHMAN\murf-livekit-starter\backend\.uv-python\cpython-3.13-windows-x86_64-none\Lib\asyncio\base_events.py", line 2060, in _run_once
    handle._run()
  File "C:\Users\AYESHA RAHMAN\murf-livekit-starter\backend\.uv-python\cpython-3.13-windows-x86_64-none\Lib\asyncio\events.py", line 89, in _run
    self._context.run(self._callback, *self._args)
  File "C:\Users\AYESHA RAHMAN\murf-livekit-starter\backend\.venv\Lib\site-packages\livekit\agents\utils\log.py", line 17, in async_fn_logs
    return await fn(*args, **kwargs)
  File "C:\Users\AYESHA RAHMAN\murf-livekit-starter\backend\.venv\Lib\site-packages\livekit\agents\voice\generation.py", line 608, in _execute_tools_task
    logger.debug(
  File "C:\Users\AYESHA RAHMAN\murf-livekit-starter\backend\.uv-python\cpython-3.13-windows-x86_64-none\Lib\logging\__init__.py", line 1508, in debug
    self._log(DEBUG, msg, args, **kwargs)
  File "C:\Users\AYESHA RAHMAN\murf-livekit-starter\backend\.uv-python\cpython-3.13-windows-x86_64-none\Lib\logging\__init__.py", line 1665, in _log
    self.handle(record)
  File "C:\Users\AYESHA RAHMAN\murf-livekit-starter\backend\.uv-python\cpython-3.13-windows-x86_64-none\Lib\logging\__init__.py", line 1681, in handle
    self.callHandlers(record)
  File "C:\Users\AYESHA RAHMAN\murf-livekit-starter\backend\.uv-python\cpython-3.13-windows-x86_64-none\Lib\logging\__init__.py", line 1737, in callHandlers
    hdlr.handle(record)
  File "C:\Users\AYESHA RAHMAN\murf-livekit-starter\backend\.uv-python\cpython-3.13-windows-x86_64-none\Lib\logging\__init__.py", line 1027, in handle
    self.emit(record)
  File "C:\Users\AYESHA RAHMAN\murf-livekit-starter\backend\.venv\Lib\site-packages\livekit\agents\cli\cli.py", line 957, in emit
    self.handleError(record)
Message: 'executing tool'
Arguments: ()
--- Logging error ---
Traceback (most recent call last):
  File "C:\Users\AYESHA RAHMAN\murf-livekit-starter\backend\.venv\Lib\site-packages\livekit\agents\cli\cli.py", line 944, in emit
    self.c.console.print(output)
    ~~~~~~~~~~~~~~~~~~~~^^^^^^^^
  File "C:\Users\AYESHA RAHMAN\murf-livekit-starter\backend\.venv\Lib\site-packages\rich\console.py", line 1697, in print
    with self:
         ^^^^
  File "C:\Users\AYESHA RAHMAN\murf-livekit-starter\backend\.venv\Lib\site-packages\rich\console.py", line 870, in __exit__
    self._exit_buffer()
    ~~~~~~~~~~~~~~~~~^^
  File "C:\Users\AYESHA RAHMAN\murf-livekit-starter\backend\.venv\Lib\site-packages\rich\console.py", line 826, in _exit_buffer
    self._check_buffer()
    ~~~~~~~~~~~~~~~~~~^^
  File "C:\Users\AYESHA RAHMAN\murf-livekit-starter\backend\.venv\Lib\site-packages\rich\console.py", line 2042, in _check_buffer
    self._write_buffer()
    ~~~~~~~~~~~~~~~~~~^^
  File "C:\Users\AYESHA RAHMAN\murf-livekit-starter\backend\.venv\Lib\site-packages\rich\console.py", line 2078, in _write_buffer
    legacy_windows_render(buffer, LegacyWindowsTerm(self.file))
    ~~~~~~~~~~~~~~~~~~~~~^^^^^^^^^^^^^^^^^^^^^^^^^^^^^^^^^^^^^^
  File "C:\Users\AYESHA RAHMAN\murf-livekit-starter\backend\.venv\Lib\site-packages\rich\_windows_renderer.py", line 17, in legacy_windows_render
    term.write_styled(text, style)
    ~~~~~~~~~~~~~~~~~^^^^^^^^^^^^^
  File "C:\Users\AYESHA RAHMAN\murf-livekit-starter\backend\.venv\Lib\site-packages\rich\_win32_console.py", line 441, in write_styled
    self.write_text(text)
    ~~~~~~~~~~~~~~~^^^^^^
  File "C:\Users\AYESHA RAHMAN\murf-livekit-starter\backend\.venv\Lib\site-packages\rich\_win32_console.py", line 402, in write_text
    self.write(text)
    ~~~~~~~~~~^^^^^^
  File "C:\Users\AYESHA RAHMAN\murf-livekit-starter\backend\.uv-python\cpython-3.13-windows-x86_64-none\Lib\encodings\cp1252.py", line 19, in encode
    return codecs.charmap_encode(input,self.errors,encoding_table)[0]
           ~~~~~~~~~~~~~~~~~~~~~^^^^^^^^^^^^^^^^^^^^^^^^^^^^^^^^^^
UnicodeEncodeError: 'charmap' codec can't encode character '\u20b9' in position 52: character maps to <undefined>
Call stack:
  File "C:\Users\AYESHA RAHMAN\murf-livekit-starter\backend\.uv-python\cpython-3.13-windows-x86_64-none\Lib\threading.py", line 1015, in _bootstrap
    self._bootstrap_inner()
  File "C:\Users\AYESHA RAHMAN\murf-livekit-starter\backend\.uv-python\cpython-3.13-windows-x86_64-none\Lib\threading.py", line 1044, in _bootstrap_inner
    self.run()
  File "C:\Users\AYESHA RAHMAN\murf-livekit-starter\backend\.uv-python\cpython-3.13-windows-x86_64-none\Lib\threading.py", line 995, in run
    self._target(*self._args, **self._kwargs)
  File "C:\Users\AYESHA RAHMAN\murf-livekit-starter\backend\.venv\Lib\site-packages\livekit\agents\ipc\job_proc_lazy_main.py", line 418, in thread_main
    client.run()
  File "C:\Users\AYESHA RAHMAN\murf-livekit-starter\backend\.venv\Lib\site-packages\livekit\agents\ipc\proc_client.py", line 70, in run
    loop.run_until_complete(self._task)
  File "C:\Users\AYESHA RAHMAN\murf-livekit-starter\backend\.uv-python\cpython-3.13-windows-x86_64-none\Lib\asyncio\base_events.py", line 712, in run_until_complete
    self.run_forever()
  File "C:\Users\AYESHA RAHMAN\murf-livekit-starter\backend\.uv-python\cpython-3.13-windows-x86_64-none\Lib\asyncio\base_events.py", line 683, in run_forever
    self._run_once()
  File "C:\Users\AYESHA RAHMAN\murf-livekit-starter\backend\.uv-python\cpython-3.13-windows-x86_64-none\Lib\asyncio\base_events.py", line 2060, in _run_once
    handle._run()
  File "C:\Users\AYESHA RAHMAN\murf-livekit-starter\backend\.uv-python\cpython-3.13-windows-x86_64-none\Lib\asyncio\events.py", line 89, in _run
    self._context.run(self._callback, *self._args)
  File "C:\Users\AYESHA RAHMAN\murf-livekit-starter\backend\.venv\Lib\site-packages\livekit\agents\utils\log.py", line 17, in async_fn_logs
    return await fn(*args, **kwargs)
  File "C:\Users\AYESHA RAHMAN\murf-livekit-starter\backend\.venv\Lib\site-packages\livekit\agents\llm\llm.py", line 348, in _metrics_monitor_task
    self._llm.emit("metrics_collected", metrics)
  File "C:\Users\AYESHA RAHMAN\murf-livekit-starter\backend\.venv\Lib\site-packages\livekit\rtc\event_emitter.py", line 58, in emit
    callback(*callback_args)
  File "C:\Users\AYESHA RAHMAN\murf-livekit-starter\backend\.venv\Lib\site-packages\livekit\agents\voice\agent_activity.py", line 1162, in _on_metrics_collected
    self._session.emit("metrics_collected", MetricsCollectedEvent(metrics=ev))
  File "C:\Users\AYESHA RAHMAN\murf-livekit-starter\backend\.venv\Lib\site-packages\livekit\agents\voice\agent_session.py", line 428, in emit
    super().emit(event, arg)
  File "C:\Users\AYESHA RAHMAN\murf-livekit-starter\backend\.venv\Lib\site-packages\livekit\rtc\event_emitter.py", line 58, in emit
    callback(*callback_args)
  File "C:\Users\AYESHA RAHMAN\murf-livekit-starter\backend\src\agent.py", line 477, in on_metrics_collected
    logger.info(
  File "C:\Users\AYESHA RAHMAN\murf-livekit-starter\backend\.uv-python\cpython-3.13-windows-x86_64-none\Lib\logging\__init__.py", line 1520, in info
    self._log(INFO, msg, args, **kwargs)
  File "C:\Users\AYESHA RAHMAN\murf-livekit-starter\backend\.uv-python\cpython-3.13-windows-x86_64-none\Lib\logging\__init__.py", line 1665, in _log
    self.handle(record)
  File "C:\Users\AYESHA RAHMAN\murf-livekit-starter\backend\.uv-python\cpython-3.13-windows-x86_64-none\Lib\logging\__init__.py", line 1681, in handle
    self.callHandlers(record)
  File "C:\Users\AYESHA RAHMAN\murf-livekit-starter\backend\.uv-python\cpython-3.13-windows-x86_64-none\Lib\logging\__init__.py", line 1737, in callHandlers
    hdlr.handle(record)
  File "C:\Users\AYESHA RAHMAN\murf-livekit-starter\backend\.uv-python\cpython-3.13-windows-x86_64-none\Lib\logging\__init__.py", line 1027, in handle
    self.emit(record)
  File "C:\Users\AYESHA RAHMAN\murf-livekit-starter\backend\.venv\Lib\site-packages\livekit\agents\cli\cli.py", line 957, in emit
    self.handleError(record)
Message: '[DEBUG-%s] metrics=%s'
Arguments: ('LLM', LLMMetrics(type='llm_metrics', label='livekit.plugins.google.llm.LLM', request_id='5665b25be5ea', timestamp=1786731915.1149106, duration=1.6683290999972087, ttft=1.6345733999987715, cancelled=False, completion_tokens=14, prompt_tokens=1139, prompt_cached_tokens=0, total_tokens=1153, tokens_per_second=8.391629685068386, speech_id='speech_a4f4f9d04655', metadata=Metadata(model_name='gemini-3.5-flash-lite', model_provider='Gemini')))
--- Logging error ---
Traceback (most recent call last):
  File "C:\Users\AYESHA RAHMAN\murf-livekit-starter\backend\.venv\Lib\site-packages\livekit\agents\cli\cli.py", line 944, in emit
    self.c.console.print(output)
    ~~~~~~~~~~~~~~~~~~~~^^^^^^^^
  File "C:\Users\AYESHA RAHMAN\murf-livekit-starter\backend\.venv\Lib\site-packages\rich\console.py", line 1697, in print
    with self:
         ^^^^
  File "C:\Users\AYESHA RAHMAN\murf-livekit-starter\backend\.venv\Lib\site-packages\rich\console.py", line 870, in __exit__
    self._exit_buffer()
    ~~~~~~~~~~~~~~~~~^^
  File "C:\Users\AYESHA RAHMAN\murf-livekit-starter\backend\.venv\Lib\site-packages\rich\console.py", line 826, in _exit_buffer
    self._check_buffer()
    ~~~~~~~~~~~~~~~~~~^^
  File "C:\Users\AYESHA RAHMAN\murf-livekit-starter\backend\.venv\Lib\site-packages\rich\console.py", line 2042, in _check_buffer
    self._write_buffer()
    ~~~~~~~~~~~~~~~~~~^^
  File "C:\Users\AYESHA RAHMAN\murf-livekit-starter\backend\.venv\Lib\site-packages\rich\console.py", line 2078, in _write_buffer
    legacy_windows_render(buffer, LegacyWindowsTerm(self.file))
    ~~~~~~~~~~~~~~~~~~~~~^^^^^^^^^^^^^^^^^^^^^^^^^^^^^^^^^^^^^^
  File "C:\Users\AYESHA RAHMAN\murf-livekit-starter\backend\.venv\Lib\site-packages\rich\_windows_renderer.py", line 17, in legacy_windows_render
    term.write_styled(text, style)
    ~~~~~~~~~~~~~~~~~^^^^^^^^^^^^^
  File "C:\Users\AYESHA RAHMAN\murf-livekit-starter\backend\.venv\Lib\site-packages\rich\_win32_console.py", line 441, in write_styled
    self.write_text(text)
    ~~~~~~~~~~~~~~~^^^^^^
  File "C:\Users\AYESHA RAHMAN\murf-livekit-starter\backend\.venv\Lib\site-packages\rich\_win32_console.py", line 402, in write_text
    self.write(text)
    ~~~~~~~~~~^^^^^^
  File "C:\Users\AYESHA RAHMAN\murf-livekit-starter\backend\.uv-python\cpython-3.13-windows-x86_64-none\Lib\encodings\cp1252.py", line 19, in encode
    return codecs.charmap_encode(input,self.errors,encoding_table)[0]
           ~~~~~~~~~~~~~~~~~~~~~^^^^^^^^^^^^^^^^^^^^^^^^^^^^^^^^^^
UnicodeEncodeError: 'charmap' codec can't encode character '\u20b9' in position 52: character maps to <undefined>
Call stack:
  File "C:\Users\AYESHA RAHMAN\murf-livekit-starter\backend\.uv-python\cpython-3.13-windows-x86_64-none\Lib\threading.py", line 1015, in _bootstrap
    self._bootstrap_inner()
  File "C:\Users\AYESHA RAHMAN\murf-livekit-starter\backend\.uv-python\cpython-3.13-windows-x86_64-none\Lib\threading.py", line 1044, in _bootstrap_inner
    self.run()
  File "C:\Users\AYESHA RAHMAN\murf-livekit-starter\backend\.uv-python\cpython-3.13-windows-x86_64-none\Lib\threading.py", line 995, in run
    self._target(*self._args, **self._kwargs)
  File "C:\Users\AYESHA RAHMAN\murf-livekit-starter\backend\.venv\Lib\site-packages\livekit\agents\ipc\job_proc_lazy_main.py", line 418, in thread_main
    client.run()
  File "C:\Users\AYESHA RAHMAN\murf-livekit-starter\backend\.venv\Lib\site-packages\livekit\agents\ipc\proc_client.py", line 70, in run
    loop.run_until_complete(self._task)
  File "C:\Users\AYESHA RAHMAN\murf-livekit-starter\backend\.uv-python\cpython-3.13-windows-x86_64-none\Lib\asyncio\base_events.py", line 712, in run_until_complete
    self.run_forever()
  File "C:\Users\AYESHA RAHMAN\murf-livekit-starter\backend\.uv-python\cpython-3.13-windows-x86_64-none\Lib\asyncio\base_events.py", line 683, in run_forever
    self._run_once()
  File "C:\Users\AYESHA RAHMAN\murf-livekit-starter\backend\.uv-python\cpython-3.13-windows-x86_64-none\Lib\asyncio\base_events.py", line 2060, in _run_once
    handle._run()
  File "C:\Users\AYESHA RAHMAN\murf-livekit-starter\backend\.uv-python\cpython-3.13-windows-x86_64-none\Lib\asyncio\events.py", line 89, in _run
    self._context.run(self._callback, *self._args)
  File "C:\Users\AYESHA RAHMAN\murf-livekit-starter\backend\.venv\Lib\site-packages\livekit\agents\tts\stream_pacer.py", line 149, in _send_task
    logger.debug(
  File "C:\Users\AYESHA RAHMAN\murf-livekit-starter\backend\.uv-python\cpython-3.13-windows-x86_64-none\Lib\logging\__init__.py", line 1508, in debug
    self._log(DEBUG, msg, args, **kwargs)
  File "C:\Users\AYESHA RAHMAN\murf-livekit-starter\backend\.uv-python\cpython-3.13-windows-x86_64-none\Lib\logging\__init__.py", line 1665, in _log
    self.handle(record)
  File "C:\Users\AYESHA RAHMAN\murf-livekit-starter\backend\.uv-python\cpython-3.13-windows-x86_64-none\Lib\logging\__init__.py", line 1681, in handle
    self.callHandlers(record)
  File "C:\Users\AYESHA RAHMAN\murf-livekit-starter\backend\.uv-python\cpython-3.13-windows-x86_64-none\Lib\logging\__init__.py", line 1737, in callHandlers
    hdlr.handle(record)
  File "C:\Users\AYESHA RAHMAN\murf-livekit-starter\backend\.uv-python\cpython-3.13-windows-x86_64-none\Lib\logging\__init__.py", line 1027, in handle
    self.emit(record)
  File "C:\Users\AYESHA RAHMAN\murf-livekit-starter\backend\.venv\Lib\site-packages\livekit\agents\cli\cli.py", line 957, in emit
    self.handleError(record)
Message: 'sent text to tts'
Arguments: ()
--- Logging error ---
Traceback (most recent call last):
  File "C:\Users\AYESHA RAHMAN\murf-livekit-starter\backend\.venv\Lib\site-packages\livekit\agents\cli\cli.py", line 944, in emit
    self.c.console.print(output)
    ~~~~~~~~~~~~~~~~~~~~^^^^^^^^
  File "C:\Users\AYESHA RAHMAN\murf-livekit-starter\backend\.venv\Lib\site-packages\rich\console.py", line 1697, in print
    with self:
         ^^^^
  File "C:\Users\AYESHA RAHMAN\murf-livekit-starter\backend\.venv\Lib\site-packages\rich\console.py", line 870, in __exit__
    self._exit_buffer()
    ~~~~~~~~~~~~~~~~~^^
  File "C:\Users\AYESHA RAHMAN\murf-livekit-starter\backend\.venv\Lib\site-packages\rich\console.py", line 826, in _exit_buffer
    self._check_buffer()
    ~~~~~~~~~~~~~~~~~~^^
  File "C:\Users\AYESHA RAHMAN\murf-livekit-starter\backend\.venv\Lib\site-packages\rich\console.py", line 2042, in _check_buffer
    self._write_buffer()
    ~~~~~~~~~~~~~~~~~~^^
  File "C:\Users\AYESHA RAHMAN\murf-livekit-starter\backend\.venv\Lib\site-packages\rich\console.py", line 2078, in _write_buffer
    legacy_windows_render(buffer, LegacyWindowsTerm(self.file))
    ~~~~~~~~~~~~~~~~~~~~~^^^^^^^^^^^^^^^^^^^^^^^^^^^^^^^^^^^^^^
  File "C:\Users\AYESHA RAHMAN\murf-livekit-starter\backend\.venv\Lib\site-packages\rich\_windows_renderer.py", line 17, in legacy_windows_render
    term.write_styled(text, style)
    ~~~~~~~~~~~~~~~~~^^^^^^^^^^^^^
  File "C:\Users\AYESHA RAHMAN\murf-livekit-starter\backend\.venv\Lib\site-packages\rich\_win32_console.py", line 441, in write_styled
    self.write_text(text)
    ~~~~~~~~~~~~~~~^^^^^^
  File "C:\Users\AYESHA RAHMAN\murf-livekit-starter\backend\.venv\Lib\site-packages\rich\_win32_console.py", line 402, in write_text
    self.write(text)
    ~~~~~~~~~~^^^^^^
  File "C:\Users\AYESHA RAHMAN\murf-livekit-starter\backend\.uv-python\cpython-3.13-windows-x86_64-none\Lib\encodings\cp1252.py", line 19, in encode
    return codecs.charmap_encode(input,self.errors,encoding_table)[0]
           ~~~~~~~~~~~~~~~~~~~~~^^^^^^^^^^^^^^^^^^^^^^^^^^^^^^^^^^
UnicodeEncodeError: 'charmap' codec can't encode character '\u20b9' in position 52: character maps to <undefined>
Call stack:
  File "C:\Users\AYESHA RAHMAN\murf-livekit-starter\backend\.uv-python\cpython-3.13-windows-x86_64-none\Lib\threading.py", line 1015, in _bootstrap
    self._bootstrap_inner()
  File "C:\Users\AYESHA RAHMAN\murf-livekit-starter\backend\.uv-python\cpython-3.13-windows-x86_64-none\Lib\threading.py", line 1044, in _bootstrap_inner
    self.run()
  File "C:\Users\AYESHA RAHMAN\murf-livekit-starter\backend\.uv-python\cpython-3.13-windows-x86_64-none\Lib\threading.py", line 995, in run
    self._target(*self._args, **self._kwargs)
  File "C:\Users\AYESHA RAHMAN\murf-livekit-starter\backend\.venv\Lib\site-packages\livekit\agents\ipc\job_proc_lazy_main.py", line 418, in thread_main
    client.run()
  File "C:\Users\AYESHA RAHMAN\murf-livekit-starter\backend\.venv\Lib\site-packages\livekit\agents\ipc\proc_client.py", line 70, in run
    loop.run_until_complete(self._task)
  File "C:\Users\AYESHA RAHMAN\murf-livekit-starter\backend\.uv-python\cpython-3.13-windows-x86_64-none\Lib\asyncio\base_events.py", line 712, in run_until_complete
    self.run_forever()
  File "C:\Users\AYESHA RAHMAN\murf-livekit-starter\backend\.uv-python\cpython-3.13-windows-x86_64-none\Lib\asyncio\base_events.py", line 683, in run_forever
    self._run_once()
  File "C:\Users\AYESHA RAHMAN\murf-livekit-starter\backend\.uv-python\cpython-3.13-windows-x86_64-none\Lib\asyncio\base_events.py", line 2060, in _run_once
    handle._run()
  File "C:\Users\AYESHA RAHMAN\murf-livekit-starter\backend\.uv-python\cpython-3.13-windows-x86_64-none\Lib\asyncio\events.py", line 89, in _run
    self._context.run(self._callback, *self._args)
  File "C:\Users\AYESHA RAHMAN\murf-livekit-starter\backend\.venv\Lib\site-packages\livekit\plugins\murf\tts.py", line 351, in _sentence_stream_task
    logger.info(
  File "C:\Users\AYESHA RAHMAN\murf-livekit-starter\backend\.uv-python\cpython-3.13-windows-x86_64-none\Lib\logging\__init__.py", line 1520, in info
    self._log(INFO, msg, args, **kwargs)
  File "C:\Users\AYESHA RAHMAN\murf-livekit-starter\backend\.uv-python\cpython-3.13-windows-x86_64-none\Lib\logging\__init__.py", line 1665, in _log
    self.handle(record)
  File "C:\Users\AYESHA RAHMAN\murf-livekit-starter\backend\.uv-python\cpython-3.13-windows-x86_64-none\Lib\logging\__init__.py", line 1681, in handle
    self.callHandlers(record)
  File "C:\Users\AYESHA RAHMAN\murf-livekit-starter\backend\.uv-python\cpython-3.13-windows-x86_64-none\Lib\logging\__init__.py", line 1737, in callHandlers
    hdlr.handle(record)
  File "C:\Users\AYESHA RAHMAN\murf-livekit-starter\backend\.uv-python\cpython-3.13-windows-x86_64-none\Lib\logging\__init__.py", line 1027, in handle
    self.emit(record)
  File "C:\Users\AYESHA RAHMAN\murf-livekit-starter\backend\.venv\Lib\site-packages\livekit\agents\cli\cli.py", line 957, in emit
    self.handleError(record)
Message: '[Murf TTS] Stream started - context_id=%s, voice=%s, style=%s, locale=%s, min_buffer_size=%d, max_buffer_delay_in_ms=%d, endpoint=%s'
Arguments: ('4453fb038066', 'Samar', 'Conversation', None, 3, 0, 'https://global.api.murf.ai')
--- Logging error ---
Traceback (most recent call last):
  File "C:\Users\AYESHA RAHMAN\murf-livekit-starter\backend\.venv\Lib\site-packages\livekit\agents\cli\cli.py", line 944, in emit
    self.c.console.print(output)
    ~~~~~~~~~~~~~~~~~~~~^^^^^^^^
  File "C:\Users\AYESHA RAHMAN\murf-livekit-starter\backend\.venv\Lib\site-packages\rich\console.py", line 1697, in print
    with self:
         ^^^^
  File "C:\Users\AYESHA RAHMAN\murf-livekit-starter\backend\.venv\Lib\site-packages\rich\console.py", line 870, in __exit__
    self._exit_buffer()
    ~~~~~~~~~~~~~~~~~^^
  File "C:\Users\AYESHA RAHMAN\murf-livekit-starter\backend\.venv\Lib\site-packages\rich\console.py", line 826, in _exit_buffer
    self._check_buffer()
    ~~~~~~~~~~~~~~~~~~^^
  File "C:\Users\AYESHA RAHMAN\murf-livekit-starter\backend\.venv\Lib\site-packages\rich\console.py", line 2042, in _check_buffer
    self._write_buffer()
    ~~~~~~~~~~~~~~~~~~^^
  File "C:\Users\AYESHA RAHMAN\murf-livekit-starter\backend\.venv\Lib\site-packages\rich\console.py", line 2078, in _write_buffer
    legacy_windows_render(buffer, LegacyWindowsTerm(self.file))
    ~~~~~~~~~~~~~~~~~~~~~^^^^^^^^^^^^^^^^^^^^^^^^^^^^^^^^^^^^^^
  File "C:\Users\AYESHA RAHMAN\murf-livekit-starter\backend\.venv\Lib\site-packages\rich\_windows_renderer.py", line 17, in legacy_windows_render
    term.write_styled(text, style)
    ~~~~~~~~~~~~~~~~~^^^^^^^^^^^^^
  File "C:\Users\AYESHA RAHMAN\murf-livekit-starter\backend\.venv\Lib\site-packages\rich\_win32_console.py", line 441, in write_styled
    self.write_text(text)
    ~~~~~~~~~~~~~~~^^^^^^
  File "C:\Users\AYESHA RAHMAN\murf-livekit-starter\backend\.venv\Lib\site-packages\rich\_win32_console.py", line 402, in write_text
    self.write(text)
    ~~~~~~~~~~^^^^^^
  File "C:\Users\AYESHA RAHMAN\murf-livekit-starter\backend\.uv-python\cpython-3.13-windows-x86_64-none\Lib\encodings\cp1252.py", line 19, in encode
    return codecs.charmap_encode(input,self.errors,encoding_table)[0]
           ~~~~~~~~~~~~~~~~~~~~~^^^^^^^^^^^^^^^^^^^^^^^^^^^^^^^^^^
UnicodeEncodeError: 'charmap' codec can't encode character '\u20b9' in position 52: character maps to <undefined>
Call stack:
  File "C:\Users\AYESHA RAHMAN\murf-livekit-starter\backend\.uv-python\cpython-3.13-windows-x86_64-none\Lib\threading.py", line 1015, in _bootstrap
    self._bootstrap_inner()
  File "C:\Users\AYESHA RAHMAN\murf-livekit-starter\backend\.uv-python\cpython-3.13-windows-x86_64-none\Lib\threading.py", line 1044, in _bootstrap_inner
    self.run()
  File "C:\Users\AYESHA RAHMAN\murf-livekit-starter\backend\.uv-python\cpython-3.13-windows-x86_64-none\Lib\threading.py", line 995, in run
    self._target(*self._args, **self._kwargs)
  File "C:\Users\AYESHA RAHMAN\murf-livekit-starter\backend\.venv\Lib\site-packages\livekit\agents\ipc\job_proc_lazy_main.py", line 418, in thread_main
    client.run()
  File "C:\Users\AYESHA RAHMAN\murf-livekit-starter\backend\.venv\Lib\site-packages\livekit\agents\ipc\proc_client.py", line 70, in run
    loop.run_until_complete(self._task)
  File "C:\Users\AYESHA RAHMAN\murf-livekit-starter\backend\.uv-python\cpython-3.13-windows-x86_64-none\Lib\asyncio\base_events.py", line 712, in run_until_complete
    self.run_forever()
  File "C:\Users\AYESHA RAHMAN\murf-livekit-starter\backend\.uv-python\cpython-3.13-windows-x86_64-none\Lib\asyncio\base_events.py", line 683, in run_forever
    self._run_once()
  File "C:\Users\AYESHA RAHMAN\murf-livekit-starter\backend\.uv-python\cpython-3.13-windows-x86_64-none\Lib\asyncio\base_events.py", line 2060, in _run_once
    handle._run()
  File "C:\Users\AYESHA RAHMAN\murf-livekit-starter\backend\.uv-python\cpython-3.13-windows-x86_64-none\Lib\asyncio\events.py", line 89, in _run
    self._context.run(self._callback, *self._args)
  File "C:\Users\AYESHA RAHMAN\murf-livekit-starter\backend\.venv\Lib\site-packages\livekit\plugins\murf\tts.py", line 412, in _recv_task
    logger.info("[Murf TTS] Murf TTFB (first sentence to first audio): %.2f ms", ttfb_ms)
  File "C:\Users\AYESHA RAHMAN\murf-livekit-starter\backend\.uv-python\cpython-3.13-windows-x86_64-none\Lib\logging\__init__.py", line 1520, in info
    self._log(INFO, msg, args, **kwargs)
  File "C:\Users\AYESHA RAHMAN\murf-livekit-starter\backend\.uv-python\cpython-3.13-windows-x86_64-none\Lib\logging\__init__.py", line 1665, in _log
    self.handle(record)
  File "C:\Users\AYESHA RAHMAN\murf-livekit-starter\backend\.uv-python\cpython-3.13-windows-x86_64-none\Lib\logging\__init__.py", line 1681, in handle
    self.callHandlers(record)
  File "C:\Users\AYESHA RAHMAN\murf-livekit-starter\backend\.uv-python\cpython-3.13-windows-x86_64-none\Lib\logging\__init__.py", line 1737, in callHandlers
    hdlr.handle(record)
  File "C:\Users\AYESHA RAHMAN\murf-livekit-starter\backend\.uv-python\cpython-3.13-windows-x86_64-none\Lib\logging\__init__.py", line 1027, in handle
    self.emit(record)
  File "C:\Users\AYESHA RAHMAN\murf-livekit-starter\backend\.venv\Lib\site-packages\livekit\agents\cli\cli.py", line 957, in emit
    self.handleError(record)
Message: '[Murf TTS] Murf TTFB (first sentence to first audio): %.2f ms'
Arguments: (131.07880000097794,)
--- Logging error ---
Traceback (most recent call last):
  File "C:\Users\AYESHA RAHMAN\murf-livekit-starter\backend\.venv\Lib\site-packages\livekit\agents\cli\cli.py", line 944, in emit
    self.c.console.print(output)
    ~~~~~~~~~~~~~~~~~~~~^^^^^^^^
  File "C:\Users\AYESHA RAHMAN\murf-livekit-starter\backend\.venv\Lib\site-packages\rich\console.py", line 1697, in print
    with self:
         ^^^^
  File "C:\Users\AYESHA RAHMAN\murf-livekit-starter\backend\.venv\Lib\site-packages\rich\console.py", line 870, in __exit__
    self._exit_buffer()
    ~~~~~~~~~~~~~~~~~^^
  File "C:\Users\AYESHA RAHMAN\murf-livekit-starter\backend\.venv\Lib\site-packages\rich\console.py", line 826, in _exit_buffer
    self._check_buffer()
    ~~~~~~~~~~~~~~~~~~^^
  File "C:\Users\AYESHA RAHMAN\murf-livekit-starter\backend\.venv\Lib\site-packages\rich\console.py", line 2042, in _check_buffer
    self._write_buffer()
    ~~~~~~~~~~~~~~~~~~^^
  File "C:\Users\AYESHA RAHMAN\murf-livekit-starter\backend\.venv\Lib\site-packages\rich\console.py", line 2078, in _write_buffer
    legacy_windows_render(buffer, LegacyWindowsTerm(self.file))
    ~~~~~~~~~~~~~~~~~~~~~^^^^^^^^^^^^^^^^^^^^^^^^^^^^^^^^^^^^^^
  File "C:\Users\AYESHA RAHMAN\murf-livekit-starter\backend\.venv\Lib\site-packages\rich\_windows_renderer.py", line 17, in legacy_windows_render
    term.write_styled(text, style)
    ~~~~~~~~~~~~~~~~~^^^^^^^^^^^^^
  File "C:\Users\AYESHA RAHMAN\murf-livekit-starter\backend\.venv\Lib\site-packages\rich\_win32_console.py", line 441, in write_styled
    self.write_text(text)
    ~~~~~~~~~~~~~~~^^^^^^
  File "C:\Users\AYESHA RAHMAN\murf-livekit-starter\backend\.venv\Lib\site-packages\rich\_win32_console.py", line 402, in write_text
    self.write(text)
    ~~~~~~~~~~^^^^^^
  File "C:\Users\AYESHA RAHMAN\murf-livekit-starter\backend\.uv-python\cpython-3.13-windows-x86_64-none\Lib\encodings\cp1252.py", line 19, in encode
    return codecs.charmap_encode(input,self.errors,encoding_table)[0]
           ~~~~~~~~~~~~~~~~~~~~~^^^^^^^^^^^^^^^^^^^^^^^^^^^^^^^^^^
UnicodeEncodeError: 'charmap' codec can't encode character '\u20b9' in position 52: character maps to <undefined>
Call stack:
  File "C:\Users\AYESHA RAHMAN\murf-livekit-starter\backend\.uv-python\cpython-3.13-windows-x86_64-none\Lib\threading.py", line 1015, in _bootstrap
    self._bootstrap_inner()
  File "C:\Users\AYESHA RAHMAN\murf-livekit-starter\backend\.uv-python\cpython-3.13-windows-x86_64-none\Lib\threading.py", line 1044, in _bootstrap_inner
    self.run()
  File "C:\Users\AYESHA RAHMAN\murf-livekit-starter\backend\.uv-python\cpython-3.13-windows-x86_64-none\Lib\threading.py", line 995, in run
    self._target(*self._args, **self._kwargs)
  File "C:\Users\AYESHA RAHMAN\murf-livekit-starter\backend\.venv\Lib\site-packages\livekit\agents\ipc\job_proc_lazy_main.py", line 418, in thread_main
    client.run()
  File "C:\Users\AYESHA RAHMAN\murf-livekit-starter\backend\.venv\Lib\site-packages\livekit\agents\ipc\proc_client.py", line 70, in run
    loop.run_until_complete(self._task)
  File "C:\Users\AYESHA RAHMAN\murf-livekit-starter\backend\.uv-python\cpython-3.13-windows-x86_64-none\Lib\asyncio\base_events.py", line 712, in run_until_complete
    self.run_forever()
  File "C:\Users\AYESHA RAHMAN\murf-livekit-starter\backend\.uv-python\cpython-3.13-windows-x86_64-none\Lib\asyncio\base_events.py", line 683, in run_forever
    self._run_once()
  File "C:\Users\AYESHA RAHMAN\murf-livekit-starter\backend\.uv-python\cpython-3.13-windows-x86_64-none\Lib\asyncio\base_events.py", line 2060, in _run_once
    handle._run()
  File "C:\Users\AYESHA RAHMAN\murf-livekit-starter\backend\.uv-python\cpython-3.13-windows-x86_64-none\Lib\asyncio\events.py", line 89, in _run
    self._context.run(self._callback, *self._args)
  File "C:\Users\AYESHA RAHMAN\murf-livekit-starter\backend\.venv\Lib\site-packages\livekit\agents\tts\tts.py", line 570, in _metrics_monitor_task
    _emit_metrics()
  File "C:\Users\AYESHA RAHMAN\murf-livekit-starter\backend\.venv\Lib\site-packages\livekit\agents\tts\tts.py", line 554, in _emit_metrics
    self._tts.emit("metrics_collected", metrics)
  File "C:\Users\AYESHA RAHMAN\murf-livekit-starter\backend\.venv\Lib\site-packages\livekit\rtc\event_emitter.py", line 58, in emit
    callback(*callback_args)
  File "C:\Users\AYESHA RAHMAN\murf-livekit-starter\backend\.venv\Lib\site-packages\livekit\agents\voice\agent_activity.py", line 1162, in _on_metrics_collected
    self._session.emit("metrics_collected", MetricsCollectedEvent(metrics=ev))
  File "C:\Users\AYESHA RAHMAN\murf-livekit-starter\backend\.venv\Lib\site-packages\livekit\agents\voice\agent_session.py", line 428, in emit
    super().emit(event, arg)
  File "C:\Users\AYESHA RAHMAN\murf-livekit-starter\backend\.venv\Lib\site-packages\livekit\rtc\event_emitter.py", line 58, in emit
    callback(*callback_args)
  File "C:\Users\AYESHA RAHMAN\murf-livekit-starter\backend\src\agent.py", line 477, in on_metrics_collected
    logger.info(
  File "C:\Users\AYESHA RAHMAN\murf-livekit-starter\backend\.uv-python\cpython-3.13-windows-x86_64-none\Lib\logging\__init__.py", line 1520, in info
    self._log(INFO, msg, args, **kwargs)
  File "C:\Users\AYESHA RAHMAN\murf-livekit-starter\backend\.uv-python\cpython-3.13-windows-x86_64-none\Lib\logging\__init__.py", line 1665, in _log
    self.handle(record)
  File "C:\Users\AYESHA RAHMAN\murf-livekit-starter\backend\.uv-python\cpython-3.13-windows-x86_64-none\Lib\logging\__init__.py", line 1681, in handle
    self.callHandlers(record)
  File "C:\Users\AYESHA RAHMAN\murf-livekit-starter\backend\.uv-python\cpython-3.13-windows-x86_64-none\Lib\logging\__init__.py", line 1737, in callHandlers
    hdlr.handle(record)
  File "C:\Users\AYESHA RAHMAN\murf-livekit-starter\backend\.uv-python\cpython-3.13-windows-x86_64-none\Lib\logging\__init__.py", line 1027, in handle
    self.emit(record)
  File "C:\Users\AYESHA RAHMAN\murf-livekit-starter\backend\.venv\Lib\site-packages\livekit\agents\cli\cli.py", line 957, in emit
    self.handleError(record)
Message: '[DEBUG-%s] metrics=%s'
Arguments: ('TTS', TTSMetrics(type='tts_metrics', label='livekit.plugins.murf.tts.TTS', request_id='2daf4f3bd2ec', timestamp=1786731915.85524, ttfb=0.1926333000010345, duration=0.6049868000009155, audio_duration=2.52, cancelled=False, characters_count=53, streamed=True, segment_id='4453fb038066', speech_id='speech_0306f61eb7f7', metadata=Metadata(model_name='FALCON', model_provider='Murf')))
--- Logging error ---
Traceback (most recent call last):
  File "C:\Users\AYESHA RAHMAN\murf-livekit-starter\backend\.venv\Lib\site-packages\livekit\agents\cli\cli.py", line 944, in emit
    self.c.console.print(output)
    ~~~~~~~~~~~~~~~~~~~~^^^^^^^^
  File "C:\Users\AYESHA RAHMAN\murf-livekit-starter\backend\.venv\Lib\site-packages\rich\console.py", line 1697, in print
    with self:
         ^^^^
  File "C:\Users\AYESHA RAHMAN\murf-livekit-starter\backend\.venv\Lib\site-packages\rich\console.py", line 870, in __exit__
    self._exit_buffer()
    ~~~~~~~~~~~~~~~~~^^
  File "C:\Users\AYESHA RAHMAN\murf-livekit-starter\backend\.venv\Lib\site-packages\rich\console.py", line 826, in _exit_buffer
    self._check_buffer()
    ~~~~~~~~~~~~~~~~~~^^
  File "C:\Users\AYESHA RAHMAN\murf-livekit-starter\backend\.venv\Lib\site-packages\rich\console.py", line 2042, in _check_buffer
    self._write_buffer()
    ~~~~~~~~~~~~~~~~~~^^
  File "C:\Users\AYESHA RAHMAN\murf-livekit-starter\backend\.venv\Lib\site-packages\rich\console.py", line 2078, in _write_buffer
    legacy_windows_render(buffer, LegacyWindowsTerm(self.file))
    ~~~~~~~~~~~~~~~~~~~~~^^^^^^^^^^^^^^^^^^^^^^^^^^^^^^^^^^^^^^
  File "C:\Users\AYESHA RAHMAN\murf-livekit-starter\backend\.venv\Lib\site-packages\rich\_windows_renderer.py", line 17, in legacy_windows_render
    term.write_styled(text, style)
    ~~~~~~~~~~~~~~~~~^^^^^^^^^^^^^
  File "C:\Users\AYESHA RAHMAN\murf-livekit-starter\backend\.venv\Lib\site-packages\rich\_win32_console.py", line 441, in write_styled
    self.write_text(text)
    ~~~~~~~~~~~~~~~^^^^^^
  File "C:\Users\AYESHA RAHMAN\murf-livekit-starter\backend\.venv\Lib\site-packages\rich\_win32_console.py", line 402, in write_text
    self.write(text)
    ~~~~~~~~~~^^^^^^
  File "C:\Users\AYESHA RAHMAN\murf-livekit-starter\backend\.uv-python\cpython-3.13-windows-x86_64-none\Lib\encodings\cp1252.py", line 19, in encode
    return codecs.charmap_encode(input,self.errors,encoding_table)[0]
           ~~~~~~~~~~~~~~~~~~~~~^^^^^^^^^^^^^^^^^^^^^^^^^^^^^^^^^^
UnicodeEncodeError: 'charmap' codec can't encode character '\u20b9' in position 52: character maps to <undefined>
Call stack:
  File "C:\Users\AYESHA RAHMAN\murf-livekit-starter\backend\.uv-python\cpython-3.13-windows-x86_64-none\Lib\threading.py", line 1015, in _bootstrap
    self._bootstrap_inner()
  File "C:\Users\AYESHA RAHMAN\murf-livekit-starter\backend\.uv-python\cpython-3.13-windows-x86_64-none\Lib\threading.py", line 1044, in _bootstrap_inner
    self.run()
  File "C:\Users\AYESHA RAHMAN\murf-livekit-starter\backend\.uv-python\cpython-3.13-windows-x86_64-none\Lib\threading.py", line 995, in run
    self._target(*self._args, **self._kwargs)
  File "C:\Users\AYESHA RAHMAN\murf-livekit-starter\backend\.venv\Lib\site-packages\livekit\agents\ipc\job_proc_lazy_main.py", line 418, in thread_main
    client.run()
  File "C:\Users\AYESHA RAHMAN\murf-livekit-starter\backend\.venv\Lib\site-packages\livekit\agents\ipc\proc_client.py", line 70, in run
    loop.run_until_complete(self._task)
  File "C:\Users\AYESHA RAHMAN\murf-livekit-starter\backend\.uv-python\cpython-3.13-windows-x86_64-none\Lib\asyncio\base_events.py", line 712, in run_until_complete
    self.run_forever()
  File "C:\Users\AYESHA RAHMAN\murf-livekit-starter\backend\.uv-python\cpython-3.13-windows-x86_64-none\Lib\asyncio\base_events.py", line 683, in run_forever
    self._run_once()
  File "C:\Users\AYESHA RAHMAN\murf-livekit-starter\backend\.uv-python\cpython-3.13-windows-x86_64-none\Lib\asyncio\base_events.py", line 2060, in _run_once
    handle._run()
  File "C:\Users\AYESHA RAHMAN\murf-livekit-starter\backend\.uv-python\cpython-3.13-windows-x86_64-none\Lib\asyncio\events.py", line 89, in _run
    self._context.run(self._callback, *self._args)
  File "C:\Users\AYESHA RAHMAN\murf-livekit-starter\backend\.venv\Lib\site-packages\livekit\agents\stt\stt.py", line 384, in _metrics_monitor_task
    self._stt.emit("metrics_collected", stt_metrics)
  File "C:\Users\AYESHA RAHMAN\murf-livekit-starter\backend\.venv\Lib\site-packages\livekit\rtc\event_emitter.py", line 58, in emit
    callback(*callback_args)
  File "C:\Users\AYESHA RAHMAN\murf-livekit-starter\backend\.venv\Lib\site-packages\livekit\agents\voice\agent_activity.py", line 1162, in _on_metrics_collected
    self._session.emit("metrics_collected", MetricsCollectedEvent(metrics=ev))
  File "C:\Users\AYESHA RAHMAN\murf-livekit-starter\backend\.venv\Lib\site-packages\livekit\agents\voice\agent_session.py", line 428, in emit
    super().emit(event, arg)
  File "C:\Users\AYESHA RAHMAN\murf-livekit-starter\backend\.venv\Lib\site-packages\livekit\rtc\event_emitter.py", line 58, in emit
    callback(*callback_args)
  File "C:\Users\AYESHA RAHMAN\murf-livekit-starter\backend\src\agent.py", line 477, in on_metrics_collected
    logger.info(
  File "C:\Users\AYESHA RAHMAN\murf-livekit-starter\backend\.uv-python\cpython-3.13-windows-x86_64-none\Lib\logging\__init__.py", line 1520, in info
    self._log(INFO, msg, args, **kwargs)
  File "C:\Users\AYESHA RAHMAN\murf-livekit-starter\backend\.uv-python\cpython-3.13-windows-x86_64-none\Lib\logging\__init__.py", line 1665, in _log
    self.handle(record)
  File "C:\Users\AYESHA RAHMAN\murf-livekit-starter\backend\.uv-python\cpython-3.13-windows-x86_64-none\Lib\logging\__init__.py", line 1681, in handle
    self.callHandlers(record)
  File "C:\Users\AYESHA RAHMAN\murf-livekit-starter\backend\.uv-python\cpython-3.13-windows-x86_64-none\Lib\logging\__init__.py", line 1737, in callHandlers
    hdlr.handle(record)
  File "C:\Users\AYESHA RAHMAN\murf-livekit-starter\backend\.uv-python\cpython-3.13-windows-x86_64-none\Lib\logging\__init__.py", line 1027, in handle
    self.emit(record)
  File "C:\Users\AYESHA RAHMAN\murf-livekit-starter\backend\.venv\Lib\site-packages\livekit\agents\cli\cli.py", line 957, in emit
    self.handleError(record)
Message: '[DEBUG-%s] metrics=%s'
Arguments: ('STT', STTMetrics(type='stt_metrics', label='livekit.plugins.deepgram.stt.STT', request_id='01a00183-59f7-7ad3-8d42-92bf10e19690', timestamp=1786731916.4458108, duration=0.0, audio_duration=5.04999999999999, streamed=True, metadata=Metadata(model_name='nova-3', model_provider='Deepgram')))
--- Logging error ---
Traceback (most recent call last):
  File "C:\Users\AYESHA RAHMAN\murf-livekit-starter\backend\.venv\Lib\site-packages\livekit\agents\cli\cli.py", line 944, in emit
    self.c.console.print(output)
    ~~~~~~~~~~~~~~~~~~~~^^^^^^^^
  File "C:\Users\AYESHA RAHMAN\murf-livekit-starter\backend\.venv\Lib\site-packages\rich\console.py", line 1697, in print
    with self:
         ^^^^
  File "C:\Users\AYESHA RAHMAN\murf-livekit-starter\backend\.venv\Lib\site-packages\rich\console.py", line 870, in __exit__
    self._exit_buffer()
    ~~~~~~~~~~~~~~~~~^^
  File "C:\Users\AYESHA RAHMAN\murf-livekit-starter\backend\.venv\Lib\site-packages\rich\console.py", line 826, in _exit_buffer
    self._check_buffer()
    ~~~~~~~~~~~~~~~~~~^^
  File "C:\Users\AYESHA RAHMAN\murf-livekit-starter\backend\.venv\Lib\site-packages\rich\console.py", line 2042, in _check_buffer
    self._write_buffer()
    ~~~~~~~~~~~~~~~~~~^^
  File "C:\Users\AYESHA RAHMAN\murf-livekit-starter\backend\.venv\Lib\site-packages\rich\console.py", line 2078, in _write_buffer
    legacy_windows_render(buffer, LegacyWindowsTerm(self.file))
    ~~~~~~~~~~~~~~~~~~~~~^^^^^^^^^^^^^^^^^^^^^^^^^^^^^^^^^^^^^^
  File "C:\Users\AYESHA RAHMAN\murf-livekit-starter\backend\.venv\Lib\site-packages\rich\_windows_renderer.py", line 17, in legacy_windows_render
    term.write_styled(text, style)
    ~~~~~~~~~~~~~~~~~^^^^^^^^^^^^^
  File "C:\Users\AYESHA RAHMAN\murf-livekit-starter\backend\.venv\Lib\site-packages\rich\_win32_console.py", line 441, in write_styled
    self.write_text(text)
    ~~~~~~~~~~~~~~~^^^^^^
  File "C:\Users\AYESHA RAHMAN\murf-livekit-starter\backend\.venv\Lib\site-packages\rich\_win32_console.py", line 402, in write_text
    self.write(text)
    ~~~~~~~~~~^^^^^^
  File "C:\Users\AYESHA RAHMAN\murf-livekit-starter\backend\.uv-python\cpython-3.13-windows-x86_64-none\Lib\encodings\cp1252.py", line 19, in encode
    return codecs.charmap_encode(input,self.errors,encoding_table)[0]
           ~~~~~~~~~~~~~~~~~~~~~^^^^^^^^^^^^^^^^^^^^^^^^^^^^^^^^^^
UnicodeEncodeError: 'charmap' codec can't encode character '\u20b9' in position 52: character maps to <undefined>
Call stack:
  File "C:\Users\AYESHA RAHMAN\murf-livekit-starter\backend\.uv-python\cpython-3.13-windows-x86_64-none\Lib\threading.py", line 1015, in _bootstrap
    self._bootstrap_inner()
  File "C:\Users\AYESHA RAHMAN\murf-livekit-starter\backend\.uv-python\cpython-3.13-windows-x86_64-none\Lib\threading.py", line 1044, in _bootstrap_inner
    self.run()
  File "C:\Users\AYESHA RAHMAN\murf-livekit-starter\backend\.uv-python\cpython-3.13-windows-x86_64-none\Lib\threading.py", line 995, in run
    self._target(*self._args, **self._kwargs)
  File "C:\Users\AYESHA RAHMAN\murf-livekit-starter\backend\.venv\Lib\site-packages\livekit\agents\ipc\job_proc_lazy_main.py", line 418, in thread_main
    client.run()
  File "C:\Users\AYESHA RAHMAN\murf-livekit-starter\backend\.venv\Lib\site-packages\livekit\agents\ipc\proc_client.py", line 70, in run
    loop.run_until_complete(self._task)
  File "C:\Users\AYESHA RAHMAN\murf-livekit-starter\backend\.uv-python\cpython-3.13-windows-x86_64-none\Lib\asyncio\base_events.py", line 712, in run_until_complete
    self.run_forever()
  File "C:\Users\AYESHA RAHMAN\murf-livekit-starter\backend\.uv-python\cpython-3.13-windows-x86_64-none\Lib\asyncio\base_events.py", line 683, in run_forever
    self._run_once()
  File "C:\Users\AYESHA RAHMAN\murf-livekit-starter\backend\.uv-python\cpython-3.13-windows-x86_64-none\Lib\asyncio\base_events.py", line 2060, in _run_once
    handle._run()
  File "C:\Users\AYESHA RAHMAN\murf-livekit-starter\backend\.uv-python\cpython-3.13-windows-x86_64-none\Lib\asyncio\events.py", line 89, in _run
    self._context.run(self._callback, *self._args)
  File "C:\Users\AYESHA RAHMAN\murf-livekit-starter\backend\.venv\Lib\site-packages\livekit\agents\voice\agent_activity.py", line 434, in _context_aware_coro
    return await coro
  File "C:\Users\AYESHA RAHMAN\murf-livekit-starter\backend\.venv\Lib\site-packages\livekit\agents\utils\log.py", line 17, in async_fn_logs
    return await fn(*args, **kwargs)
  File "C:\Users\AYESHA RAHMAN\murf-livekit-starter\backend\.venv\Lib\site-packages\livekit\agents\voice\agent_activity.py", line 1708, in _tts_task
    await self._tts_task_impl(
  File "C:\Users\AYESHA RAHMAN\murf-livekit-starter\backend\.venv\Lib\site-packages\livekit\agents\voice\agent_activity.py", line 1884, in _tts_task_impl
    self._session._conversation_item_added(msg)
  File "C:\Users\AYESHA RAHMAN\murf-livekit-starter\backend\.venv\Lib\site-packages\livekit\agents\voice\agent_session.py", line 1409, in _conversation_item_added
    self.emit("conversation_item_added", ConversationItemAddedEvent(item=message))
  File "C:\Users\AYESHA RAHMAN\murf-livekit-starter\backend\.venv\Lib\site-packages\livekit\agents\voice\agent_session.py", line 428, in emit
    super().emit(event, arg)
  File "C:\Users\AYESHA RAHMAN\murf-livekit-starter\backend\.venv\Lib\site-packages\livekit\rtc\event_emitter.py", line 58, in emit
    callback(*callback_args)
  File "C:\Users\AYESHA RAHMAN\murf-livekit-starter\backend\src\agent.py", line 468, in on_conversation_item_added
    logger.info(
  File "C:\Users\AYESHA RAHMAN\murf-livekit-starter\backend\.uv-python\cpython-3.13-windows-x86_64-none\Lib\logging\__init__.py", line 1520, in info
    self._log(INFO, msg, args, **kwargs)
  File "C:\Users\AYESHA RAHMAN\murf-livekit-starter\backend\.uv-python\cpython-3.13-windows-x86_64-none\Lib\logging\__init__.py", line 1665, in _log
    self.handle(record)
  File "C:\Users\AYESHA RAHMAN\murf-livekit-starter\backend\.uv-python\cpython-3.13-windows-x86_64-none\Lib\logging\__init__.py", line 1681, in handle
    self.callHandlers(record)
  File "C:\Users\AYESHA RAHMAN\murf-livekit-starter\backend\.uv-python\cpython-3.13-windows-x86_64-none\Lib\logging\__init__.py", line 1737, in callHandlers
    hdlr.handle(record)
  File "C:\Users\AYESHA RAHMAN\murf-livekit-starter\backend\.uv-python\cpython-3.13-windows-x86_64-none\Lib\logging\__init__.py", line 1027, in handle
    self.emit(record)
  File "C:\Users\AYESHA RAHMAN\murf-livekit-starter\backend\.venv\Lib\site-packages\livekit\agents\cli\cli.py", line 957, in emit
    self.handleError(record)
Message: '[DEBUG-LLM] assistant text committed after playout=%r'
Arguments: ("I'll connect you back to the main assistant for that.",)
--- Logging error ---
Traceback (most recent call last):
  File "C:\Users\AYESHA RAHMAN\murf-livekit-starter\backend\.venv\Lib\site-packages\livekit\agents\cli\cli.py", line 944, in emit
    self.c.console.print(output)
    ~~~~~~~~~~~~~~~~~~~~^^^^^^^^
  File "C:\Users\AYESHA RAHMAN\murf-livekit-starter\backend\.venv\Lib\site-packages\rich\console.py", line 1697, in print
    with self:
         ^^^^
  File "C:\Users\AYESHA RAHMAN\murf-livekit-starter\backend\.venv\Lib\site-packages\rich\console.py", line 870, in __exit__
    self._exit_buffer()
    ~~~~~~~~~~~~~~~~~^^
  File "C:\Users\AYESHA RAHMAN\murf-livekit-starter\backend\.venv\Lib\site-packages\rich\console.py", line 826, in _exit_buffer
    self._check_buffer()
    ~~~~~~~~~~~~~~~~~~^^
  File "C:\Users\AYESHA RAHMAN\murf-livekit-starter\backend\.venv\Lib\site-packages\rich\console.py", line 2042, in _check_buffer
    self._write_buffer()
    ~~~~~~~~~~~~~~~~~~^^
  File "C:\Users\AYESHA RAHMAN\murf-livekit-starter\backend\.venv\Lib\site-packages\rich\console.py", line 2078, in _write_buffer
    legacy_windows_render(buffer, LegacyWindowsTerm(self.file))
    ~~~~~~~~~~~~~~~~~~~~~^^^^^^^^^^^^^^^^^^^^^^^^^^^^^^^^^^^^^^
  File "C:\Users\AYESHA RAHMAN\murf-livekit-starter\backend\.venv\Lib\site-packages\rich\_windows_renderer.py", line 17, in legacy_windows_render
    term.write_styled(text, style)
    ~~~~~~~~~~~~~~~~~^^^^^^^^^^^^^
  File "C:\Users\AYESHA RAHMAN\murf-livekit-starter\backend\.venv\Lib\site-packages\rich\_win32_console.py", line 441, in write_styled
    self.write_text(text)
    ~~~~~~~~~~~~~~~^^^^^^
  File "C:\Users\AYESHA RAHMAN\murf-livekit-starter\backend\.venv\Lib\site-packages\rich\_win32_console.py", line 402, in write_text
    self.write(text)
    ~~~~~~~~~~^^^^^^
  File "C:\Users\AYESHA RAHMAN\murf-livekit-starter\backend\.uv-python\cpython-3.13-windows-x86_64-none\Lib\encodings\cp1252.py", line 19, in encode
    return codecs.charmap_encode(input,self.errors,encoding_table)[0]
           ~~~~~~~~~~~~~~~~~~~~~^^^^^^^^^^^^^^^^^^^^^^^^^^^^^^^^^^
UnicodeEncodeError: 'charmap' codec can't encode character '\u20b9' in position 52: character maps to <undefined>
Call stack:
  File "C:\Users\AYESHA RAHMAN\murf-livekit-starter\backend\.uv-python\cpython-3.13-windows-x86_64-none\Lib\threading.py", line 1015, in _bootstrap
    self._bootstrap_inner()
  File "C:\Users\AYESHA RAHMAN\murf-livekit-starter\backend\.uv-python\cpython-3.13-windows-x86_64-none\Lib\threading.py", line 1044, in _bootstrap_inner
    self.run()
  File "C:\Users\AYESHA RAHMAN\murf-livekit-starter\backend\.uv-python\cpython-3.13-windows-x86_64-none\Lib\threading.py", line 995, in run
    self._target(*self._args, **self._kwargs)
  File "C:\Users\AYESHA RAHMAN\murf-livekit-starter\backend\.venv\Lib\site-packages\livekit\agents\ipc\job_proc_lazy_main.py", line 418, in thread_main
    client.run()
  File "C:\Users\AYESHA RAHMAN\murf-livekit-starter\backend\.venv\Lib\site-packages\livekit\agents\ipc\proc_client.py", line 70, in run
    loop.run_until_complete(self._task)
  File "C:\Users\AYESHA RAHMAN\murf-livekit-starter\backend\.uv-python\cpython-3.13-windows-x86_64-none\Lib\asyncio\base_events.py", line 712, in run_until_complete
    self.run_forever()
  File "C:\Users\AYESHA RAHMAN\murf-livekit-starter\backend\.uv-python\cpython-3.13-windows-x86_64-none\Lib\asyncio\base_events.py", line 683, in run_forever
    self._run_once()
  File "C:\Users\AYESHA RAHMAN\murf-livekit-starter\backend\.uv-python\cpython-3.13-windows-x86_64-none\Lib\asyncio\base_events.py", line 2060, in _run_once
    handle._run()
  File "C:\Users\AYESHA RAHMAN\murf-livekit-starter\backend\.uv-python\cpython-3.13-windows-x86_64-none\Lib\asyncio\events.py", line 89, in _run
    self._context.run(self._callback, *self._args)
  File "C:\Users\AYESHA RAHMAN\murf-livekit-starter\backend\.venv\Lib\site-packages\livekit\agents\utils\log.py", line 17, in async_fn_logs
    return await fn(*args, **kwargs)
  File "C:\Users\AYESHA RAHMAN\murf-livekit-starter\backend\.venv\Lib\site-packages\livekit\agents\voice\generation.py", line 703, in _execute_tools_task
    logger.debug(
  File "C:\Users\AYESHA RAHMAN\murf-livekit-starter\backend\.uv-python\cpython-3.13-windows-x86_64-none\Lib\logging\__init__.py", line 1508, in debug
    self._log(DEBUG, msg, args, **kwargs)
  File "C:\Users\AYESHA RAHMAN\murf-livekit-starter\backend\.uv-python\cpython-3.13-windows-x86_64-none\Lib\logging\__init__.py", line 1665, in _log
    self.handle(record)
  File "C:\Users\AYESHA RAHMAN\murf-livekit-starter\backend\.uv-python\cpython-3.13-windows-x86_64-none\Lib\logging\__init__.py", line 1681, in handle
    self.callHandlers(record)
  File "C:\Users\AYESHA RAHMAN\murf-livekit-starter\backend\.uv-python\cpython-3.13-windows-x86_64-none\Lib\logging\__init__.py", line 1737, in callHandlers
    hdlr.handle(record)
  File "C:\Users\AYESHA RAHMAN\murf-livekit-starter\backend\.uv-python\cpython-3.13-windows-x86_64-none\Lib\logging\__init__.py", line 1027, in handle
    self.emit(record)
  File "C:\Users\AYESHA RAHMAN\murf-livekit-starter\backend\.venv\Lib\site-packages\livekit\agents\cli\cli.py", line 957, in emit
    self.handleError(record)
Message: 'tools execution completed'
Arguments: ()
--- Logging error ---
Traceback (most recent call last):
  File "C:\Users\AYESHA RAHMAN\murf-livekit-starter\backend\.venv\Lib\site-packages\livekit\agents\cli\cli.py", line 944, in emit
    self.c.console.print(output)
    ~~~~~~~~~~~~~~~~~~~~^^^^^^^^
  File "C:\Users\AYESHA RAHMAN\murf-livekit-starter\backend\.venv\Lib\site-packages\rich\console.py", line 1697, in print
    with self:
         ^^^^
  File "C:\Users\AYESHA RAHMAN\murf-livekit-starter\backend\.venv\Lib\site-packages\rich\console.py", line 870, in __exit__
    self._exit_buffer()
    ~~~~~~~~~~~~~~~~~^^
  File "C:\Users\AYESHA RAHMAN\murf-livekit-starter\backend\.venv\Lib\site-packages\rich\console.py", line 826, in _exit_buffer
    self._check_buffer()
    ~~~~~~~~~~~~~~~~~~^^
  File "C:\Users\AYESHA RAHMAN\murf-livekit-starter\backend\.venv\Lib\site-packages\rich\console.py", line 2042, in _check_buffer
    self._write_buffer()
    ~~~~~~~~~~~~~~~~~~^^
  File "C:\Users\AYESHA RAHMAN\murf-livekit-starter\backend\.venv\Lib\site-packages\rich\console.py", line 2078, in _write_buffer
    legacy_windows_render(buffer, LegacyWindowsTerm(self.file))
    ~~~~~~~~~~~~~~~~~~~~~^^^^^^^^^^^^^^^^^^^^^^^^^^^^^^^^^^^^^^
  File "C:\Users\AYESHA RAHMAN\murf-livekit-starter\backend\.venv\Lib\site-packages\rich\_windows_renderer.py", line 17, in legacy_windows_render
    term.write_styled(text, style)
    ~~~~~~~~~~~~~~~~~^^^^^^^^^^^^^
  File "C:\Users\AYESHA RAHMAN\murf-livekit-starter\backend\.venv\Lib\site-packages\rich\_win32_console.py", line 441, in write_styled
    self.write_text(text)
    ~~~~~~~~~~~~~~~^^^^^^
  File "C:\Users\AYESHA RAHMAN\murf-livekit-starter\backend\.venv\Lib\site-packages\rich\_win32_console.py", line 402, in write_text
    self.write(text)
    ~~~~~~~~~~^^^^^^
  File "C:\Users\AYESHA RAHMAN\murf-livekit-starter\backend\.uv-python\cpython-3.13-windows-x86_64-none\Lib\encodings\cp1252.py", line 19, in encode
    return codecs.charmap_encode(input,self.errors,encoding_table)[0]
           ~~~~~~~~~~~~~~~~~~~~~^^^^^^^^^^^^^^^^^^^^^^^^^^^^^^^^^^
UnicodeEncodeError: 'charmap' codec can't encode character '\u20b9' in position 52: character maps to <undefined>
Call stack:
  File "C:\Users\AYESHA RAHMAN\murf-livekit-starter\backend\.uv-python\cpython-3.13-windows-x86_64-none\Lib\threading.py", line 1015, in _bootstrap
    self._bootstrap_inner()
  File "C:\Users\AYESHA RAHMAN\murf-livekit-starter\backend\.uv-python\cpython-3.13-windows-x86_64-none\Lib\threading.py", line 1044, in _bootstrap_inner
    self.run()
  File "C:\Users\AYESHA RAHMAN\murf-livekit-starter\backend\.uv-python\cpython-3.13-windows-x86_64-none\Lib\threading.py", line 995, in run
    self._target(*self._args, **self._kwargs)
  File "C:\Users\AYESHA RAHMAN\murf-livekit-starter\backend\.venv\Lib\site-packages\livekit\agents\ipc\job_proc_lazy_main.py", line 418, in thread_main
    client.run()
  File "C:\Users\AYESHA RAHMAN\murf-livekit-starter\backend\.venv\Lib\site-packages\livekit\agents\ipc\proc_client.py", line 70, in run
    loop.run_until_complete(self._task)
  File "C:\Users\AYESHA RAHMAN\murf-livekit-starter\backend\.uv-python\cpython-3.13-windows-x86_64-none\Lib\asyncio\base_events.py", line 712, in run_until_complete
    self.run_forever()
  File "C:\Users\AYESHA RAHMAN\murf-livekit-starter\backend\.uv-python\cpython-3.13-windows-x86_64-none\Lib\asyncio\base_events.py", line 683, in run_forever
    self._run_once()
  File "C:\Users\AYESHA RAHMAN\murf-livekit-starter\backend\.uv-python\cpython-3.13-windows-x86_64-none\Lib\asyncio\base_events.py", line 2060, in _run_once
    handle._run()
  File "C:\Users\AYESHA RAHMAN\murf-livekit-starter\backend\.uv-python\cpython-3.13-windows-x86_64-none\Lib\asyncio\events.py", line 89, in _run
    self._context.run(self._callback, *self._args)
  File "C:\Users\AYESHA RAHMAN\murf-livekit-starter\backend\.venv\Lib\site-packages\livekit\agents\stt\stt.py", line 322, in _main_task
    return await self._run()
  File "C:\Users\AYESHA RAHMAN\murf-livekit-starter\backend\.venv\Lib\site-packages\livekit\plugins\deepgram\stt.py", line 565, in _run
    ws = await self._connect_ws()
  File "C:\Users\AYESHA RAHMAN\murf-livekit-starter\backend\.venv\Lib\site-packages\livekit\plugins\deepgram\stt.py", line 637, in _connect_ws
    logger.debug(
  File "C:\Users\AYESHA RAHMAN\murf-livekit-starter\backend\.uv-python\cpython-3.13-windows-x86_64-none\Lib\logging\__init__.py", line 1508, in debug
    self._log(DEBUG, msg, args, **kwargs)
  File "C:\Users\AYESHA RAHMAN\murf-livekit-starter\backend\.uv-python\cpython-3.13-windows-x86_64-none\Lib\logging\__init__.py", line 1665, in _log
    self.handle(record)
  File "C:\Users\AYESHA RAHMAN\murf-livekit-starter\backend\.uv-python\cpython-3.13-windows-x86_64-none\Lib\logging\__init__.py", line 1681, in handle
    self.callHandlers(record)
  File "C:\Users\AYESHA RAHMAN\murf-livekit-starter\backend\.uv-python\cpython-3.13-windows-x86_64-none\Lib\logging\__init__.py", line 1737, in callHandlers
    hdlr.handle(record)
  File "C:\Users\AYESHA RAHMAN\murf-livekit-starter\backend\.uv-python\cpython-3.13-windows-x86_64-none\Lib\logging\__init__.py", line 1027, in handle
    self.emit(record)
  File "C:\Users\AYESHA RAHMAN\murf-livekit-starter\backend\.venv\Lib\site-packages\livekit\agents\cli\cli.py", line 957, in emit
    self.handleError(record)
Message: 'Established new Deepgram STT WebSocket connection:'
Arguments: ()
--- Logging error ---
Traceback (most recent call last):
  File "C:\Users\AYESHA RAHMAN\murf-livekit-starter\backend\.venv\Lib\site-packages\livekit\agents\cli\cli.py", line 944, in emit
    self.c.console.print(output)
    ~~~~~~~~~~~~~~~~~~~~^^^^^^^^
  File "C:\Users\AYESHA RAHMAN\murf-livekit-starter\backend\.venv\Lib\site-packages\rich\console.py", line 1697, in print
    with self:
         ^^^^
  File "C:\Users\AYESHA RAHMAN\murf-livekit-starter\backend\.venv\Lib\site-packages\rich\console.py", line 870, in __exit__
    self._exit_buffer()
    ~~~~~~~~~~~~~~~~~^^
  File "C:\Users\AYESHA RAHMAN\murf-livekit-starter\backend\.venv\Lib\site-packages\rich\console.py", line 826, in _exit_buffer
    self._check_buffer()
    ~~~~~~~~~~~~~~~~~~^^
  File "C:\Users\AYESHA RAHMAN\murf-livekit-starter\backend\.venv\Lib\site-packages\rich\console.py", line 2042, in _check_buffer
    self._write_buffer()
    ~~~~~~~~~~~~~~~~~~^^
  File "C:\Users\AYESHA RAHMAN\murf-livekit-starter\backend\.venv\Lib\site-packages\rich\console.py", line 2078, in _write_buffer
    legacy_windows_render(buffer, LegacyWindowsTerm(self.file))
    ~~~~~~~~~~~~~~~~~~~~~^^^^^^^^^^^^^^^^^^^^^^^^^^^^^^^^^^^^^^
  File "C:\Users\AYESHA RAHMAN\murf-livekit-starter\backend\.venv\Lib\site-packages\rich\_windows_renderer.py", line 17, in legacy_windows_render
    term.write_styled(text, style)
    ~~~~~~~~~~~~~~~~~^^^^^^^^^^^^^
  File "C:\Users\AYESHA RAHMAN\murf-livekit-starter\backend\.venv\Lib\site-packages\rich\_win32_console.py", line 441, in write_styled
    self.write_text(text)
    ~~~~~~~~~~~~~~~^^^^^^
  File "C:\Users\AYESHA RAHMAN\murf-livekit-starter\backend\.venv\Lib\site-packages\rich\_win32_console.py", line 402, in write_text
    self.write(text)
    ~~~~~~~~~~^^^^^^
  File "C:\Users\AYESHA RAHMAN\murf-livekit-starter\backend\.uv-python\cpython-3.13-windows-x86_64-none\Lib\encodings\cp1252.py", line 19, in encode
    return codecs.charmap_encode(input,self.errors,encoding_table)[0]
           ~~~~~~~~~~~~~~~~~~~~~^^^^^^^^^^^^^^^^^^^^^^^^^^^^^^^^^^
UnicodeEncodeError: 'charmap' codec can't encode character '\u20b9' in position 52: character maps to <undefined>
Call stack:
  File "C:\Users\AYESHA RAHMAN\murf-livekit-starter\backend\.uv-python\cpython-3.13-windows-x86_64-none\Lib\threading.py", line 1015, in _bootstrap
    self._bootstrap_inner()
  File "C:\Users\AYESHA RAHMAN\murf-livekit-starter\backend\.uv-python\cpython-3.13-windows-x86_64-none\Lib\threading.py", line 1044, in _bootstrap_inner
    self.run()
  File "C:\Users\AYESHA RAHMAN\murf-livekit-starter\backend\.uv-python\cpython-3.13-windows-x86_64-none\Lib\threading.py", line 995, in run
    self._target(*self._args, **self._kwargs)
  File "C:\Users\AYESHA RAHMAN\murf-livekit-starter\backend\.venv\Lib\site-packages\livekit\agents\ipc\job_proc_lazy_main.py", line 418, in thread_main
    client.run()
  File "C:\Users\AYESHA RAHMAN\murf-livekit-starter\backend\.venv\Lib\site-packages\livekit\agents\ipc\proc_client.py", line 70, in run
    loop.run_until_complete(self._task)
  File "C:\Users\AYESHA RAHMAN\murf-livekit-starter\backend\.uv-python\cpython-3.13-windows-x86_64-none\Lib\asyncio\base_events.py", line 712, in run_until_complete
    self.run_forever()
  File "C:\Users\AYESHA RAHMAN\murf-livekit-starter\backend\.uv-python\cpython-3.13-windows-x86_64-none\Lib\asyncio\base_events.py", line 683, in run_forever
    self._run_once()
  File "C:\Users\AYESHA RAHMAN\murf-livekit-starter\backend\.uv-python\cpython-3.13-windows-x86_64-none\Lib\asyncio\base_events.py", line 2060, in _run_once
    handle._run()
  File "C:\Users\AYESHA RAHMAN\murf-livekit-starter\backend\.uv-python\cpython-3.13-windows-x86_64-none\Lib\asyncio\events.py", line 89, in _run
    self._context.run(self._callback, *self._args)
  File "C:\Users\AYESHA RAHMAN\murf-livekit-starter\backend\.venv\Lib\site-packages\livekit\agents\stt\stt.py", line 384, in _metrics_monitor_task
    self._stt.emit("metrics_collected", stt_metrics)
  File "C:\Users\AYESHA RAHMAN\murf-livekit-starter\backend\.venv\Lib\site-packages\livekit\rtc\event_emitter.py", line 58, in emit
    callback(*callback_args)
  File "C:\Users\AYESHA RAHMAN\murf-livekit-starter\backend\.venv\Lib\site-packages\livekit\agents\voice\agent_activity.py", line 1162, in _on_metrics_collected
    self._session.emit("metrics_collected", MetricsCollectedEvent(metrics=ev))
  File "C:\Users\AYESHA RAHMAN\murf-livekit-starter\backend\.venv\Lib\site-packages\livekit\agents\voice\agent_session.py", line 428, in emit
    super().emit(event, arg)
  File "C:\Users\AYESHA RAHMAN\murf-livekit-starter\backend\.venv\Lib\site-packages\livekit\rtc\event_emitter.py", line 58, in emit
    callback(*callback_args)
  File "C:\Users\AYESHA RAHMAN\murf-livekit-starter\backend\src\agent.py", line 477, in on_metrics_collected
    logger.info(
  File "C:\Users\AYESHA RAHMAN\murf-livekit-starter\backend\.uv-python\cpython-3.13-windows-x86_64-none\Lib\logging\__init__.py", line 1520, in info
    self._log(INFO, msg, args, **kwargs)
  File "C:\Users\AYESHA RAHMAN\murf-livekit-starter\backend\.uv-python\cpython-3.13-windows-x86_64-none\Lib\logging\__init__.py", line 1665, in _log
    self.handle(record)
  File "C:\Users\AYESHA RAHMAN\murf-livekit-starter\backend\.uv-python\cpython-3.13-windows-x86_64-none\Lib\logging\__init__.py", line 1681, in handle
    self.callHandlers(record)
  File "C:\Users\AYESHA RAHMAN\murf-livekit-starter\backend\.uv-python\cpython-3.13-windows-x86_64-none\Lib\logging\__init__.py", line 1737, in callHandlers
    hdlr.handle(record)
  File "C:\Users\AYESHA RAHMAN\murf-livekit-starter\backend\.uv-python\cpython-3.13-windows-x86_64-none\Lib\logging\__init__.py", line 1027, in handle
    self.emit(record)
  File "C:\Users\AYESHA RAHMAN\murf-livekit-starter\backend\.venv\Lib\site-packages\livekit\agents\cli\cli.py", line 957, in emit
    self.handleError(record)
Message: '[DEBUG-%s] metrics=%s'
Arguments: ('STT', STTMetrics(type='stt_metrics', label='livekit.plugins.deepgram.stt.STT', request_id='01a00185-88c3-70a1-86a0-0746eec98256', timestamp=1786731923.0984821, duration=0.0, audio_duration=4.99999999999999, streamed=True, metadata=Metadata(model_name='nova-3', model_provider='Deepgram')))
--- Logging error ---
Traceback (most recent call last):
  File "C:\Users\AYESHA RAHMAN\murf-livekit-starter\backend\.venv\Lib\site-packages\livekit\agents\cli\cli.py", line 944, in emit
    self.c.console.print(output)
    ~~~~~~~~~~~~~~~~~~~~^^^^^^^^
  File "C:\Users\AYESHA RAHMAN\murf-livekit-starter\backend\.venv\Lib\site-packages\rich\console.py", line 1697, in print
    with self:
         ^^^^
  File "C:\Users\AYESHA RAHMAN\murf-livekit-starter\backend\.venv\Lib\site-packages\rich\console.py", line 870, in __exit__
    self._exit_buffer()
    ~~~~~~~~~~~~~~~~~^^
  File "C:\Users\AYESHA RAHMAN\murf-livekit-starter\backend\.venv\Lib\site-packages\rich\console.py", line 826, in _exit_buffer
    self._check_buffer()
    ~~~~~~~~~~~~~~~~~~^^
  File "C:\Users\AYESHA RAHMAN\murf-livekit-starter\backend\.venv\Lib\site-packages\rich\console.py", line 2042, in _check_buffer
    self._write_buffer()
    ~~~~~~~~~~~~~~~~~~^^
  File "C:\Users\AYESHA RAHMAN\murf-livekit-starter\backend\.venv\Lib\site-packages\rich\console.py", line 2078, in _write_buffer
    legacy_windows_render(buffer, LegacyWindowsTerm(self.file))
    ~~~~~~~~~~~~~~~~~~~~~^^^^^^^^^^^^^^^^^^^^^^^^^^^^^^^^^^^^^^
  File "C:\Users\AYESHA RAHMAN\murf-livekit-starter\backend\.venv\Lib\site-packages\rich\_windows_renderer.py", line 17, in legacy_windows_render
    term.write_styled(text, style)
    ~~~~~~~~~~~~~~~~~^^^^^^^^^^^^^
  File "C:\Users\AYESHA RAHMAN\murf-livekit-starter\backend\.venv\Lib\site-packages\rich\_win32_console.py", line 441, in write_styled
    self.write_text(text)
    ~~~~~~~~~~~~~~~^^^^^^
  File "C:\Users\AYESHA RAHMAN\murf-livekit-starter\backend\.venv\Lib\site-packages\rich\_win32_console.py", line 402, in write_text
    self.write(text)
    ~~~~~~~~~~^^^^^^
  File "C:\Users\AYESHA RAHMAN\murf-livekit-starter\backend\.uv-python\cpython-3.13-windows-x86_64-none\Lib\encodings\cp1252.py", line 19, in encode
    return codecs.charmap_encode(input,self.errors,encoding_table)[0]
           ~~~~~~~~~~~~~~~~~~~~~^^^^^^^^^^^^^^^^^^^^^^^^^^^^^^^^^^
UnicodeEncodeError: 'charmap' codec can't encode character '\u20b9' in position 52: character maps to <undefined>
Call stack:
  File "C:\Users\AYESHA RAHMAN\murf-livekit-starter\backend\.uv-python\cpython-3.13-windows-x86_64-none\Lib\threading.py", line 1015, in _bootstrap
    self._bootstrap_inner()
  File "C:\Users\AYESHA RAHMAN\murf-livekit-starter\backend\.uv-python\cpython-3.13-windows-x86_64-none\Lib\threading.py", line 1044, in _bootstrap_inner
    self.run()
  File "C:\Users\AYESHA RAHMAN\murf-livekit-starter\backend\.uv-python\cpython-3.13-windows-x86_64-none\Lib\threading.py", line 995, in run
    self._target(*self._args, **self._kwargs)
  File "C:\Users\AYESHA RAHMAN\murf-livekit-starter\backend\.venv\Lib\site-packages\livekit\agents\ipc\job_proc_lazy_main.py", line 418, in thread_main
    client.run()
  File "C:\Users\AYESHA RAHMAN\murf-livekit-starter\backend\.venv\Lib\site-packages\livekit\agents\ipc\proc_client.py", line 70, in run
    loop.run_until_complete(self._task)
  File "C:\Users\AYESHA RAHMAN\murf-livekit-starter\backend\.uv-python\cpython-3.13-windows-x86_64-none\Lib\asyncio\base_events.py", line 712, in run_until_complete
    self.run_forever()
  File "C:\Users\AYESHA RAHMAN\murf-livekit-starter\backend\.uv-python\cpython-3.13-windows-x86_64-none\Lib\asyncio\base_events.py", line 683, in run_forever
    self._run_once()
  File "C:\Users\AYESHA RAHMAN\murf-livekit-starter\backend\.uv-python\cpython-3.13-windows-x86_64-none\Lib\asyncio\base_events.py", line 2060, in _run_once
    handle._run()
  File "C:\Users\AYESHA RAHMAN\murf-livekit-starter\backend\.uv-python\cpython-3.13-windows-x86_64-none\Lib\asyncio\events.py", line 89, in _run
    self._context.run(self._callback, *self._args)
  File "C:\Users\AYESHA RAHMAN\murf-livekit-starter\backend\.venv\Lib\site-packages\livekit\rtc\room.py", line 615, in _listen_task
    self._on_room_event(event.room_event)
  File "C:\Users\AYESHA RAHMAN\murf-livekit-starter\backend\.venv\Lib\site-packages\livekit\rtc\room.py", line 659, in _on_room_event
    self.emit("participant_disconnected", rparticipant)
  File "C:\Users\AYESHA RAHMAN\murf-livekit-starter\backend\.venv\Lib\site-packages\livekit\rtc\event_emitter.py", line 58, in emit
    callback(*callback_args)
  File "C:\Users\AYESHA RAHMAN\murf-livekit-starter\backend\.venv\Lib\site-packages\livekit\agents\voice\room_io\room_io.py", line 388, in _on_participant_disconnected
    logger.info(
  File "C:\Users\AYESHA RAHMAN\murf-livekit-starter\backend\.uv-python\cpython-3.13-windows-x86_64-none\Lib\logging\__init__.py", line 1520, in info
    self._log(INFO, msg, args, **kwargs)
  File "C:\Users\AYESHA RAHMAN\murf-livekit-starter\backend\.uv-python\cpython-3.13-windows-x86_64-none\Lib\logging\__init__.py", line 1665, in _log
    self.handle(record)
  File "C:\Users\AYESHA RAHMAN\murf-livekit-starter\backend\.uv-python\cpython-3.13-windows-x86_64-none\Lib\logging\__init__.py", line 1681, in handle
    self.callHandlers(record)
  File "C:\Users\AYESHA RAHMAN\murf-livekit-starter\backend\.uv-python\cpython-3.13-windows-x86_64-none\Lib\logging\__init__.py", line 1737, in callHandlers
    hdlr.handle(record)
  File "C:\Users\AYESHA RAHMAN\murf-livekit-starter\backend\.uv-python\cpython-3.13-windows-x86_64-none\Lib\logging\__init__.py", line 1027, in handle
    self.emit(record)
  File "C:\Users\AYESHA RAHMAN\murf-livekit-starter\backend\.venv\Lib\site-packages\livekit\agents\cli\cli.py", line 957, in emit
    self.handleError(record)
Message: 'closing agent session due to participant disconnect (disable via `RoomInputOptions.close_on_disconnect=False`)'
Arguments: ()
--- Logging error ---
Traceback (most recent call last):
  File "C:\Users\AYESHA RAHMAN\murf-livekit-starter\backend\.venv\Lib\site-packages\livekit\agents\cli\cli.py", line 944, in emit
    self.c.console.print(output)
    ~~~~~~~~~~~~~~~~~~~~^^^^^^^^
  File "C:\Users\AYESHA RAHMAN\murf-livekit-starter\backend\.venv\Lib\site-packages\rich\console.py", line 1697, in print
    with self:
         ^^^^
  File "C:\Users\AYESHA RAHMAN\murf-livekit-starter\backend\.venv\Lib\site-packages\rich\console.py", line 870, in __exit__
    self._exit_buffer()
    ~~~~~~~~~~~~~~~~~^^
  File "C:\Users\AYESHA RAHMAN\murf-livekit-starter\backend\.venv\Lib\site-packages\rich\console.py", line 826, in _exit_buffer
    self._check_buffer()
    ~~~~~~~~~~~~~~~~~~^^
  File "C:\Users\AYESHA RAHMAN\murf-livekit-starter\backend\.venv\Lib\site-packages\rich\console.py", line 2042, in _check_buffer
    self._write_buffer()
    ~~~~~~~~~~~~~~~~~~^^
  File "C:\Users\AYESHA RAHMAN\murf-livekit-starter\backend\.venv\Lib\site-packages\rich\console.py", line 2078, in _write_buffer
    legacy_windows_render(buffer, LegacyWindowsTerm(self.file))
    ~~~~~~~~~~~~~~~~~~~~~^^^^^^^^^^^^^^^^^^^^^^^^^^^^^^^^^^^^^^
  File "C:\Users\AYESHA RAHMAN\murf-livekit-starter\backend\.venv\Lib\site-packages\rich\_windows_renderer.py", line 17, in legacy_windows_render
    term.write_styled(text, style)
    ~~~~~~~~~~~~~~~~~^^^^^^^^^^^^^
  File "C:\Users\AYESHA RAHMAN\murf-livekit-starter\backend\.venv\Lib\site-packages\rich\_win32_console.py", line 441, in write_styled
    self.write_text(text)
    ~~~~~~~~~~~~~~~^^^^^^
  File "C:\Users\AYESHA RAHMAN\murf-livekit-starter\backend\.venv\Lib\site-packages\rich\_win32_console.py", line 402, in write_text
    self.write(text)
    ~~~~~~~~~~^^^^^^
  File "C:\Users\AYESHA RAHMAN\murf-livekit-starter\backend\.uv-python\cpython-3.13-windows-x86_64-none\Lib\encodings\cp1252.py", line 19, in encode
    return codecs.charmap_encode(input,self.errors,encoding_table)[0]
           ~~~~~~~~~~~~~~~~~~~~~^^^^^^^^^^^^^^^^^^^^^^^^^^^^^^^^^^
UnicodeEncodeError: 'charmap' codec can't encode character '\u20b9' in position 52: character maps to <undefined>
Call stack:
  File "C:\Users\AYESHA RAHMAN\murf-livekit-starter\backend\.uv-python\cpython-3.13-windows-x86_64-none\Lib\threading.py", line 1015, in _bootstrap
    self._bootstrap_inner()
  File "C:\Users\AYESHA RAHMAN\murf-livekit-starter\backend\.uv-python\cpython-3.13-windows-x86_64-none\Lib\threading.py", line 1044, in _bootstrap_inner
    self.run()
  File "C:\Users\AYESHA RAHMAN\murf-livekit-starter\backend\.uv-python\cpython-3.13-windows-x86_64-none\Lib\threading.py", line 995, in run
    self._target(*self._args, **self._kwargs)
  File "C:\Users\AYESHA RAHMAN\murf-livekit-starter\backend\.venv\Lib\site-packages\livekit\agents\ipc\job_proc_lazy_main.py", line 418, in thread_main
    client.run()
  File "C:\Users\AYESHA RAHMAN\murf-livekit-starter\backend\.venv\Lib\site-packages\livekit\agents\ipc\proc_client.py", line 70, in run
    loop.run_until_complete(self._task)
  File "C:\Users\AYESHA RAHMAN\murf-livekit-starter\backend\.uv-python\cpython-3.13-windows-x86_64-none\Lib\asyncio\base_events.py", line 712, in run_until_complete
    self.run_forever()
  File "C:\Users\AYESHA RAHMAN\murf-livekit-starter\backend\.uv-python\cpython-3.13-windows-x86_64-none\Lib\asyncio\base_events.py", line 683, in run_forever
    self._run_once()
  File "C:\Users\AYESHA RAHMAN\murf-livekit-starter\backend\.uv-python\cpython-3.13-windows-x86_64-none\Lib\asyncio\base_events.py", line 2060, in _run_once
    handle._run()
  File "C:\Users\AYESHA RAHMAN\murf-livekit-starter\backend\.uv-python\cpython-3.13-windows-x86_64-none\Lib\asyncio\events.py", line 89, in _run
    self._context.run(self._callback, *self._args)
  File "C:\Users\AYESHA RAHMAN\murf-livekit-starter\backend\.venv\Lib\site-packages\livekit\agents\voice\room_io\_input.py", line 326, in _forward_task
    await super()._forward_task(old_task, stream, publication, participant)
  File "C:\Users\AYESHA RAHMAN\murf-livekit-starter\backend\.venv\Lib\site-packages\livekit\agents\utils\log.py", line 17, in async_fn_logs
    return await fn(*args, **kwargs)
  File "C:\Users\AYESHA RAHMAN\murf-livekit-starter\backend\.venv\Lib\site-packages\livekit\agents\voice\room_io\_input.py", line 154, in _forward_task
    logger.debug("stream closed", extra=extra)
  File "C:\Users\AYESHA RAHMAN\murf-livekit-starter\backend\.uv-python\cpython-3.13-windows-x86_64-none\Lib\logging\__init__.py", line 1508, in debug
    self._log(DEBUG, msg, args, **kwargs)
  File "C:\Users\AYESHA RAHMAN\murf-livekit-starter\backend\.uv-python\cpython-3.13-windows-x86_64-none\Lib\logging\__init__.py", line 1665, in _log
    self.handle(record)
  File "C:\Users\AYESHA RAHMAN\murf-livekit-starter\backend\.uv-python\cpython-3.13-windows-x86_64-none\Lib\logging\__init__.py", line 1681, in handle
    self.callHandlers(record)
  File "C:\Users\AYESHA RAHMAN\murf-livekit-starter\backend\.uv-python\cpython-3.13-windows-x86_64-none\Lib\logging\__init__.py", line 1737, in callHandlers
    hdlr.handle(record)
  File "C:\Users\AYESHA RAHMAN\murf-livekit-starter\backend\.uv-python\cpython-3.13-windows-x86_64-none\Lib\logging\__init__.py", line 1027, in handle
    self.emit(record)
  File "C:\Users\AYESHA RAHMAN\murf-livekit-starter\backend\.venv\Lib\site-packages\livekit\agents\cli\cli.py", line 957, in emit
    self.handleError(record)
Message: 'stream closed'
Arguments: ()
--- Logging error ---
Traceback (most recent call last):
  File "C:\Users\AYESHA RAHMAN\murf-livekit-starter\backend\.venv\Lib\site-packages\livekit\agents\cli\cli.py", line 944, in emit
    self.c.console.print(output)
    ~~~~~~~~~~~~~~~~~~~~^^^^^^^^
  File "C:\Users\AYESHA RAHMAN\murf-livekit-starter\backend\.venv\Lib\site-packages\rich\console.py", line 1697, in print
    with self:
         ^^^^
  File "C:\Users\AYESHA RAHMAN\murf-livekit-starter\backend\.venv\Lib\site-packages\rich\console.py", line 870, in __exit__
    self._exit_buffer()
    ~~~~~~~~~~~~~~~~~^^
  File "C:\Users\AYESHA RAHMAN\murf-livekit-starter\backend\.venv\Lib\site-packages\rich\console.py", line 826, in _exit_buffer
    self._check_buffer()
    ~~~~~~~~~~~~~~~~~~^^
  File "C:\Users\AYESHA RAHMAN\murf-livekit-starter\backend\.venv\Lib\site-packages\rich\console.py", line 2042, in _check_buffer
    self._write_buffer()
    ~~~~~~~~~~~~~~~~~~^^
  File "C:\Users\AYESHA RAHMAN\murf-livekit-starter\backend\.venv\Lib\site-packages\rich\console.py", line 2078, in _write_buffer
    legacy_windows_render(buffer, LegacyWindowsTerm(self.file))
    ~~~~~~~~~~~~~~~~~~~~~^^^^^^^^^^^^^^^^^^^^^^^^^^^^^^^^^^^^^^
  File "C:\Users\AYESHA RAHMAN\murf-livekit-starter\backend\.venv\Lib\site-packages\rich\_windows_renderer.py", line 17, in legacy_windows_render
    term.write_styled(text, style)
    ~~~~~~~~~~~~~~~~~^^^^^^^^^^^^^
  File "C:\Users\AYESHA RAHMAN\murf-livekit-starter\backend\.venv\Lib\site-packages\rich\_win32_console.py", line 441, in write_styled
    self.write_text(text)
    ~~~~~~~~~~~~~~~^^^^^^
  File "C:\Users\AYESHA RAHMAN\murf-livekit-starter\backend\.venv\Lib\site-packages\rich\_win32_console.py", line 402, in write_text
    self.write(text)
    ~~~~~~~~~~^^^^^^
  File "C:\Users\AYESHA RAHMAN\murf-livekit-starter\backend\.uv-python\cpython-3.13-windows-x86_64-none\Lib\encodings\cp1252.py", line 19, in encode
    return codecs.charmap_encode(input,self.errors,encoding_table)[0]
           ~~~~~~~~~~~~~~~~~~~~~^^^^^^^^^^^^^^^^^^^^^^^^^^^^^^^^^^
UnicodeEncodeError: 'charmap' codec can't encode character '\u20b9' in position 52: character maps to <undefined>
Call stack:
  File "C:\Users\AYESHA RAHMAN\murf-livekit-starter\backend\.uv-python\cpython-3.13-windows-x86_64-none\Lib\threading.py", line 1015, in _bootstrap
    self._bootstrap_inner()
  File "C:\Users\AYESHA RAHMAN\murf-livekit-starter\backend\.uv-python\cpython-3.13-windows-x86_64-none\Lib\threading.py", line 1044, in _bootstrap_inner
    self.run()
  File "C:\Users\AYESHA RAHMAN\murf-livekit-starter\backend\.uv-python\cpython-3.13-windows-x86_64-none\Lib\threading.py", line 995, in run
    self._target(*self._args, **self._kwargs)
  File "C:\Users\AYESHA RAHMAN\murf-livekit-starter\backend\.venv\Lib\site-packages\livekit\agents\ipc\job_proc_lazy_main.py", line 418, in thread_main
    client.run()
  File "C:\Users\AYESHA RAHMAN\murf-livekit-starter\backend\.venv\Lib\site-packages\livekit\agents\ipc\proc_client.py", line 70, in run
    loop.run_until_complete(self._task)
  File "C:\Users\AYESHA RAHMAN\murf-livekit-starter\backend\.uv-python\cpython-3.13-windows-x86_64-none\Lib\asyncio\base_events.py", line 712, in run_until_complete
    self.run_forever()
  File "C:\Users\AYESHA RAHMAN\murf-livekit-starter\backend\.uv-python\cpython-3.13-windows-x86_64-none\Lib\asyncio\base_events.py", line 683, in run_forever
    self._run_once()
  File "C:\Users\AYESHA RAHMAN\murf-livekit-starter\backend\.uv-python\cpython-3.13-windows-x86_64-none\Lib\asyncio\base_events.py", line 2060, in _run_once
    handle._run()
  File "C:\Users\AYESHA RAHMAN\murf-livekit-starter\backend\.uv-python\cpython-3.13-windows-x86_64-none\Lib\asyncio\events.py", line 89, in _run
    self._context.run(self._callback, *self._args)
  File "C:\Users\AYESHA RAHMAN\murf-livekit-starter\backend\.venv\Lib\site-packages\livekit\agents\utils\log.py", line 17, in async_fn_logs
    return await fn(*args, **kwargs)
  File "C:\Users\AYESHA RAHMAN\murf-livekit-starter\backend\.venv\Lib\site-packages\livekit\agents\voice\agent_session.py", line 879, in _aclose_impl
    self.input.audio = None
  File "C:\Users\AYESHA RAHMAN\murf-livekit-starter\backend\.venv\Lib\site-packages\livekit\agents\voice\io.py", line 429, in audio
    self._audio_stream.on_detached()
  File "C:\Users\AYESHA RAHMAN\murf-livekit-starter\backend\.venv\Lib\site-packages\livekit\agents\voice\room_io\_input.py", line 83, in on_detached
    logger.debug(
  File "C:\Users\AYESHA RAHMAN\murf-livekit-starter\backend\.uv-python\cpython-3.13-windows-x86_64-none\Lib\logging\__init__.py", line 1508, in debug
    self._log(DEBUG, msg, args, **kwargs)
  File "C:\Users\AYESHA RAHMAN\murf-livekit-starter\backend\.uv-python\cpython-3.13-windows-x86_64-none\Lib\logging\__init__.py", line 1665, in _log
    self.handle(record)
  File "C:\Users\AYESHA RAHMAN\murf-livekit-starter\backend\.uv-python\cpython-3.13-windows-x86_64-none\Lib\logging\__init__.py", line 1681, in handle
    self.callHandlers(record)
  File "C:\Users\AYESHA RAHMAN\murf-livekit-starter\backend\.uv-python\cpython-3.13-windows-x86_64-none\Lib\logging\__init__.py", line 1737, in callHandlers
    hdlr.handle(record)
  File "C:\Users\AYESHA RAHMAN\murf-livekit-starter\backend\.uv-python\cpython-3.13-windows-x86_64-none\Lib\logging\__init__.py", line 1027, in handle
    self.emit(record)
  File "C:\Users\AYESHA RAHMAN\murf-livekit-starter\backend\.venv\Lib\site-packages\livekit\agents\cli\cli.py", line 957, in emit
    self.handleError(record)
Message: 'input stream detached'
Arguments: ()
--- Logging error ---
Traceback (most recent call last):
  File "C:\Users\AYESHA RAHMAN\murf-livekit-starter\backend\.venv\Lib\site-packages\livekit\agents\cli\cli.py", line 944, in emit
    self.c.console.print(output)
    ~~~~~~~~~~~~~~~~~~~~^^^^^^^^
  File "C:\Users\AYESHA RAHMAN\murf-livekit-starter\backend\.venv\Lib\site-packages\rich\console.py", line 1697, in print
    with self:
         ^^^^
  File "C:\Users\AYESHA RAHMAN\murf-livekit-starter\backend\.venv\Lib\site-packages\rich\console.py", line 870, in __exit__
    self._exit_buffer()
    ~~~~~~~~~~~~~~~~~^^
  File "C:\Users\AYESHA RAHMAN\murf-livekit-starter\backend\.venv\Lib\site-packages\rich\console.py", line 826, in _exit_buffer
    self._check_buffer()
    ~~~~~~~~~~~~~~~~~~^^
  File "C:\Users\AYESHA RAHMAN\murf-livekit-starter\backend\.venv\Lib\site-packages\rich\console.py", line 2042, in _check_buffer
    self._write_buffer()
    ~~~~~~~~~~~~~~~~~~^^
  File "C:\Users\AYESHA RAHMAN\murf-livekit-starter\backend\.venv\Lib\site-packages\rich\console.py", line 2078, in _write_buffer
    legacy_windows_render(buffer, LegacyWindowsTerm(self.file))
    ~~~~~~~~~~~~~~~~~~~~~^^^^^^^^^^^^^^^^^^^^^^^^^^^^^^^^^^^^^^
  File "C:\Users\AYESHA RAHMAN\murf-livekit-starter\backend\.venv\Lib\site-packages\rich\_windows_renderer.py", line 17, in legacy_windows_render
    term.write_styled(text, style)
    ~~~~~~~~~~~~~~~~~^^^^^^^^^^^^^
  File "C:\Users\AYESHA RAHMAN\murf-livekit-starter\backend\.venv\Lib\site-packages\rich\_win32_console.py", line 441, in write_styled
    self.write_text(text)
    ~~~~~~~~~~~~~~~^^^^^^
  File "C:\Users\AYESHA RAHMAN\murf-livekit-starter\backend\.venv\Lib\site-packages\rich\_win32_console.py", line 402, in write_text
    self.write(text)
    ~~~~~~~~~~^^^^^^
  File "C:\Users\AYESHA RAHMAN\murf-livekit-starter\backend\.uv-python\cpython-3.13-windows-x86_64-none\Lib\encodings\cp1252.py", line 19, in encode
    return codecs.charmap_encode(input,self.errors,encoding_table)[0]
           ~~~~~~~~~~~~~~~~~~~~~^^^^^^^^^^^^^^^^^^^^^^^^^^^^^^^^^^
UnicodeEncodeError: 'charmap' codec can't encode character '\u20b9' in position 52: character maps to <undefined>
Call stack:
  File "C:\Users\AYESHA RAHMAN\murf-livekit-starter\backend\.uv-python\cpython-3.13-windows-x86_64-none\Lib\threading.py", line 1015, in _bootstrap
    self._bootstrap_inner()
  File "C:\Users\AYESHA RAHMAN\murf-livekit-starter\backend\.uv-python\cpython-3.13-windows-x86_64-none\Lib\threading.py", line 1044, in _bootstrap_inner
    self.run()
  File "C:\Users\AYESHA RAHMAN\murf-livekit-starter\backend\.uv-python\cpython-3.13-windows-x86_64-none\Lib\threading.py", line 995, in run
    self._target(*self._args, **self._kwargs)
  File "C:\Users\AYESHA RAHMAN\murf-livekit-starter\backend\.venv\Lib\site-packages\livekit\agents\ipc\job_proc_lazy_main.py", line 418, in thread_main
    client.run()
  File "C:\Users\AYESHA RAHMAN\murf-livekit-starter\backend\.venv\Lib\site-packages\livekit\agents\ipc\proc_client.py", line 70, in run
    loop.run_until_complete(self._task)
  File "C:\Users\AYESHA RAHMAN\murf-livekit-starter\backend\.uv-python\cpython-3.13-windows-x86_64-none\Lib\asyncio\base_events.py", line 712, in run_until_complete
    self.run_forever()
  File "C:\Users\AYESHA RAHMAN\murf-livekit-starter\backend\.uv-python\cpython-3.13-windows-x86_64-none\Lib\asyncio\base_events.py", line 683, in run_forever
    self._run_once()
  File "C:\Users\AYESHA RAHMAN\murf-livekit-starter\backend\.uv-python\cpython-3.13-windows-x86_64-none\Lib\asyncio\base_events.py", line 2060, in _run_once
    handle._run()
  File "C:\Users\AYESHA RAHMAN\murf-livekit-starter\backend\.uv-python\cpython-3.13-windows-x86_64-none\Lib\asyncio\events.py", line 89, in _run
    self._context.run(self._callback, *self._args)
  File "C:\Users\AYESHA RAHMAN\murf-livekit-starter\backend\.venv\Lib\site-packages\livekit\agents\utils\log.py", line 17, in async_fn_logs
    return await fn(*args, **kwargs)
  File "C:\Users\AYESHA RAHMAN\murf-livekit-starter\backend\.venv\Lib\site-packages\livekit\agents\voice\agent_session.py", line 936, in _aclose_impl
    logger.debug("session closed", extra={"reason": reason.value, "error": error})
  File "C:\Users\AYESHA RAHMAN\murf-livekit-starter\backend\.uv-python\cpython-3.13-windows-x86_64-none\Lib\logging\__init__.py", line 1508, in debug
    self._log(DEBUG, msg, args, **kwargs)
  File "C:\Users\AYESHA RAHMAN\murf-livekit-starter\backend\.uv-python\cpython-3.13-windows-x86_64-none\Lib\logging\__init__.py", line 1665, in _log
    self.handle(record)
  File "C:\Users\AYESHA RAHMAN\murf-livekit-starter\backend\.uv-python\cpython-3.13-windows-x86_64-none\Lib\logging\__init__.py", line 1681, in handle
    self.callHandlers(record)
  File "C:\Users\AYESHA RAHMAN\murf-livekit-starter\backend\.uv-python\cpython-3.13-windows-x86_64-none\Lib\logging\__init__.py", line 1737, in callHandlers
    hdlr.handle(record)
  File "C:\Users\AYESHA RAHMAN\murf-livekit-starter\backend\.uv-python\cpython-3.13-windows-x86_64-none\Lib\logging\__init__.py", line 1027, in handle
    self.emit(record)
  File "C:\Users\AYESHA RAHMAN\murf-livekit-starter\backend\.venv\Lib\site-packages\livekit\agents\cli\cli.py", line 957, in emit
    self.handleError(record)
Message: 'session closed'
Arguments: ()
--- Logging error ---
Traceback (most recent call last):
  File "C:\Users\AYESHA RAHMAN\murf-livekit-starter\backend\.venv\Lib\site-packages\livekit\agents\cli\cli.py", line 944, in emit
    self.c.console.print(output)
    ~~~~~~~~~~~~~~~~~~~~^^^^^^^^
  File "C:\Users\AYESHA RAHMAN\murf-livekit-starter\backend\.venv\Lib\site-packages\rich\console.py", line 1697, in print
    with self:
         ^^^^
  File "C:\Users\AYESHA RAHMAN\murf-livekit-starter\backend\.venv\Lib\site-packages\rich\console.py", line 870, in __exit__
    self._exit_buffer()
    ~~~~~~~~~~~~~~~~~^^
  File "C:\Users\AYESHA RAHMAN\murf-livekit-starter\backend\.venv\Lib\site-packages\rich\console.py", line 826, in _exit_buffer
    self._check_buffer()
    ~~~~~~~~~~~~~~~~~~^^
  File "C:\Users\AYESHA RAHMAN\murf-livekit-starter\backend\.venv\Lib\site-packages\rich\console.py", line 2042, in _check_buffer
    self._write_buffer()
    ~~~~~~~~~~~~~~~~~~^^
  File "C:\Users\AYESHA RAHMAN\murf-livekit-starter\backend\.venv\Lib\site-packages\rich\console.py", line 2078, in _write_buffer
    legacy_windows_render(buffer, LegacyWindowsTerm(self.file))
    ~~~~~~~~~~~~~~~~~~~~~^^^^^^^^^^^^^^^^^^^^^^^^^^^^^^^^^^^^^^
  File "C:\Users\AYESHA RAHMAN\murf-livekit-starter\backend\.venv\Lib\site-packages\rich\_windows_renderer.py", line 17, in legacy_windows_render
    term.write_styled(text, style)
    ~~~~~~~~~~~~~~~~~^^^^^^^^^^^^^
  File "C:\Users\AYESHA RAHMAN\murf-livekit-starter\backend\.venv\Lib\site-packages\rich\_win32_console.py", line 441, in write_styled
    self.write_text(text)
    ~~~~~~~~~~~~~~~^^^^^^
  File "C:\Users\AYESHA RAHMAN\murf-livekit-starter\backend\.venv\Lib\site-packages\rich\_win32_console.py", line 402, in write_text
    self.write(text)
    ~~~~~~~~~~^^^^^^
  File "C:\Users\AYESHA RAHMAN\murf-livekit-starter\backend\.uv-python\cpython-3.13-windows-x86_64-none\Lib\encodings\cp1252.py", line 19, in encode
    return codecs.charmap_encode(input,self.errors,encoding_table)[0]
           ~~~~~~~~~~~~~~~~~~~~~^^^^^^^^^^^^^^^^^^^^^^^^^^^^^^^^^^
UnicodeEncodeError: 'charmap' codec can't encode character '\u20b9' in position 52: character maps to <undefined>
Call stack:
  File "C:\Users\AYESHA RAHMAN\murf-livekit-starter\backend\.uv-python\cpython-3.13-windows-x86_64-none\Lib\threading.py", line 1015, in _bootstrap
    self._bootstrap_inner()
  File "C:\Users\AYESHA RAHMAN\murf-livekit-starter\backend\.uv-python\cpython-3.13-windows-x86_64-none\Lib\threading.py", line 1044, in _bootstrap_inner
    self.run()
  File "C:\Users\AYESHA RAHMAN\murf-livekit-starter\backend\.uv-python\cpython-3.13-windows-x86_64-none\Lib\threading.py", line 995, in run
    self._target(*self._args, **self._kwargs)
  File "C:\Users\AYESHA RAHMAN\murf-livekit-starter\backend\.venv\Lib\site-packages\livekit\agents\ipc\job_proc_lazy_main.py", line 418, in thread_main
    client.run()
  File "C:\Users\AYESHA RAHMAN\murf-livekit-starter\backend\.venv\Lib\site-packages\livekit\agents\ipc\proc_client.py", line 70, in run
    loop.run_until_complete(self._task)
  File "C:\Users\AYESHA RAHMAN\murf-livekit-starter\backend\.uv-python\cpython-3.13-windows-x86_64-none\Lib\asyncio\base_events.py", line 712, in run_until_complete
    self.run_forever()
  File "C:\Users\AYESHA RAHMAN\murf-livekit-starter\backend\.uv-python\cpython-3.13-windows-x86_64-none\Lib\asyncio\base_events.py", line 683, in run_forever
    self._run_once()
  File "C:\Users\AYESHA RAHMAN\murf-livekit-starter\backend\.uv-python\cpython-3.13-windows-x86_64-none\Lib\asyncio\base_events.py", line 2060, in _run_once
    handle._run()
  File "C:\Users\AYESHA RAHMAN\murf-livekit-starter\backend\.uv-python\cpython-3.13-windows-x86_64-none\Lib\asyncio\events.py", line 89, in _run
    self._context.run(self._callback, *self._args)
  File "C:\Users\AYESHA RAHMAN\murf-livekit-starter\backend\.venv\Lib\site-packages\livekit\agents\utils\log.py", line 17, in async_fn_logs
    return await fn(*args, **kwargs)
  File "C:\Users\AYESHA RAHMAN\murf-livekit-starter\backend\.venv\Lib\site-packages\livekit\agents\ipc\job_proc_lazy_main.py", line 363, in _run_job_task
    logger.debug(
  File "C:\Users\AYESHA RAHMAN\murf-livekit-starter\backend\.uv-python\cpython-3.13-windows-x86_64-none\Lib\logging\__init__.py", line 1508, in debug
    self._log(DEBUG, msg, args, **kwargs)
  File "C:\Users\AYESHA RAHMAN\murf-livekit-starter\backend\.uv-python\cpython-3.13-windows-x86_64-none\Lib\logging\__init__.py", line 1665, in _log
    self.handle(record)
  File "C:\Users\AYESHA RAHMAN\murf-livekit-starter\backend\.uv-python\cpython-3.13-windows-x86_64-none\Lib\logging\__init__.py", line 1681, in handle
    self.callHandlers(record)
  File "C:\Users\AYESHA RAHMAN\murf-livekit-starter\backend\.uv-python\cpython-3.13-windows-x86_64-none\Lib\logging\__init__.py", line 1737, in callHandlers
    hdlr.handle(record)
  File "C:\Users\AYESHA RAHMAN\murf-livekit-starter\backend\.uv-python\cpython-3.13-windows-x86_64-none\Lib\logging\__init__.py", line 1027, in handle
    self.emit(record)
  File "C:\Users\AYESHA RAHMAN\murf-livekit-starter\backend\.venv\Lib\site-packages\livekit\agents\cli\cli.py", line 957, in emit
    self.handleError(record)
Message: 'shutting down job task'
Arguments: ()
--- Logging error ---
Traceback (most recent call last):
  File "C:\Users\AYESHA RAHMAN\murf-livekit-starter\backend\.venv\Lib\site-packages\livekit\agents\cli\cli.py", line 944, in emit
    self.c.console.print(output)
    ~~~~~~~~~~~~~~~~~~~~^^^^^^^^
  File "C:\Users\AYESHA RAHMAN\murf-livekit-starter\backend\.venv\Lib\site-packages\rich\console.py", line 1697, in print
    with self:
         ^^^^
  File "C:\Users\AYESHA RAHMAN\murf-livekit-starter\backend\.venv\Lib\site-packages\rich\console.py", line 870, in __exit__
    self._exit_buffer()
    ~~~~~~~~~~~~~~~~~^^
  File "C:\Users\AYESHA RAHMAN\murf-livekit-starter\backend\.venv\Lib\site-packages\rich\console.py", line 826, in _exit_buffer
    self._check_buffer()
    ~~~~~~~~~~~~~~~~~~^^
  File "C:\Users\AYESHA RAHMAN\murf-livekit-starter\backend\.venv\Lib\site-packages\rich\console.py", line 2042, in _check_buffer
    self._write_buffer()
    ~~~~~~~~~~~~~~~~~~^^
  File "C:\Users\AYESHA RAHMAN\murf-livekit-starter\backend\.venv\Lib\site-packages\rich\console.py", line 2078, in _write_buffer
    legacy_windows_render(buffer, LegacyWindowsTerm(self.file))
    ~~~~~~~~~~~~~~~~~~~~~^^^^^^^^^^^^^^^^^^^^^^^^^^^^^^^^^^^^^^
  File "C:\Users\AYESHA RAHMAN\murf-livekit-starter\backend\.venv\Lib\site-packages\rich\_windows_renderer.py", line 17, in legacy_windows_render
    term.write_styled(text, style)
    ~~~~~~~~~~~~~~~~~^^^^^^^^^^^^^
  File "C:\Users\AYESHA RAHMAN\murf-livekit-starter\backend\.venv\Lib\site-packages\rich\_win32_console.py", line 441, in write_styled
    self.write_text(text)
    ~~~~~~~~~~~~~~~^^^^^^
  File "C:\Users\AYESHA RAHMAN\murf-livekit-starter\backend\.venv\Lib\site-packages\rich\_win32_console.py", line 402, in write_text
    self.write(text)
    ~~~~~~~~~~^^^^^^
  File "C:\Users\AYESHA RAHMAN\murf-livekit-starter\backend\.uv-python\cpython-3.13-windows-x86_64-none\Lib\encodings\cp1252.py", line 19, in encode
    return codecs.charmap_encode(input,self.errors,encoding_table)[0]
           ~~~~~~~~~~~~~~~~~~~~~^^^^^^^^^^^^^^^^^^^^^^^^^^^^^^^^^^
UnicodeEncodeError: 'charmap' codec can't encode character '\u20b9' in position 52: character maps to <undefined>
Call stack:
  File "C:\Users\AYESHA RAHMAN\murf-livekit-starter\backend\.uv-python\cpython-3.13-windows-x86_64-none\Lib\threading.py", line 1015, in _bootstrap
    self._bootstrap_inner()
  File "C:\Users\AYESHA RAHMAN\murf-livekit-starter\backend\.uv-python\cpython-3.13-windows-x86_64-none\Lib\threading.py", line 1044, in _bootstrap_inner
    self.run()
  File "C:\Users\AYESHA RAHMAN\murf-livekit-starter\backend\.uv-python\cpython-3.13-windows-x86_64-none\Lib\threading.py", line 995, in run
    self._target(*self._args, **self._kwargs)
  File "C:\Users\AYESHA RAHMAN\murf-livekit-starter\backend\.venv\Lib\site-packages\livekit\agents\ipc\job_proc_lazy_main.py", line 418, in thread_main
    client.run()
  File "C:\Users\AYESHA RAHMAN\murf-livekit-starter\backend\.venv\Lib\site-packages\livekit\agents\ipc\proc_client.py", line 70, in run
    loop.run_until_complete(self._task)
  File "C:\Users\AYESHA RAHMAN\murf-livekit-starter\backend\.uv-python\cpython-3.13-windows-x86_64-none\Lib\asyncio\base_events.py", line 712, in run_until_complete
    self.run_forever()
  File "C:\Users\AYESHA RAHMAN\murf-livekit-starter\backend\.uv-python\cpython-3.13-windows-x86_64-none\Lib\asyncio\base_events.py", line 683, in run_forever
    self._run_once()
  File "C:\Users\AYESHA RAHMAN\murf-livekit-starter\backend\.uv-python\cpython-3.13-windows-x86_64-none\Lib\asyncio\base_events.py", line 2060, in _run_once
    handle._run()
  File "C:\Users\AYESHA RAHMAN\murf-livekit-starter\backend\.uv-python\cpython-3.13-windows-x86_64-none\Lib\asyncio\events.py", line 89, in _run
    self._context.run(self._callback, *self._args)
  File "C:\Users\AYESHA RAHMAN\murf-livekit-starter\backend\.venv\Lib\site-packages\livekit\agents\utils\log.py", line 17, in async_fn_logs
    return await fn(*args, **kwargs)
  File "C:\Users\AYESHA RAHMAN\murf-livekit-starter\backend\.venv\Lib\site-packages\livekit\agents\ipc\job_proc_lazy_main.py", line 387, in _run_job_task
    await http_context._close_http_ctx()
  File "C:\Users\AYESHA RAHMAN\murf-livekit-starter\backend\.venv\Lib\site-packages\livekit\agents\utils\http_context.py", line 57, in _close_http_ctx
    logger.debug("http_session(): closing the httpclient ctx")
  File "C:\Users\AYESHA RAHMAN\murf-livekit-starter\backend\.uv-python\cpython-3.13-windows-x86_64-none\Lib\logging\__init__.py", line 1508, in debug
    self._log(DEBUG, msg, args, **kwargs)
  File "C:\Users\AYESHA RAHMAN\murf-livekit-starter\backend\.uv-python\cpython-3.13-windows-x86_64-none\Lib\logging\__init__.py", line 1665, in _log
    self.handle(record)
  File "C:\Users\AYESHA RAHMAN\murf-livekit-starter\backend\.uv-python\cpython-3.13-windows-x86_64-none\Lib\logging\__init__.py", line 1681, in handle
    self.callHandlers(record)
  File "C:\Users\AYESHA RAHMAN\murf-livekit-starter\backend\.uv-python\cpython-3.13-windows-x86_64-none\Lib\logging\__init__.py", line 1737, in callHandlers
    hdlr.handle(record)
  File "C:\Users\AYESHA RAHMAN\murf-livekit-starter\backend\.uv-python\cpython-3.13-windows-x86_64-none\Lib\logging\__init__.py", line 1027, in handle
    self.emit(record)
  File "C:\Users\AYESHA RAHMAN\murf-livekit-starter\backend\.venv\Lib\site-packages\livekit\agents\cli\cli.py", line 957, in emit
    self.handleError(record)
Message: 'http_session(): closing the httpclient ctx'
Arguments: ()
